time,open,close,high,low,chg,chgp,vol,bollUpper,bollMiddle,bollLower,slowK,slowD,slowJ,td9,eneUpper,eneLower
2012-08-31,827.78,824.86,831.04,823.62,-6.0,-0.72,584.42,0.0,0.0,0.0,0.0,0.0,0.0,2,0.0,0.0
2012-09-03,822.03,825.86,830.13,820.35,1.0,0.12,842.46,0.0,0.0,0.0,0.0,0.0,0.0,2,0.0,0.0
2012-09-04,825.55,816.66,826.9,814.81,-9.2,-1.11,789.41,0.0,0.0,0.0,0.0,0.0,0.0,2,0.0,0.0
2012-09-05,815.03,811.72,816.09,807.55,-4.95,-0.61,965.92,0.0,0.0,0.0,0.0,0.0,0.0,2,0.0,0.0
2012-09-06,814.27,820.14,820.78,812.84,8.43,1.04,892.0,0.0,0.0,0.0,0.0,0.0,0.0,2,0.0,0.0
2012-09-07,824.96,855.29,863.22,824.96,35.15,4.29,2264.89,0.0,0.0,0.0,0.0,0.0,0.0,2,0.0,0.0
2012-09-10,854.76,855.15,857.59,849.56,-0.14,-0.02,1107.27,0.0,0.0,0.0,0.0,0.0,0.0,2,0.0,0.0
2012-09-11,851.54,848.46,851.54,842.72,-6.69,-0.78,711.65,0.0,0.0,0.0,0.0,0.0,0.0,2,0.0,0.0
2012-09-12,853.42,851.54,858.3,844.7,3.08,0.36,939.34,0.0,0.0,0.0,0.0,0.0,0.0,2,0.0,0.0
2012-09-13,851.66,844.75,853.9,844.45,-6.79,-0.8,718.22,0.0,0.0,0.0,0.0,0.0,0.0,2,927.34,743.54
2012-09-14,854.2,852.8,858.7,847.73,8.05,0.95,1086.48,0.0,0.0,0.0,0.0,0.0,0.0,2,930.44,746.03
2012-09-17,851.68,834.5,852.35,833.84,-18.3,-2.15,782.71,0.0,0.0,0.0,0.0,0.0,0.0,2,931.4,746.8
2012-09-18,830.78,822.7,830.78,820.79,-11.8,-1.41,613.85,0.0,0.0,0.0,0.0,0.0,0.0,2,932.07,747.34
2012-09-19,823.7,826.62,827.94,821.1,3.92,0.48,614.02,0.0,0.0,0.0,0.0,0.0,0.0,2,933.73,748.66
2012-09-20,823.78,808.95,823.78,808.22,-17.67,-2.14,813.43,0.0,0.0,0.0,0.0,0.0,0.0,2,932.48,747.67
2012-09-21,807.35,813.58,820.05,807.03,4.63,0.57,696.08,0.0,0.0,0.0,0.0,0.0,0.0,2,927.85,743.96
2012-09-24,808.99,816.81,820.84,801.57,3.23,0.4,738.23,0.0,0.0,0.0,24.94,36.34,2.13,2,923.6,740.54
2012-09-25,814.3,812.38,817.54,809.1,-4.44,-0.54,494.06,0.0,0.0,0.0,22.93,31.87,5.05,1,919.59,737.33
2012-09-26,811.53,805.88,813.81,804.18,-6.5,-0.8,473.32,0.0,0.0,0.0,17.8,27.18,-0.96,1,914.53,733.27
2012-09-27,805.93,830.33,836.23,805.83,24.45,3.03,1077.71,861.53,828.95,796.36,30.75,28.37,35.5,2,912.93,731.98
2012-09-28,825.03,846.15,848.16,824.79,15.82,1.91,1298.45,863.38,830.01,796.65,52.39,36.38,84.42,2,912.19,731.39
2012-10-08,847.01,841.15,853.24,836.21,-5.0,-0.59,778.41,864.43,830.78,797.13,60.46,44.41,92.57,2,912.93,731.98
2012-10-09,846.03,857.14,860.53,845.82,15.99,1.9,1036.23,867.66,832.8,797.95,71.73,53.51,108.15,2,916.75,735.05
2012-10-10,854.96,857.43,858.45,850.42,0.29,0.03,658.54,870.11,835.09,800.07,79.4,62.14,113.91,2,920.17,737.79
2012-10-11,854.92,851.83,856.85,850.76,-5.6,-0.65,833.27,871.71,836.67,801.63,81.35,68.54,106.95,2,924.93,741.61
2012-10-12,854.31,854.9,861.78,849.18,3.07,0.36,806.47,871.65,836.65,801.65,83.58,73.56,103.64,2,929.51,745.29
2012-10-15,854.94,849.99,854.96,845.13,-4.91,-0.57,545.69,870.92,836.39,801.87,82.23,76.45,93.8,2,933.2,748.24
2012-10-16,849.37,847.68,855.28,845.8,-2.3,-0.27,612.47,870.82,836.36,801.89,79.75,77.55,84.16,2,937.12,751.38
2012-10-17,851.2,849.39,852.85,842.47,1.71,0.2,742.82,870.54,836.25,801.96,75.34,76.81,72.39,2,941.94,755.25
2012-10-18,851.25,860.97,862.84,851.01,11.58,1.36,954.69,872.85,837.06,801.27,81.22,78.28,87.09,2,945.35,757.98
2012-10-19,860.48,858.05,861.89,856.35,-2.92,-0.34,678.73,873.64,837.32,801.0,79.64,78.73,81.45,2,946.67,759.04
2012-10-22,853.68,858.75,861.5,850.57,0.7,0.08,683.06,876.0,838.53,801.07,79.73,79.07,81.07,2,948.62,760.61
2012-10-23,858.61,851.54,860.94,850.89,-7.21,-0.84,643.17,877.11,839.98,802.84,68.0,75.38,53.24,2,948.0,760.11
2012-10-24,848.45,851.78,855.54,847.5,0.24,0.03,649.06,878.18,841.23,804.29,60.57,70.44,40.82,2,947.37,759.6
2012-10-25,851.2,847.22,860.26,846.42,-4.57,-0.54,848.03,877.04,843.15,809.25,48.15,63.01,18.43,2,946.86,759.19
2012-10-26,846.5,831.25,847.41,827.49,-15.97,-1.88,840.45,875.64,844.03,812.42,35.65,53.89,-0.84,2,944.23,757.09
2012-10-29,828.12,824.88,829.41,822.0,-6.37,-0.77,617.32,874.83,844.43,814.04,26.11,44.63,-10.92,2,941.45,754.85
2012-10-30,825.35,827.45,832.85,822.41,2.57,0.31,679.27,873.0,845.19,817.37,21.86,37.04,-8.51,2,939.2,753.05
2012-10-31,827.71,834.78,835.37,826.38,7.33,0.89,796.93,868.5,846.63,824.77,25.25,33.11,9.53,2,937.58,751.75
2012-11-01,835.62,849.26,851.91,835.4,14.47,1.73,1164.25,868.14,847.58,827.02,39.84,35.35,48.81,2,936.28,750.71
2012-11-02,849.46,852.54,853.84,845.01,3.28,0.39,852.43,868.56,847.9,827.24,52.7,41.14,75.83,2,935.67,750.22
2012-11-05,851.53,853.63,858.24,849.76,1.1,0.13,834.08,869.08,848.52,827.96,62.69,48.32,91.43,2,935.1,749.77
2012-11-06,854.07,849.78,855.42,838.25,-3.86,-0.45,782.17,868.34,848.16,827.97,66.0,54.21,89.57,2,934.91,749.61
2012-11-07,848.73,849.69,854.63,844.86,-0.08,-0.01,711.83,867.52,847.77,828.01,69.47,59.3,89.81,2,934.67,749.42
2012-11-08,844.0,836.0,845.89,835.84,-13.7,-1.61,726.55,867.28,846.98,826.67,59.19,59.26,59.04,2,933.43,748.42
2012-11-09,834.7,836.67,839.56,833.15,0.67,0.08,700.47,866.5,846.06,825.63,52.73,57.08,44.01,2,934.03,748.91
2012-11-12,837.53,843.64,843.88,836.49,6.97,0.83,895.97,866.13,845.75,825.37,53.21,55.79,48.04,2,936.11,750.58
2012-11-13,843.69,831.16,843.69,829.95,-12.48,-1.48,736.0,866.24,844.92,823.61,36.9,49.49,11.71,2,936.52,750.91
2012-11-14,831.75,836.11,837.23,829.97,4.96,0.6,658.94,865.8,844.26,822.71,31.86,43.61,8.34,2,936.67,751.02
2012-11-15,832.3,824.81,833.36,824.06,-11.3,-1.35,648.71,864.15,842.45,820.75,21.97,36.4,-6.89,2,933.96,748.85
2012-11-16,823.81,820.55,824.58,815.65,-4.26,-0.52,706.8,863.02,840.57,818.12,18.75,30.52,-4.78,2,930.41,746.0
2012-11-19,819.64,823.7,824.0,815.43,3.15,0.38,642.45,860.79,838.82,816.85,19.53,26.86,4.89,2,927.08,743.34
2012-11-20,825.57,818.25,826.94,817.03,-5.45,-0.66,530.58,860.04,837.16,814.27,16.11,23.27,1.78,2,923.58,740.53
2012-11-21,818.0,828.69,828.76,814.85,10.43,1.28,575.33,858.14,836.0,813.87,26.63,24.39,31.11,2,921.25,738.66
2012-11-22,825.77,824.1,826.34,820.95,-4.58,-0.55,454.82,856.93,834.85,812.76,28.38,25.72,33.68,2,919.93,737.6
2012-11-23,827.98,832.03,835.51,825.43,7.93,0.96,720.62,856.95,834.89,812.82,38.77,30.07,56.18,2,919.42,737.19
2012-11-26,829.76,827.96,831.67,825.81,-4.07,-0.49,501.39,856.87,835.04,813.21,45.38,35.17,65.78,2,917.68,735.8
2012-11-27,826.89,818.93,829.17,818.86,-9.03,-1.09,806.22,857.33,834.61,811.9,36.83,35.73,39.05,2,916.32,734.71
2012-11-28,815.83,811.87,817.33,810.16,-7.06,-0.86,731.85,858.25,833.47,808.69,26.8,32.75,14.91,2,913.63,732.55
2012-11-29,812.22,811.36,816.04,810.33,-0.51,-0.06,706.93,857.02,831.57,806.12,19.45,28.32,1.71,2,912.14,731.35
2012-11-30,811.49,823.77,824.83,811.49,12.41,1.53,916.94,853.88,830.14,806.39,30.86,29.17,34.25,2,912.49,731.64
2012-12-03,822.99,819.72,828.03,819.3,-4.06,-0.49,1107.73,849.97,828.44,806.91,33.14,30.49,38.45,2,912.05,731.28
2012-12-04,818.46,825.48,826.77,816.45,5.77,0.7,923.82,846.41,827.22,808.03,42.24,34.41,57.91,2,912.85,731.93
2012-12-05,825.18,851.53,854.94,823.65,26.05,3.16,2362.68,846.95,827.32,807.68,58.96,42.59,91.69,2,915.39,733.96
2012-12-06,850.64,849.6,854.47,846.01,-1.93,-0.23,1240.11,849.63,828.0,806.37,68.66,51.28,103.42,2,918.22,736.23
2012-12-07,850.18,865.0,866.08,848.3,15.4,1.81,1973.59,856.22,829.41,802.61,78.46,60.34,114.71,2,921.88,739.16
2012-12-10,867.56,873.75,875.35,867.56,8.75,1.01,2022.17,863.51,830.92,798.33,84.82,68.5,117.47,2,926.96,743.24
2012-12-11,871.24,867.2,873.86,865.1,-6.55,-0.75,1310.64,868.95,832.72,796.49,85.7,74.24,108.64,2,932.32,747.54
2012-12-12,866.65,869.56,872.36,863.47,2.36,0.27,1282.21,874.02,834.39,794.76,87.45,78.64,105.06,2,938.72,752.67
2012-12-13,866.93,860.43,868.64,859.92,-9.13,-1.05,1152.64,877.1,836.17,795.25,83.19,80.16,89.25,2,944.17,757.04
2012-12-14,862.4,901.12,901.74,862.4,40.7,4.73,3104.82,889.24,840.2,791.16,88.55,82.95,99.74,2,952.76,763.92
2012-12-17,902.99,908.79,914.74,902.97,7.67,0.85,2362.98,901.19,844.46,787.72,90.19,85.37,99.84,2,962.64,771.85
2012-12-18,906.41,910.49,920.31,901.39,1.7,0.19,2166.91,911.27,849.07,786.87,89.05,86.6,93.97,2,972.08,779.41
2012-12-19,909.5,909.14,915.28,906.5,-1.35,-0.15,1472.47,919.74,853.09,786.44,87.53,86.91,88.78,2,978.47,784.54
2012-12-20,906.42,916.74,918.61,902.45,7.6,0.84,1567.8,928.42,857.72,787.02,89.72,87.84,93.46,2,985.93,790.52
2012-12-21,917.54,913.05,931.2,911.69,-3.7,-0.4,1630.34,935.35,861.77,788.2,84.66,86.78,80.41,2,991.26,794.79
2012-12-24,912.35,914.9,921.72,912.21,1.86,0.2,1254.55,941.44,866.12,790.8,82.15,85.24,75.97,2,995.83,798.46
2012-12-25,912.72,938.55,942.16,909.85,23.65,2.58,2198.61,950.42,872.1,793.78,86.64,85.7,88.5,2,1003.75,804.81
2012-12-26,937.27,938.86,940.29,933.8,0.31,0.03,1525.94,956.8,878.45,800.1,89.71,87.04,95.06,0,1011.44,810.97
2012-12-27,941.29,934.45,946.28,933.84,-4.41,-0.47,1652.84,960.2,884.61,809.02,84.36,86.15,80.78,0,1019.66,817.56
2012-12-28,935.84,944.12,945.26,934.02,9.67,1.03,1409.68,965.04,890.62,816.21,87.97,86.75,90.4,0,1024.43,821.39
2012-12-31,945.45,959.55,959.95,945.45,15.43,1.63,2022.2,970.32,897.62,824.91,91.75,88.42,98.4,0,1030.06,825.91
2013-01-04,971.05,966.72,973.83,957.56,7.17,0.75,2834.54,975.4,904.68,833.96,91.18,89.34,94.86,0,1036.3,830.91
2013-01-07,964.89,969.68,975.05,962.87,2.96,0.31,1992.58,982.29,910.59,838.88,91.37,90.02,94.09,0,1043.02,836.3
2013-01-08,969.34,961.85,970.02,953.64,-7.82,-0.81,1707.4,985.46,916.2,846.93,87.5,89.18,84.15,0,1048.03,840.31
2013-01-09,959.15,959.99,963.25,952.12,-1.86,-0.19,1548.14,988.52,920.95,853.37,83.97,87.44,77.02,0,1053.24,844.49
2013-01-10,960.3,961.85,969.76,954.32,1.86,0.19,1688.05,991.52,925.35,859.18,78.64,84.51,66.92,2,1058.45,848.67
2013-01-11,963.08,944.81,965.73,941.14,-17.04,-1.77,1709.51,990.2,929.23,868.26,61.3,76.77,30.36,2,1059.15,849.23
2013-01-14,942.53,977.4,980.51,942.45,32.59,3.45,2242.4,992.53,934.62,876.72,71.97,75.17,65.57,2,1063.43,852.66
2013-01-15,978.45,984.68,988.23,977.83,7.28,0.74,1936.75,991.81,940.84,889.86,78.8,76.38,83.64,2,1069.0,857.13
2013-01-16,984.4,977.11,987.84,964.65,-7.57,-0.77,1886.11,994.52,944.64,894.75,78.0,76.92,80.15,2,1072.66,860.06
2013-01-17,976.16,966.69,977.95,963.44,-10.42,-1.07,1643.81,995.44,947.53,899.62,70.08,74.64,60.97,2,1073.46,860.7
2013-01-18,973.93,984.98,988.48,970.12,18.29,1.89,1953.37,998.65,951.26,903.87,77.59,75.62,81.52,2,1075.48,862.32
2013-01-21,987.06,990.61,990.87,978.34,5.63,0.57,2047.18,1001.53,955.33,909.13,84.89,78.71,97.24,2,1077.81,864.19
2013-01-22,990.64,982.09,991.78,976.49,-8.52,-0.86,2462.4,1002.61,958.6,914.58,83.55,80.32,89.99,2,1080.05,865.99
2013-01-23,980.31,984.41,987.33,973.1,2.32,0.24,1699.26,1002.22,962.17,922.11,84.18,81.61,89.32,2,1082.76,868.16
2013-01-24,983.84,974.22,1003.4,967.51,-10.19,-1.04,2625.55,999.07,965.13,931.19,73.49,78.9,62.68,2,1084.14,869.26
2013-01-25,975.37,976.49,980.82,973.21,2.28,0.23,1317.46,998.99,967.03,935.06,59.88,72.56,34.52,2,1087.65,872.08
2013-01-28,978.33,1002.09,1002.22,978.11,25.59,2.62,2307.44,1002.88,970.19,937.49,72.16,72.43,71.63,2,1090.39,874.28
2013-01-29,1003.25,1005.04,1007.87,996.8,2.96,0.3,2436.42,1005.45,973.72,941.99,79.32,74.73,88.5,2,1092.65,876.09
2013-01-30,1005.93,1006.08,1007.12,996.57,1.04,0.1,2287.98,1008.48,976.82,945.16,84.73,78.06,98.08,2,1095.87,878.67
2013-01-31,1006.92,1010.38,1012.04,1005.35,4.31,0.43,2322.42,1013.16,979.36,945.56,88.58,81.57,102.6,2,1100.72,882.56
2013-02-01,1006.88,1021.55,1022.19,1002.57,11.16,1.1,2630.31,1020.0,982.1,944.2,92.0,85.04,105.9,2,1104.78,885.81
2013-02-04,1024.92,1032.71,1034.21,1018.8,11.16,1.09,3162.08,1028.59,985.25,941.92,93.91,88.0,105.74,2,1109.45,889.56
2013-02-05,1025.29,1043.34,1045.69,1023.82,10.63,1.03,3480.24,1038.08,989.33,940.57,94.94,90.31,104.19,2,1116.25,895.01
2013-02-06,1042.61,1036.48,1043.77,1034.89,-6.86,-0.66,2173.16,1044.05,993.15,942.25,92.39,91.01,95.16,2,1122.03,899.65
2013-02-07,1034.51,1029.08,1037.33,1019.24,-7.41,-0.71,2635.31,1047.58,996.51,945.44,86.74,89.58,81.04,0,1128.12,904.53
2013-02-08,1028.79,1033.49,1040.59,1027.07,4.41,0.43,2271.45,1048.57,1000.95,953.32,82.88,87.35,73.94,0,1134.45,909.6
2013-02-18,1037.82,1025.09,1039.6,1020.29,-8.4,-0.81,1980.7,1050.78,1003.33,955.88,74.61,83.1,57.62,2,1137.0,911.65
2013-02-19,1025.24,1008.92,1027.96,1004.05,-16.17,-1.58,1806.33,1051.25,1004.54,957.83,54.65,73.62,16.71,2,1137.43,911.99
2013-02-20,1009.84,1012.06,1012.37,1001.7,3.14,0.31,1882.57,1051.35,1006.29,961.23,44.28,63.84,5.17,2,1138.09,912.53
2013-02-21,1002.09,974.37,1002.09,966.16,-37.69,-3.72,2925.59,1050.49,1006.67,962.85,32.96,53.55,-8.21,2,1134.1,909.32
2013-02-22,973.29,969.65,976.11,967.48,-4.71,-0.48,1632.91,1051.71,1005.91,960.11,23.44,43.51,-16.71,2,1128.34,904.7
2013-02-25,972.83,971.34,981.16,966.83,1.68,0.17,1372.71,1052.76,1004.94,957.13,17.85,34.96,-16.36,2,1121.52,899.24
2013-02-26,965.69,951.88,974.94,950.18,-19.45,-2.0,2467.01,1055.74,1003.43,951.13,12.53,27.48,-17.38,2,1111.37,891.1
2013-02-27,954.74,957.85,967.09,949.95,5.96,0.63,1763.41,1057.53,1002.11,946.68,11.26,22.07,-10.37,2,1102.64,884.1
2013-02-28,963.06,984.84,985.07,958.6,26.99,2.82,2360.7,1057.18,1002.64,948.09,20.48,21.54,18.35,2,1097.73,880.16
2013-03-01,985.12,978.82,985.15,964.75,-6.02,-0.61,1907.11,1057.08,1002.75,948.42,25.99,23.02,31.92,2,1091.67,875.3
2013-03-04,964.43,937.65,965.73,932.18,-41.17,-4.21,2945.32,1060.83,999.53,938.23,19.6,21.88,15.03,2,1081.96,867.52
2013-03-05,939.75,960.35,961.19,939.14,22.71,2.42,2356.89,1060.85,997.3,933.75,26.5,23.42,32.65,2,1076.57,863.19
2013-03-06,965.55,972.87,973.5,959.62,12.52,1.3,2213.43,1059.91,995.64,931.36,43.27,30.04,69.74,2,1072.22,859.71
2013-03-07,967.22,964.09,977.51,956.1,-8.78,-0.9,1949.73,1058.63,993.32,928.01,48.93,36.33,74.12,2,1071.08,858.79
2013-03-08,965.63,962.27,968.36,959.28,-1.82,-0.19,1326.61,1055.66,990.36,925.06,51.55,41.41,71.85,2,1070.26,858.13
2013-03-11,960.84,956.7,962.95,951.17,-5.57,-0.58,1183.78,1050.39,986.56,922.73,49.8,44.2,60.99,2,1068.63,856.83
2013-03-12,956.2,942.06,966.08,934.99,-14.63,-1.53,1722.38,1042.51,981.49,920.48,39.42,42.61,33.03,2,1067.54,855.96
2013-03-13,940.7,931.44,942.1,928.05,-10.63,-1.13,1315.09,1035.47,976.24,917.01,28.26,37.82,9.12,2,1064.61,853.61
2013-03-14,926.93,932.89,936.96,924.88,1.46,0.16,1212.64,1028.3,971.43,914.57,23.91,33.19,5.36,2,1058.84,848.98
2013-03-15,934.14,938.57,955.18,927.38,5.68,0.61,2234.34,1017.57,966.69,915.8,24.61,30.33,13.18,2,1054.38,845.4
2013-03-18,933.57,921.96,938.47,921.38,-16.61,-1.77,1645.48,1008.44,961.53,914.62,16.75,25.8,-1.35,2,1052.64,844.0
2013-03-19,925.32,931.3,934.1,921.87,9.34,1.01,1349.79,1000.94,957.65,914.36,17.06,22.89,5.4,2,1049.41,841.42
2013-03-20,932.29,956.76,957.34,932.25,25.46,2.73,2496.01,990.26,954.88,919.51,36.48,27.42,54.59,2,1047.62,839.99
2013-03-21,958.75,957.19,961.58,952.41,0.43,0.05,1665.97,988.28,954.02,919.77,51.02,35.29,82.49,2,1046.86,839.37
2013-03-22,956.41,958.88,960.87,952.58,1.69,0.18,1200.42,987.08,953.49,919.89,61.98,44.18,97.57,2,1046.48,839.07
2013-03-25,962.57,959.68,967.49,956.15,0.8,0.08,1267.13,985.63,952.9,920.18,69.01,52.46,102.1,2,1046.81,839.33
2013-03-26,957.19,946.71,958.82,938.72,-12.97,-1.35,1561.69,985.48,952.64,919.81,64.32,56.41,80.13,2,1047.33,839.75
2013-03-27,947.31,952.4,960.57,947.31,5.7,0.6,1313.11,985.12,952.37,919.62,65.3,59.37,77.16,2,1049.65,841.61
2013-03-28,936.27,926.95,936.27,925.16,-25.45,-2.67,2847.35,980.42,949.48,918.54,47.56,55.44,31.81,2,1048.99,841.09
2013-03-29,928.6,923.08,930.7,920.94,-3.87,-0.42,1568.28,976.58,946.69,916.8,33.24,48.04,3.64,2,1047.28,839.71
2013-04-01,918.04,917.22,924.11,915.68,-5.87,-0.64,1126.96,978.02,945.67,913.32,23.15,39.74,-10.03,2,1046.75,839.29
2013-04-02,917.88,916.17,928.9,911.78,-1.05,-0.11,1239.65,977.49,943.46,909.43,18.06,32.51,-10.85,2,1045.07,837.94
2013-04-03,919.46,915.56,923.6,911.8,-0.61,-0.07,1053.29,973.88,940.59,907.31,14.3,26.44,-9.98,2,1040.5,834.27
2013-04-08,900.46,906.59,907.69,894.49,-8.97,-0.98,1248.72,972.3,937.72,903.14,15.06,22.65,-0.12,2,1034.88,829.77
2013-04-09,908.85,912.96,918.77,908.79,6.38,0.7,1110.77,969.51,935.25,901.0,19.36,21.55,14.97,1,1029.78,825.68
2013-04-10,913.05,917.08,917.79,909.25,4.12,0.45,1086.85,966.91,933.27,899.63,24.3,22.47,27.96,2,1025.05,821.89
2013-04-11,922.64,912.55,924.45,912.02,-4.53,-0.49,1001.26,966.34,931.8,897.25,30.61,25.18,41.46,2,1021.26,818.85
2013-04-12,912.41,906.05,914.52,904.68,-6.5,-0.71,824.08,966.85,930.53,894.2,31.05,27.14,38.87,2,1016.12,814.72
2013-04-15,903.18,895.48,905.67,893.27,-10.57,-1.17,939.78,968.03,928.66,889.29,22.77,25.68,16.94,2,1012.62,811.92
2013-04-16,890.96,902.05,902.61,887.94,6.57,0.73,1446.14,967.56,926.83,886.1,26.66,26.01,27.97,2,1010.29,810.05
2013-04-17,902.04,902.67,903.92,894.42,0.62,0.07,1079.89,967.9,925.87,883.83,31.22,27.74,38.18,2,1008.67,808.76
2013-04-18,896.84,905.6,910.38,894.77,2.94,0.33,1147.49,967.44,924.58,881.73,36.94,30.81,49.2,2,1007.5,807.82
2013-04-19,907.39,930.41,932.69,907.14,24.81,2.74,2051.94,963.63,923.26,882.9,56.26,39.29,90.19,2,1009.15,809.14
2013-04-22,926.11,928.33,930.66,923.74,-2.08,-0.22,1359.39,959.18,921.82,884.46,67.59,48.73,105.33,2,1011.56,811.07
2013-04-23,929.01,900.94,929.01,900.61,-27.39,-2.95,1410.69,953.2,918.92,884.65,54.75,50.73,62.77,2,1010.23,810.0
2013-04-24,903.17,914.06,919.13,900.1,13.12,1.46,1238.49,945.39,916.64,887.89,55.95,52.47,62.91,2,1009.89,809.73
2013-04-25,912.49,905.84,917.01,902.04,-8.22,-0.9,1084.14,940.14,914.6,889.06,50.64,51.86,48.19,2,1009.15,809.14
2013-04-26,908.36,898.28,912.61,895.16,-7.56,-0.83,860.39,931.66,911.89,892.13,41.46,48.39,27.59,2,1008.29,808.45
2013-05-02,895.42,893.43,898.13,888.93,-4.85,-0.54,1056.0,930.27,910.22,890.16,31.07,42.62,7.97,2,1008.06,808.26
2013-05-03,895.86,909.26,917.52,895.57,15.84,1.77,1470.15,928.7,909.53,890.36,36.2,40.48,27.64,2,1008.86,808.9
2013-05-06,913.63,921.38,924.64,913.63,12.12,1.33,1260.71,929.32,909.73,890.15,48.85,43.27,60.01,2,1010.94,810.57
2013-05-07,919.41,925.95,930.03,917.86,4.56,0.5,1139.23,930.88,910.22,889.56,62.14,49.56,87.3,2,1013.19,812.38
2013-05-08,930.8,929.97,937.32,926.47,4.02,0.43,1249.28,933.24,910.94,888.65,69.7,56.27,96.55,2,1013.15,812.34
2013-05-09,931.23,923.39,932.2,918.2,-6.58,-0.71,1102.64,934.62,911.78,888.95,70.2,60.91,88.78,2,1012.6,811.9
2013-05-10,919.64,929.08,929.85,918.48,5.69,0.62,1006.78,936.64,912.59,888.54,74.46,65.43,92.52,2,1015.72,814.41
2013-05-13,929.52,923.79,931.63,920.59,-5.29,-0.57,1106.64,937.4,912.93,888.45,73.65,68.17,84.62,2,1016.8,815.27
2013-05-14,922.55,911.35,923.8,906.07,-12.45,-1.35,1173.85,937.35,912.87,888.38,64.55,66.96,59.71,2,1017.41,815.76
2013-05-15,910.74,913.96,915.32,908.77,2.62,0.29,847.56,937.55,913.26,888.97,57.71,63.88,45.38,2,1019.15,817.16
2013-05-16,911.51,924.78,925.07,906.72,10.82,1.18,1541.41,938.06,914.73,891.39,58.43,62.06,51.17,2,1022.63,819.95
2013-05-17,924.6,940.85,942.77,922.28,16.07,1.74,1793.96,941.84,916.67,891.49,70.54,64.89,81.85,2,1026.14,822.76
2013-05-20,941.91,945.78,951.34,938.32,4.93,0.52,1945.24,946.13,918.82,891.52,76.27,68.68,91.44,2,1028.85,824.93
2013-05-21,946.51,945.74,949.22,939.98,-0.05,0.0,1396.55,949.8,920.83,891.86,80.06,72.47,95.22,2,1031.04,826.69
2013-05-22,945.07,945.71,947.93,941.52,-0.03,0.0,1420.71,952.29,921.59,890.89,82.56,75.84,96.0,2,1032.79,828.09
2013-05-23,941.51,929.6,943.28,928.21,-16.1,-1.7,1406.55,952.42,921.66,890.9,72.36,74.68,67.74,2,1033.48,828.65
2013-05-24,933.43,932.88,938.75,924.57,3.28,0.35,1044.17,952.84,923.25,893.67,67.98,72.45,59.06,2,1033.9,828.99
2013-05-27,931.53,932.55,937.53,930.37,-0.32,-0.03,1103.14,953.71,924.18,894.64,64.62,69.84,54.18,2,1034.88,829.76
2013-05-28,932.59,947.49,947.59,927.44,14.93,1.6,1601.92,956.2,926.26,896.32,73.54,71.07,78.47,2,1038.89,832.98
2013-05-29,948.53,947.46,953.33,946.55,-0.02,0.0,1433.2,957.1,928.72,900.34,76.06,72.73,82.7,2,1042.61,835.96
2013-05-30,944.85,944.08,948.86,940.34,-3.39,-0.36,1144.77,955.29,931.25,907.21,73.32,72.93,74.1,2,1044.75,837.68
2013-05-31,945.64,931.65,948.13,931.09,-12.42,-1.32,1145.53,954.2,932.37,910.55,57.08,67.65,35.96,2,1043.73,836.86
2013-06-03,931.69,929.68,937.06,927.24,-1.97,-0.21,1104.74,954.07,932.79,911.51,43.98,59.76,12.42,2,1041.94,835.43
2013-06-04,929.28,918.73,929.28,915.89,-10.95,-1.18,1150.65,954.39,932.43,910.46,31.85,50.45,-5.37,2,1038.94,833.02
2013-06-05,917.19,915.57,919.29,911.64,-3.16,-0.34,881.17,954.86,931.71,908.55,24.37,41.76,-10.4,2,1035.6,830.34
2013-06-06,914.18,903.32,914.81,901.85,-12.25,-1.34,1042.27,956.77,930.7,904.64,17.2,33.57,-15.54,2,1032.68,828.0
2013-06-07,903.66,889.46,906.74,887.23,-13.86,-1.53,1113.38,960.4,928.72,897.05,12.59,26.58,-15.38,2,1027.86,824.14
2013-06-13,879.05,858.75,879.05,849.26,-30.72,-3.45,1732.18,969.46,925.47,881.48,11.43,21.53,-8.76,2,1019.67,817.57
2013-06-14,859.88,862.07,863.96,855.78,3.33,0.39,1150.26,974.73,923.01,871.28,11.91,18.32,-0.92,2,1010.19,809.97
2013-06-17,864.4,858.38,866.07,854.5,-3.7,-0.43,953.77,979.08,920.23,861.38,11.01,15.89,1.27,1,1000.3,802.04
2013-06-18,859.2,858.7,861.25,851.32,0.33,0.04,932.41,981.52,916.92,852.33,10.93,14.23,4.31,1,990.82,794.44
2013-06-19,856.19,852.69,856.19,840.33,-6.01,-0.7,1005.26,981.84,912.51,843.19,11.92,13.46,8.83,1,982.06,787.41
2013-06-20,847.18,824.29,847.18,823.72,-28.41,-3.33,1252.92,983.86,906.44,829.02,8.14,11.69,1.05,1,970.36,778.03
2013-06-21,813.51,819.95,824.72,807.0,-4.34,-0.53,1382.98,983.95,900.15,816.35,9.43,10.94,6.42,1,959.39,769.24
2013-06-24,816.4,772.85,816.4,770.99,-47.1,-5.74,2214.13,989.23,891.51,793.79,6.75,9.54,1.16,1,943.55,756.54
2013-06-25,764.86,772.37,773.64,726.93,-0.48,-0.06,2686.32,992.51,883.65,774.79,14.45,11.18,21.01,1,929.02,744.89
2013-06-26,772.41,766.31,774.5,756.1,-6.06,-0.78,1903.42,992.97,875.32,757.67,19.07,13.81,29.59,1,915.35,733.93
2013-06-27,767.61,766.86,778.86,763.96,0.55,0.07,1716.5,990.58,867.03,743.48,22.28,16.63,33.57,1,905.15,725.75
2013-06-28,764.45,781.58,789.78,761.01,14.72,1.92,1905.86,981.84,858.74,735.63,28.41,20.56,44.13,2,896.21,718.58
2013-07-01,777.9,783.85,783.87,769.53,2.27,0.29,1274.13,970.7,850.56,730.41,33.62,24.91,51.04,2,887.94,711.95
2013-07-02,783.34,784.8,785.08,775.28,0.96,0.12,1332.52,957.9,842.59,727.28,38.46,29.43,56.51,2,879.74,705.37
2013-07-03,781.03,774.41,781.03,765.39,-10.39,-1.32,1351.09,946.06,834.73,723.41,41.82,33.56,58.35,2,871.05,698.41
2013-07-04,770.11,784.42,791.96,764.69,10.01,1.29,1438.66,931.8,827.47,723.14,49.3,38.81,70.29,2,866.62,694.86
2013-07-05,785.83,785.3,792.33,783.01,0.88,0.11,1181.97,917.74,820.8,723.86,62.62,46.74,94.36,2,862.78,691.77
2013-07-08,775.15,760.77,775.15,760.36,-24.53,-3.12,1107.52,902.96,813.06,723.16,46.04,46.51,45.11,2,861.43,690.7
2013-07-09,759.47,763.16,765.94,757.48,2.4,0.32,844.31,888.23,806.05,723.87,36.13,43.05,22.28,2,860.41,689.88
2013-07-10,762.95,784.0,784.37,761.54,20.83,2.73,1188.3,873.91,800.78,727.64,49.45,45.18,57.99,2,862.38,691.45
2013-07-11,787.0,818.0,827.28,787.0,34.01,4.34,3107.4,867.43,798.74,730.04,61.87,50.74,84.12,2,868.05,696.01
2013-07-12,816.06,803.48,819.23,802.66,-14.52,-1.78,2117.8,858.15,795.81,733.46,63.21,54.9,79.84,2,870.48,697.95
2013-07-15,807.53,811.2,821.79,803.12,7.72,0.96,1460.63,849.39,793.45,737.51,67.8,59.2,84.99,2,873.52,700.39
2013-07-16,809.55,814.13,814.74,802.57,2.93,0.36,1282.21,839.63,791.22,742.82,72.25,63.55,89.65,2,876.77,703.0
2013-07-17,812.78,803.0,818.86,802.83,-11.13,-1.37,1272.59,828.62,788.74,748.86,69.91,65.67,78.38,2,879.95,705.54
2013-07-18,798.83,790.66,803.13,789.11,-12.34,-1.54,1263.37,823.48,787.06,750.63,62.45,64.6,58.16,2,880.64,706.1
2013-07-19,792.48,773.5,795.38,772.69,-17.16,-2.17,1450.9,818.28,784.73,751.18,49.28,59.49,28.87,2,879.33,705.05
2013-07-22,767.14,777.11,777.36,763.43,3.61,0.47,1236.73,818.25,784.95,751.65,40.75,53.24,15.76,2,881.14,706.5
2013-07-23,779.61,799.38,804.23,777.73,22.27,2.87,1595.43,819.64,786.3,752.95,45.93,50.81,36.19,2,885.17,709.73
2013-07-24,795.72,793.1,799.72,782.5,-6.28,-0.79,1434.63,819.79,787.64,755.48,47.57,49.73,43.25,2,886.18,710.54
2013-07-25,797.76,792.81,803.01,790.33,-0.29,-0.04,1262.59,819.69,788.93,758.17,48.49,49.32,46.85,2,883.38,708.29
2013-07-26,789.89,788.99,793.71,784.36,-3.82,-0.48,874.17,819.88,789.3,758.73,47.7,48.78,45.54,2,881.77,707.01
2013-07-29,783.76,774.94,783.76,771.33,-14.05,-1.78,1074.66,819.99,788.86,757.72,38.72,45.43,25.31,2,877.75,703.78
2013-07-30,776.99,781.03,791.18,773.28,6.09,0.79,1103.55,819.94,788.67,757.39,40.19,43.68,33.22,2,874.07,700.83
2013-07-31,786.44,781.66,794.96,779.57,0.63,0.08,959.11,819.8,789.03,758.26,41.69,43.02,39.03,2,871.7,698.93
2013-08-01,786.01,798.47,799.28,785.05,16.81,2.15,1265.63,820.69,789.73,758.78,56.42,47.49,74.29,2,872.57,699.63
2013-08-02,804.42,799.88,808.07,798.37,1.41,0.18,1231.79,821.65,790.46,759.27,63.52,52.83,84.89,2,875.5,701.98
2013-08-05,799.71,806.13,806.4,796.24,6.25,0.78,1044.23,821.46,792.73,764.01,73.92,59.86,102.04,2,878.72,704.56
2013-08-06,802.72,809.55,813.4,796.58,3.42,0.42,1355.29,821.23,795.05,768.87,79.56,66.43,105.83,2,879.85,705.46
2013-08-07,807.67,805.23,816.16,803.76,-4.32,-0.53,1420.53,822.13,796.11,770.09,78.25,70.37,94.01,2,881.19,706.54
2013-08-08,805.03,802.78,810.93,800.27,-2.45,-0.3,987.33,819.6,795.35,771.11,75.55,72.09,82.46,2,882.3,707.43
2013-08-09,807.9,808.48,811.78,799.33,5.7,0.71,1420.65,820.27,795.6,770.93,77.73,73.97,85.24,2,884.46,709.17
2013-08-12,812.1,840.43,840.74,812.1,31.96,3.95,2474.47,827.94,797.06,766.18,84.98,77.64,99.67,2,891.73,714.99
2013-08-13,841.34,845.17,846.24,837.79,4.74,0.56,1975.71,835.34,798.62,761.89,89.41,81.56,105.09,0,898.85,720.7
2013-08-14,846.49,840.46,856.15,837.23,-4.71,-0.56,1666.15,841.49,800.49,759.49,84.21,82.45,87.73,0,905.38,725.94
2013-08-15,840.72,834.97,847.56,834.03,-5.5,-0.65,1388.7,846.06,802.7,759.35,77.69,80.86,71.34,0,909.43,729.18
2013-08-16,832.79,829.51,898.43,823.95,-5.46,-0.65,3448.5,848.18,805.5,762.83,62.57,74.76,38.18,2,912.72,731.82
2013-08-19,824.14,838.65,842.23,822.67,9.14,1.1,1751.55,851.5,808.58,765.66,54.94,68.15,28.51,2,916.33,734.72
2013-08-20,837.32,831.17,846.42,828.15,-7.47,-0.89,1947.28,853.95,810.17,766.39,47.34,61.21,19.58,2,918.73,736.64
2013-08-21,833.47,829.45,833.53,823.36,-1.72,-0.21,1167.98,855.8,811.99,768.17,41.69,54.71,15.65,2,921.42,738.8
2013-08-22,827.82,824.84,836.3,822.97,-4.61,-0.56,1255.86,856.82,813.59,770.36,32.71,47.37,3.38,2,923.87,740.76
2013-08-23,828.79,817.88,831.21,804.5,-6.96,-0.84,1559.67,856.79,815.03,773.28,26.56,40.43,-1.2,2,924.91,741.6
2013-08-26,818.67,832.35,833.09,816.21,14.47,1.77,1508.18,855.97,817.9,779.84,27.59,36.15,10.46,2,924.01,740.88
2013-08-27,831.61,835.0,839.53,829.15,2.64,0.32,1427.48,855.33,820.6,785.87,29.22,33.84,19.97,2,922.89,739.97
2013-08-28,830.0,835.56,840.57,823.52,0.56,0.07,1681.66,853.61,823.3,792.99,30.5,32.73,26.04,2,922.34,739.53
2013-08-29,837.11,829.04,837.97,825.26,-6.52,-0.78,1195.28,852.98,824.83,796.67,39.85,35.1,49.34,2,921.68,739.01
2013-08-30,828.55,828.83,835.37,822.94,-0.21,-0.03,1514.39,852.02,826.27,800.53,45.91,38.7,60.32,2,921.61,738.95
2013-09-02,832.51,833.15,836.53,824.11,4.32,0.52,1511.19,851.79,827.63,803.46,57.08,44.83,81.59,2,921.0,738.46
2013-09-03,835.57,846.13,846.43,832.93,12.98,1.56,1900.47,853.41,829.45,805.5,71.15,53.6,106.24,2,922.66,739.79
2013-09-04,844.42,846.61,849.89,842.02,0.49,0.06,1592.57,853.84,831.52,809.2,78.36,61.85,111.36,2,924.56,741.32
2013-09-05,846.06,839.76,846.06,837.7,-6.86,-0.81,1259.07,851.61,833.37,815.13,75.55,66.42,93.8,2,926.22,742.64
2013-09-06,837.36,845.61,848.21,837.09,5.86,0.7,1817.75,850.23,835.23,820.23,78.4,70.41,94.38,2,929.3,745.11
2013-09-09,851.0,877.42,880.86,851.0,31.81,3.76,4737.87,860.78,837.08,813.37,83.62,74.82,101.23,2,934.3,749.12
2013-09-10,880.63,892.43,892.61,875.95,15.01,1.71,4430.53,873.19,839.44,805.69,89.0,79.54,107.9,2,940.67,754.23
2013-09-11,896.41,899.97,911.0,896.33,7.55,0.85,3741.05,885.27,842.42,799.56,88.49,82.52,100.42,2,947.82,759.97
2013-09-12,897.49,905.86,913.51,891.15,5.89,0.65,4386.51,896.76,845.96,795.17,89.47,84.84,98.74,2,956.35,766.8
2013-09-13,905.01,898.68,910.51,895.2,-7.18,-0.79,2910.58,904.5,849.42,794.34,86.85,85.51,89.52,0,964.1,773.02
2013-09-16,902.56,890.26,903.85,888.35,-8.41,-0.94,2869.21,909.6,852.0,794.4,81.09,84.04,75.2,2,970.44,778.1
2013-09-17,891.36,870.46,891.55,870.16,-19.81,-2.22,2585.52,911.27,853.96,796.66,68.62,78.9,48.05,2,973.14,780.27
2013-09-18,872.27,872.51,875.74,864.28,2.05,0.24,1911.78,912.81,856.12,799.43,61.19,73.0,37.59,2,976.02,782.57
2013-09-23,875.76,882.64,883.37,874.4,10.13,1.16,1957.33,914.91,859.01,803.1,57.67,67.89,37.23,2,980.78,786.39
2013-09-24,881.46,867.37,881.56,860.74,-15.27,-1.73,2186.13,914.18,861.48,808.79,42.63,59.47,8.96,2,983.19,788.33
2013-09-25,867.49,866.05,875.15,864.61,-1.32,-0.15,1846.45,914.15,863.17,812.18,31.78,50.24,-5.15,2,981.93,787.31
2013-09-26,863.68,850.99,863.97,850.57,-15.06,-1.74,2046.71,913.65,863.97,814.29,21.41,40.63,-17.03,2,977.33,783.63
2013-09-27,849.84,858.83,860.4,849.84,7.83,0.92,1367.64,913.16,865.13,817.1,19.21,33.49,-9.35,2,972.77,779.96
2013-09-30,864.92,860.73,868.12,856.8,1.91,0.22,1350.83,911.88,866.71,821.55,19.53,28.83,0.91,1,967.76,775.95
2013-10-08,860.26,870.67,870.92,851.61,9.93,1.15,2075.16,910.5,868.81,827.11,29.67,29.11,30.77,2,964.65,773.46
2013-10-09,866.36,870.06,871.72,863.59,-0.61,-0.07,1761.3,909.0,870.65,832.3,39.88,32.7,54.23,2,962.4,771.66
2013-10-10,870.16,865.8,871.69,860.5,-4.26,-0.49,1755.02,908.4,871.64,834.87,42.45,35.95,55.45,2,961.89,771.24
2013-10-11,869.88,880.01,881.73,869.67,14.21,1.64,2127.75,908.36,873.31,838.25,59.84,43.91,91.68,2,962.72,771.91
2013-10-14,882.74,885.5,889.76,881.26,5.49,0.62,2362.21,907.42,875.59,843.77,69.67,52.5,104.01,2,963.04,772.16
2013-10-15,887.1,883.47,889.44,878.67,-2.03,-0.23,1875.12,906.31,877.49,848.66,74.53,59.84,103.9,2,964.82,773.6
2013-10-16,881.85,868.14,881.85,864.03,-15.33,-1.73,1682.57,906.14,877.02,847.91,64.96,61.55,71.8,2,965.06,773.78
2013-10-17,872.22,867.36,877.26,865.35,-0.79,-0.09,1225.26,904.27,875.77,847.26,57.07,60.06,51.1,2,966.87,775.24
2013-10-18,868.31,869.92,874.3,866.41,2.56,0.3,1203.3,900.6,874.27,847.94,54.05,58.05,46.03,2,968.1,776.23
2013-10-21,873.52,888.19,888.59,871.2,18.27,2.1,1651.52,896.39,873.38,850.38,67.58,61.23,80.27,2,971.15,778.67
2013-10-22,888.69,884.0,888.69,880.29,-4.18,-0.47,1690.58,893.18,872.65,852.11,71.82,64.76,85.95,2,972.63,779.86
2013-10-23,885.81,875.62,894.55,873.51,-8.38,-0.95,2009.39,890.87,871.92,852.96,60.54,63.35,54.91,2,973.25,780.35
2013-10-24,874.02,870.9,878.1,867.77,-4.73,-0.54,1601.78,890.89,871.94,852.99,47.86,58.19,27.21,2,973.82,780.81
2013-10-25,868.92,858.14,873.86,852.49,-12.76,-1.47,1807.01,891.09,871.22,851.35,36.39,50.92,7.32,2,971.39,778.86
2013-10-28,858.93,859.39,862.71,854.38,1.25,0.15,1212.32,889.84,870.06,850.27,29.73,43.86,1.47,2,968.49,776.54
2013-10-29,859.76,859.19,870.86,845.02,-0.2,-0.02,2663.99,889.97,869.65,849.33,29.35,39.02,10.02,2,965.79,774.38
2013-10-30,860.44,874.03,874.38,856.76,14.84,1.73,2121.11,890.38,870.05,849.71,39.09,39.05,39.19,2,966.45,774.9
2013-10-31,871.48,862.59,871.55,860.39,-11.44,-1.31,2036.64,889.36,870.63,851.9,37.89,38.66,36.34,2,965.92,774.48
2013-11-01,865.0,870.93,873.59,863.29,8.34,0.97,1426.52,889.16,871.23,853.3,42.69,40.0,48.08,2,966.03,774.57
2013-11-04,876.04,869.97,879.19,867.14,-0.96,-0.11,1282.71,888.98,871.69,854.41,45.25,41.75,52.25,2,964.01,772.94
2013-11-05,864.52,869.56,870.65,857.75,-0.41,-0.05,1433.34,888.95,871.64,854.33,54.11,45.87,70.58,2,962.41,771.66
2013-11-06,864.84,857.8,868.28,857.46,-11.76,-1.35,1331.65,889.35,871.03,852.7,48.54,46.76,52.1,2,960.43,770.07
2013-11-07,858.07,854.2,859.18,849.41,-3.61,-0.42,1065.53,890.08,870.45,850.81,41.31,44.95,34.05,2,958.57,768.59
2013-11-08,850.76,843.49,855.77,841.36,-10.7,-1.25,998.58,890.97,868.62,846.27,29.42,39.77,8.72,2,956.95,767.28
2013-11-11,844.1,847.74,850.74,839.86,4.24,0.5,1032.11,889.43,866.73,844.03,26.29,35.28,8.32,2,955.65,766.25
2013-11-12,849.53,856.99,857.87,848.01,9.25,1.09,1148.92,887.12,865.41,843.7,32.05,34.2,27.74,2,955.41,766.05
2013-11-13,850.3,838.8,850.7,837.81,-18.19,-2.12,1420.87,888.49,863.94,839.39,22.16,30.19,6.11,2,951.5,762.91
2013-11-14,840.69,842.07,844.25,836.79,3.28,0.39,1258.73,888.94,862.68,836.41,18.93,26.43,3.91,2,949.22,761.09
2013-11-15,842.44,854.58,864.73,842.44,12.51,1.49,1799.42,888.18,861.91,835.64,30.13,27.67,35.06,2,947.41,759.63
2013-11-18,859.28,879.85,880.05,858.4,25.27,2.96,2745.57,886.3,861.49,836.68,53.27,36.2,87.4,2,948.5,760.51
2013-11-19,880.46,875.22,880.49,873.12,-4.63,-0.53,1761.38,884.53,861.05,837.58,64.82,45.74,102.99,2,949.13,761.02
2013-11-20,880.97,882.08,883.78,874.05,6.86,0.78,1444.03,885.8,861.38,836.95,75.34,55.61,114.81,2,951.83,763.18
2013-11-21,878.91,879.3,881.06,871.54,-2.78,-0.32,1807.17,887.13,861.8,836.46,80.38,63.87,113.42,2,954.61,765.41
2013-11-22,880.88,872.49,882.64,870.52,-6.81,-0.77,1538.94,888.21,862.51,836.82,78.91,68.88,98.98,2,957.83,767.99
2013-11-25,867.07,867.2,876.9,866.2,-5.29,-0.61,1330.24,888.63,862.9,837.17,74.18,70.65,81.25,2,959.99,769.72
2013-11-26,867.78,867.23,871.1,864.76,0.03,0.0,1094.84,889.04,863.31,837.57,71.05,70.78,71.58,2,961.13,770.63
2013-11-27,867.77,877.34,880.8,867.28,10.1,1.17,1619.45,889.52,863.47,837.42,75.51,72.36,81.8,2,965.41,774.07
2013-11-28,879.78,891.27,897.92,879.19,13.93,1.59,1856.77,893.62,864.91,836.19,78.06,74.26,85.67,2,970.87,778.44
2013-11-29,892.19,888.21,892.69,886.86,-3.05,-0.34,1380.71,896.15,865.77,835.39,75.61,74.71,77.42,2,974.6,781.44
2013-12-02,881.59,884.48,897.88,876.66,-3.74,-0.42,2969.22,897.92,866.5,835.07,70.23,73.22,64.26,2,975.12,781.85
2013-12-03,882.6,891.7,893.41,881.27,7.22,0.82,1700.13,900.89,867.6,834.32,73.9,73.45,74.82,2,976.94,783.32
2013-12-04,890.85,904.89,907.44,888.48,13.19,1.48,2697.73,906.62,869.96,833.29,80.61,75.83,90.16,2,979.48,785.35
2013-12-05,905.36,902.66,908.16,898.08,-2.23,-0.25,1653.17,910.92,872.38,833.84,82.85,78.17,92.2,2,982.07,787.42
2013-12-06,901.37,896.15,903.17,894.0,-6.51,-0.72,1340.14,912.48,875.01,837.55,79.34,78.56,80.9,2,984.7,789.53
2013-12-09,898.46,894.24,901.87,892.85,-1.91,-0.21,1208.8,913.49,877.34,841.18,74.88,77.33,69.96,2,987.7,791.94
2013-12-10,899.08,896.86,902.38,894.04,2.62,0.29,1266.83,915.17,879.33,843.49,71.29,75.32,63.24,2,990.99,794.57
2013-12-11,893.46,880.81,893.88,877.03,-16.05,-1.79,1588.96,912.07,881.43,850.79,51.92,67.52,20.72,2,991.37,794.88
2013-12-12,878.63,879.35,884.44,877.09,-1.46,-0.17,1162.78,908.12,883.3,858.47,37.46,57.5,-2.62,2,990.05,793.82
2013-12-13,871.2,875.3,880.38,870.01,-4.06,-0.46,1237.03,905.77,884.33,862.89,29.6,48.2,-7.61,2,988.61,792.67
2013-12-16,875.54,863.9,877.43,863.4,-11.4,-1.3,1384.1,906.7,883.53,860.37,20.1,38.83,-17.36,2,986.33,790.84
2013-12-17,864.64,858.35,866.84,856.93,-5.56,-0.64,1041.45,908.12,882.69,857.26,14.33,30.66,-18.35,2,982.63,787.87
2013-12-18,859.39,858.91,863.05,856.4,0.56,0.07,895.7,909.0,881.53,854.07,11.34,24.22,-14.43,2,977.52,783.78
2013-12-19,861.48,851.48,863.01,850.65,-7.43,-0.86,1215.39,910.58,880.14,849.71,8.09,18.85,-13.41,2,971.84,779.23
2013-12-20,852.82,826.58,853.42,825.15,-24.9,-2.92,1820.72,916.15,877.85,839.54,6.01,14.57,-11.1,1,964.12,773.03
2013-12-23,830.15,831.33,835.14,823.49,4.75,0.57,1021.08,919.23,876.05,832.87,7.72,12.29,-1.41,1,957.14,767.44
2013-12-24,834.02,832.41,839.87,825.71,1.08,0.13,1099.36,921.4,874.31,827.22,10.03,11.53,7.01,1,949.98,761.7
2013-12-25,834.24,836.09,836.5,830.47,3.68,0.44,939.03,922.16,872.25,822.34,14.07,12.38,17.44,1,945.02,757.72
2013-12-26,834.17,821.62,835.84,820.94,-14.47,-1.73,1115.43,922.46,868.77,815.07,9.78,11.51,6.31,1,938.61,752.58
2013-12-27,822.76,835.52,839.96,820.94,13.89,1.69,1249.65,920.91,866.13,811.35,17.11,13.38,24.57,2,934.2,749.04
2013-12-30,839.24,832.87,841.18,832.62,-2.65,-0.32,1356.58,919.48,863.55,807.62,20.85,15.87,30.81,2,930.75,746.28
2013-12-31,829.02,843.27,846.51,827.75,10.4,1.25,1598.65,916.16,861.13,806.1,31.59,21.11,52.56,2,929.08,744.94
2014-01-02,840.83,834.66,840.83,831.35,-8.62,-1.02,1082.03,909.92,857.62,805.31,35.14,25.79,53.85,2,926.39,742.78
2014-01-03,831.19,825.12,833.02,821.7,-9.54,-1.14,1211.48,903.55,853.74,803.93,28.88,26.82,33.0,2,923.46,740.43
2014-01-06,823.27,803.92,823.27,801.56,-21.2,-2.57,1578.31,899.46,849.13,798.8,21.0,24.88,13.25,2,920.95,738.42
2014-01-07,799.27,803.59,808.13,798.3,-0.32,-0.04,997.69,894.18,844.6,795.01,17.66,22.47,8.03,2,917.87,735.95
2014-01-08,803.88,802.82,811.49,798.07,-0.77,-0.1,1192.99,886.51,839.9,793.28,15.04,19.99,5.13,2,914.58,733.31
2014-01-09,801.5,795.34,806.88,793.88,-7.48,-0.93,1093.42,882.12,835.62,789.12,10.95,16.98,-1.1,2,910.06,729.69
2014-01-10,794.39,793.82,797.5,791.1,-1.52,-0.19,1103.68,876.69,831.35,786.0,8.94,14.3,-1.79,2,906.97,727.21
2014-01-13,795.78,794.96,802.66,790.36,1.14,0.14,1086.82,870.57,827.33,784.09,8.69,12.43,1.21,2,902.47,723.6
2014-01-14,793.97,798.76,799.13,787.87,3.8,0.48,1094.4,865.58,824.07,782.56,12.65,12.5,12.94,2,898.68,720.57
2014-01-15,797.62,796.16,800.17,791.0,-2.6,-0.33,1007.94,861.03,820.96,780.9,14.55,13.19,17.28,2,893.46,716.37
2014-01-16,795.73,797.62,802.63,792.29,1.47,0.18,1133.02,855.16,817.9,780.63,18.88,15.08,26.48,2,889.34,713.08
2014-01-17,794.87,783.89,794.96,781.98,-13.73,-1.72,1087.97,851.24,814.52,777.79,14.75,14.97,14.29,2,884.77,709.41
2014-01-20,782.73,778.0,784.41,775.67,-5.9,-0.75,819.64,851.62,812.09,772.56,12.0,13.98,8.03,2,881.89,707.1
2014-01-21,778.74,784.66,788.87,778.74,6.66,0.86,784.55,849.97,809.76,769.54,17.6,15.19,22.43,2,879.79,705.42
2014-01-22,785.92,803.64,804.09,784.13,18.98,2.42,1462.12,847.22,808.32,769.41,44.54,24.97,83.68,2,879.88,705.49
2014-01-23,802.43,797.78,803.62,796.01,-5.86,-0.73,1107.67,843.37,806.4,769.43,55.63,35.19,96.5,2,880.15,705.71
2014-01-24,795.89,802.18,807.74,794.25,4.4,0.55,1218.09,841.77,805.43,769.09,64.64,45.01,103.9,2,881.08,706.45
2014-01-27,798.68,793.31,798.68,790.78,-8.88,-1.11,1272.8,837.24,803.32,769.39,61.43,50.48,83.32,2,880.9,706.3
2014-01-28,794.31,797.14,799.7,791.39,3.83,0.48,1084.81,832.7,801.53,770.37,63.27,54.74,80.32,2,880.72,706.16
2014-01-29,798.22,799.02,800.6,796.77,1.88,0.24,1052.47,823.9,799.32,774.73,66.45,58.64,82.06,2,881.03,706.41
2014-01-30,797.22,789.3,797.75,788.75,-9.72,-1.22,814.5,815.87,797.05,778.23,58.47,58.58,58.23,2,880.11,705.67
2014-02-07,784.96,788.99,789.11,779.96,-0.31,-0.04,867.61,809.26,795.25,781.23,50.76,55.98,40.32,2,880.68,706.13
2014-02-10,792.18,811.32,813.28,792.18,22.33,2.83,1644.78,810.87,795.62,780.36,65.21,59.05,77.53,2,884.37,709.09
2014-02-11,810.65,820.66,822.9,808.79,9.34,1.15,2538.03,814.97,796.47,777.96,75.07,64.39,96.42,2,888.37,712.3
2014-02-12,820.64,820.07,823.13,815.97,-0.59,-0.07,1871.76,818.37,797.33,776.29,81.02,69.93,103.18,2,890.19,713.76
2014-02-13,818.99,820.77,830.01,816.39,0.71,0.09,2808.37,821.96,798.6,775.25,81.19,73.69,96.2,2,892.75,715.81
2014-02-14,819.95,825.15,825.5,817.62,4.38,0.53,1641.01,826.09,800.17,774.25,84.22,77.2,98.27,2,895.3,717.85
2014-02-17,830.05,827.41,832.01,820.25,2.26,0.27,1989.99,830.15,801.79,773.43,86.54,80.31,98.99,2,899.08,720.88
2014-02-18,826.81,818.13,826.81,816.0,-9.27,-1.12,1876.07,831.95,802.76,773.57,82.14,80.92,84.57,2,901.41,722.75
2014-02-19,818.11,831.1,834.04,816.01,12.97,1.59,2458.69,836.0,804.51,773.01,86.28,82.71,93.42,2,904.97,725.61
2014-02-20,832.35,827.74,840.67,825.91,-3.36,-0.4,2581.04,838.9,806.01,773.13,81.96,82.46,80.97,2,909.24,729.03
2014-02-21,826.3,818.94,828.48,813.58,-8.8,-1.06,1546.34,839.46,807.77,776.07,65.26,76.72,42.32,2,912.56,731.69
2014-02-24,812.64,799.8,812.64,791.66,-19.14,-2.34,2204.11,837.76,808.86,779.95,49.04,67.5,12.13,2,911.28,730.67
2014-02-25,800.57,783.37,803.48,780.23,-16.43,-2.05,1968.58,837.91,808.79,779.67,34.42,56.47,-9.67,2,907.15,727.35
2014-02-26,781.0,786.94,788.14,775.93,3.57,0.46,1609.92,838.54,807.96,777.37,28.62,47.19,-8.52,2,903.47,724.4
2014-02-27,788.82,786.23,793.29,783.87,-0.71,-0.09,2201.38,839.13,807.38,775.63,24.38,39.59,-6.02,2,899.63,721.33
2014-02-28,783.95,789.7,790.44,775.22,3.47,0.44,1649.6,839.36,806.75,774.14,23.63,34.27,2.35,2,895.7,718.17
2014-03-03,788.26,794.28,796.87,784.96,4.58,0.58,2065.34,839.34,806.8,774.27,25.46,31.33,13.72,2,892.02,715.22
2014-03-04,789.92,790.51,791.81,782.96,-3.78,-0.48,1701.85,839.52,806.47,773.42,24.76,29.14,16.0,2,888.96,712.77
2014-03-05,791.59,782.0,792.46,780.03,-8.51,-1.08,1352.56,840.23,805.62,771.01,20.75,26.34,9.56,2,883.51,708.4
2014-03-06,780.0,783.06,785.92,771.67,1.06,0.14,1738.33,840.61,805.31,770.01,23.1,25.26,18.78,2,878.55,704.42
2014-03-07,781.65,783.52,790.87,780.47,0.46,0.06,1558.97,840.92,805.04,769.15,27.82,26.11,31.22,2,874.61,701.27
2014-03-10,777.33,758.19,777.33,756.56,-25.34,-3.23,1726.34,843.49,802.38,761.26,19.89,24.04,11.6,2,870.0,697.56
2014-03-11,757.17,758.85,761.42,752.69,0.66,0.09,1346.0,843.61,799.29,754.97,17.91,22.0,9.73,2,867.27,695.38
2014-03-12,757.67,764.1,768.12,753.83,5.26,0.69,1726.58,842.25,796.49,750.73,20.55,21.51,18.62,2,864.74,693.35
2014-03-13,765.11,769.56,774.05,761.01,5.46,0.71,1878.86,839.7,793.93,748.16,26.43,23.15,32.98,2,862.89,691.87
2014-03-14,764.42,759.56,766.88,755.1,-10.0,-1.3,1415.13,836.4,790.65,744.9,23.38,23.23,23.68,2,859.54,689.18
2014-03-17,761.02,765.67,765.87,756.49,6.11,0.8,1168.91,831.26,787.56,743.86,26.46,24.31,30.78,2,856.37,686.64
2014-03-18,767.04,765.54,768.9,763.49,-0.13,-0.02,1399.62,827.27,784.93,742.6,28.86,25.82,34.94,2,853.6,684.41
2014-03-19,763.14,758.24,763.14,751.27,-7.3,-0.95,1289.32,819.44,781.29,743.14,25.11,25.59,24.15,2,850.96,682.3
2014-03-20,756.92,747.26,762.7,746.85,-10.98,-1.45,1648.54,811.77,777.27,742.76,17.19,22.79,5.99,2,846.98,679.11
2014-03-21,745.24,771.96,773.78,744.61,24.7,3.3,3284.7,803.67,774.92,746.16,42.42,29.33,68.61,2,845.7,678.08
2014-03-24,774.09,780.22,784.01,771.3,8.26,1.07,3146.44,800.49,773.94,747.39,58.41,39.02,97.18,2,848.15,680.05
2014-03-25,779.85,782.4,787.3,777.94,2.17,0.28,1985.21,800.37,773.89,747.4,68.45,48.83,107.68,2,850.76,682.14
2014-03-26,785.28,782.01,787.19,779.61,-0.38,-0.05,1438.21,799.73,773.64,747.56,74.83,57.5,109.5,2,852.75,683.74
2014-03-27,780.44,777.53,788.85,773.77,-4.48,-0.57,2021.5,798.72,773.21,747.69,74.69,63.23,97.62,2,853.63,684.44
2014-03-28,777.86,781.52,789.19,777.55,3.99,0.51,2209.58,797.49,772.8,748.11,77.39,67.95,96.28,2,856.07,686.4
2014-03-31,782.75,779.88,785.4,775.4,-1.64,-0.21,1604.61,795.0,772.08,749.16,77.97,71.29,91.32,2,857.65,687.66
2014-04-01,779.51,783.85,786.22,777.84,3.97,0.51,1356.86,793.76,771.75,749.73,81.32,74.63,94.69,2,859.68,689.29
2014-04-02,785.2,790.35,791.4,784.1,6.5,0.83,1950.04,795.23,772.16,749.09,86.8,78.69,103.02,2,863.24,692.15
2014-04-03,794.99,780.97,796.32,778.93,-9.38,-1.19,1993.39,794.95,772.06,749.17,70.75,76.04,60.16,2,866.99,695.15
2014-04-04,778.79,786.94,787.71,776.96,5.98,0.77,1165.88,795.51,772.23,748.95,66.63,72.91,54.09,2,868.65,696.48
2014-04-08,784.42,804.69,806.73,783.83,17.75,2.25,3170.38,800.85,774.56,748.26,75.69,73.83,79.41,2,871.37,698.66
2014-04-09,805.63,805.39,808.01,802.0,0.7,0.09,1728.97,805.35,776.88,748.41,81.24,76.3,91.12,2,873.92,700.71
2014-04-10,806.11,820.96,828.27,800.89,15.56,1.93,3403.58,813.4,779.73,746.05,82.89,78.5,91.66,2,878.24,704.18
2014-04-11,819.47,820.36,823.66,814.61,-0.6,-0.07,2712.61,819.92,782.27,744.61,83.6,80.2,90.41,2,883.0,707.99
2014-04-14,818.84,817.06,821.16,811.53,-3.3,-0.4,1524.41,824.18,785.14,746.1,81.79,80.73,83.9,2,886.94,711.15
2014-04-15,814.12,802.84,814.12,801.22,-14.23,-1.74,1719.13,825.69,787.0,748.31,71.34,77.6,58.82,2,889.49,713.19
2014-04-16,800.11,802.56,806.88,798.46,-0.28,-0.03,1179.23,826.79,788.85,750.91,64.19,73.13,46.31,2,891.57,714.86
2014-04-17,804.55,798.69,805.54,798.38,-3.86,-0.48,1052.1,826.3,790.87,755.44,56.91,67.72,35.28,2,892.49,715.6
2014-04-18,795.96,796.41,798.64,790.1,-2.29,-0.29,1242.04,822.6,793.33,764.06,47.38,60.94,20.25,2,894.2,716.98
2014-04-21,791.55,784.32,798.89,783.81,-12.09,-1.52,1247.24,821.88,793.95,766.02,31.97,51.28,-6.67,2,893.91,716.74
2014-04-22,783.47,788.33,788.59,778.56,4.02,0.51,1480.19,821.71,794.35,767.0,27.86,43.48,-3.36,2,892.1,715.29
2014-04-23,786.45,786.32,790.42,783.34,-2.02,-0.26,1371.74,821.61,794.55,767.49,24.31,37.09,-1.24,2,889.98,713.59
2014-04-24,785.73,784.42,791.76,783.54,-1.9,-0.24,1104.34,821.53,794.67,767.81,20.79,31.66,-0.93,2,885.93,710.34
2014-04-25,786.72,779.15,789.91,778.92,-5.27,-0.67,1386.51,821.41,794.75,768.09,14.41,25.91,-8.57,1,881.35,706.67
2014-04-28,779.23,770.55,780.99,769.13,-8.61,-1.1,1323.66,822.34,794.2,766.07,10.86,20.89,-9.2,1,876.19,702.53
2014-04-29,770.57,777.56,778.42,769.25,7.01,0.91,1126.05,822.48,794.09,765.7,14.96,18.92,7.05,1,873.38,700.28
2014-04-30,777.73,778.12,780.92,776.25,0.56,0.07,1327.89,822.71,793.8,764.89,20.04,19.29,21.55,1,870.67,698.1
2014-05-05,778.44,774.38,779.29,768.04,-3.74,-0.48,1438.96,823.1,793.0,762.9,20.21,19.6,21.44,1,867.97,695.94
2014-05-06,773.27,774.8,779.74,772.03,0.41,0.05,1022.51,823.4,792.69,761.98,22.97,20.72,27.48,2,865.57,694.02
2014-05-07,773.41,768.64,775.0,768.14,-6.15,-0.79,1097.45,824.16,791.78,759.39,16.16,19.2,10.07,2,863.83,692.62
2014-05-08,768.12,770.53,779.45,766.67,1.89,0.25,1167.44,823.15,790.07,756.99,15.9,18.1,11.5,2,861.86,691.04
2014-05-09,771.64,769.54,774.54,766.34,-0.99,-0.13,1021.92,821.72,788.28,754.83,15.13,17.11,11.16,2,859.99,689.54
2014-05-12,774.92,789.25,790.39,771.98,19.7,2.56,1752.65,816.61,786.69,756.77,41.84,25.35,74.81,2,860.53,689.97
2014-05-13,790.92,788.02,791.5,784.51,-1.23,-0.16,1446.68,810.73,785.07,759.42,56.61,35.77,98.3,2,861.51,690.76
2014-05-14,787.44,788.06,792.08,784.67,0.05,0.01,1090.03,804.77,783.62,762.48,65.87,45.81,106.0,2,863.46,692.32
2014-05-15,786.06,779.58,787.38,778.68,-8.49,-1.08,1109.93,801.72,782.46,763.2,61.06,50.89,81.4,2,863.68,692.5
2014-05-16,778.99,781.13,782.34,775.84,1.56,0.2,968.96,798.3,781.39,764.48,59.86,53.88,71.82,2,864.02,692.77
2014-05-19,778.96,771.54,778.98,768.58,-9.59,-1.23,1104.16,795.47,780.03,764.6,46.64,51.47,36.99,2,863.7,692.52
2014-05-20,774.56,770.65,776.41,769.09,-0.88,-0.11,898.89,792.73,778.74,764.76,36.67,46.54,16.95,2,863.24,692.15
2014-05-21,767.27,777.58,778.26,764.09,6.93,0.9,848.36,792.16,778.41,764.66,40.52,44.53,32.49,2,864.23,692.94
2014-05-22,776.65,774.47,783.98,773.31,-3.11,-0.4,1099.68,790.78,777.71,764.65,39.37,42.81,32.5,2,864.67,693.29
2014-05-23,775.1,779.19,779.32,772.44,4.72,0.61,930.76,789.84,777.36,764.88,44.23,43.28,46.12,2,865.74,694.15
2014-05-26,783.41,781.78,784.88,779.04,2.59,0.33,921.46,789.46,777.23,765.0,50.55,45.71,60.25,2,864.91,693.49
2014-05-27,781.44,780.01,783.4,779.21,-1.77,-0.23,939.8,789.53,777.27,765.01,56.49,49.3,70.86,2,864.02,692.78
2014-05-28,780.36,785.26,786.35,777.5,5.25,0.67,1066.66,790.33,778.0,765.68,69.36,55.99,96.11,2,863.71,692.53
2014-05-29,786.01,780.32,788.28,779.98,-4.94,-0.63,1018.65,790.51,778.14,765.78,68.6,60.19,85.43,2,863.79,692.59
2014-05-30,780.4,779.54,783.29,777.23,-0.78,-0.1,995.98,790.59,778.21,765.83,67.03,62.47,76.14,2,863.62,692.45
2014-06-03,780.78,778.3,784.99,777.83,-1.24,-0.16,952.04,790.67,778.41,766.15,64.27,63.07,66.66,2,864.37,693.05
2014-06-04,778.59,771.22,778.59,767.13,-7.09,-0.91,1021.08,790.79,778.23,765.67,49.29,58.48,30.92,2,864.43,693.1
2014-06-05,770.73,778.39,778.81,769.7,7.18,0.93,929.86,790.49,778.72,766.95,50.61,55.85,40.11,2,864.52,693.17
2014-06-06,778.66,773.78,778.94,770.17,-4.62,-0.59,820.56,790.27,778.88,767.49,44.22,51.97,28.71,2,864.44,693.11
2014-06-09,771.72,775.62,781.87,771.47,1.85,0.24,1007.28,789.87,779.18,768.5,42.86,48.94,30.71,2,864.05,692.8
2014-06-10,777.45,784.61,784.61,775.12,8.99,1.16,1349.73,788.93,778.95,768.98,56.12,51.33,65.7,2,864.36,693.05
2014-06-11,783.34,785.59,786.88,782.29,0.98,0.13,1037.51,788.42,778.83,769.25,66.51,56.39,86.74,2,864.98,693.54
2014-06-12,784.62,783.17,786.26,780.88,-2.42,-0.31,990.8,787.44,778.59,769.74,71.41,61.4,91.44,2,864.75,693.36
2014-06-13,782.23,791.05,794.0,782.01,7.88,1.01,1696.6,789.55,779.16,768.77,77.28,66.69,98.46,2,865.94,694.31
2014-06-16,789.99,795.82,797.4,789.65,4.77,0.6,1817.43,792.56,779.89,767.23,83.11,72.17,105.01,2,867.75,695.76
2014-06-17,793.1,786.35,793.1,785.37,-9.47,-1.19,1231.04,792.99,780.64,768.28,75.45,73.26,79.82,2,868.64,696.48
2014-06-18,785.54,783.62,786.79,781.04,-2.73,-0.35,1186.15,792.81,781.28,769.76,66.76,71.09,58.1,2,870.02,697.58
2014-06-19,784.24,772.76,785.64,770.17,-10.86,-1.39,1200.16,793.06,781.04,769.03,47.68,63.29,16.46,2,869.39,697.08
2014-06-20,771.26,776.74,777.21,770.62,3.98,0.52,1005.59,792.96,781.16,769.35,39.83,55.47,8.55,2,869.72,697.34
2014-06-23,776.16,775.96,779.79,774.5,-0.79,-0.1,1002.25,792.99,780.99,769.0,33.64,48.19,4.54,2,869.76,697.37
2014-06-24,774.61,779.39,779.57,773.13,3.43,0.44,1023.99,792.89,780.88,768.86,33.71,43.37,14.41,2,869.18,696.91
2014-06-25,778.01,775.54,778.01,772.74,-3.85,-0.49,924.94,792.88,780.65,768.42,29.05,38.59,9.96,2,868.06,696.02
2014-06-26,776.44,778.95,780.73,775.87,3.42,0.44,965.59,792.4,780.34,768.27,30.11,35.77,18.81,2,867.6,695.64
2014-06-27,777.29,778.75,782.02,774.41,-0.21,-0.03,1033.99,792.34,780.26,768.17,32.55,34.69,28.26,2,866.23,694.55
2014-06-30,778.61,782.82,784.93,778.46,4.07,0.52,1114.74,792.55,780.42,768.29,47.07,38.82,63.57,2,864.79,693.39
2014-07-01,784.66,783.58,787.61,781.18,0.77,0.1,934.87,792.85,780.69,768.52,57.01,44.88,81.27,2,864.48,693.14
2014-07-02,782.0,784.46,784.9,779.09,0.87,0.11,1019.74,792.8,781.35,769.9,65.16,51.64,92.2,2,864.57,693.22
2014-07-03,785.88,790.43,792.26,784.27,5.97,0.76,1315.59,793.97,781.95,769.93,73.65,58.98,102.99,2,866.53,694.79
2014-07-04,789.98,789.44,791.73,787.18,-0.99,-0.13,1093.16,794.56,782.73,770.91,77.62,65.19,102.47,2,867.94,695.92
2014-07-07,789.35,788.53,791.75,785.67,-0.91,-0.11,1071.34,794.99,783.38,771.77,78.71,69.7,96.73,0,869.34,697.04
2014-07-08,788.13,791.42,791.73,784.76,2.89,0.37,1004.52,795.84,783.72,771.6,84.24,74.54,103.62,0,870.68,698.11
2014-07-09,790.71,781.52,791.59,780.96,-9.9,-1.25,1264.33,795.64,783.52,771.39,69.44,72.84,62.62,2,871.34,698.64
2014-07-10,782.43,783.59,786.29,781.29,2.07,0.27,1292.58,795.66,783.54,771.41,58.68,68.12,39.8,2,871.85,699.05
2014-07-11,780.3,785.54,789.33,780.16,1.95,0.25,1536.54,794.93,783.26,771.59,55.45,63.9,38.55,2,872.61,699.66
2014-07-14,786.37,793.76,793.89,785.43,8.22,1.05,1629.42,794.41,783.16,771.9,70.0,65.93,78.15,2,873.82,700.63
2014-07-15,793.16,794.49,795.72,789.5,0.73,0.09,1771.6,795.8,783.56,771.33,77.37,69.74,92.62,2,875.03,701.6
2014-07-16,793.18,795.59,799.11,792.7,1.1,0.14,2248.85,797.47,784.16,770.85,78.72,72.74,90.69,2,876.27,702.59
2014-07-17,792.84,788.26,793.52,785.29,-7.33,-0.92,1386.26,797.27,784.94,772.61,66.73,70.73,58.72,2,876.03,702.4
2014-07-18,784.46,790.27,795.04,783.22,2.02,0.26,1821.82,797.55,785.61,773.68,62.27,67.91,50.98,2,876.12,702.47
2014-07-21,789.62,793.71,794.16,789.5,3.43,0.43,1442.46,798.07,786.5,774.93,65.35,67.06,61.93,2,876.69,702.94
2014-07-22,792.78,803.88,806.94,792.59,10.17,1.28,2058.3,801.07,787.73,774.38,73.09,69.07,81.13,2,878.08,704.04
2014-07-23,803.69,807.73,810.66,803.52,3.85,0.48,2285.68,804.1,789.34,774.57,78.86,72.33,91.91,2,880.99,706.38
2014-07-24,809.05,824.57,824.57,809.05,16.85,2.09,3483.12,812.21,791.62,771.03,85.9,76.86,104.0,2,885.54,710.02
2014-07-25,826.6,834.47,835.05,826.19,9.9,1.2,2398.09,821.37,794.4,767.44,90.23,81.31,108.06,2,890.97,714.38
2014-07-28,837.05,855.93,858.23,837.05,21.45,2.57,5093.42,835.53,798.06,760.59,92.46,85.03,107.33,2,897.87,719.91
2014-07-29,856.9,856.87,861.6,852.26,0.95,0.11,3885.54,846.44,801.72,757.0,92.96,87.68,103.54,2,904.79,725.46
2014-07-30,851.63,847.49,856.2,846.12,-9.38,-1.1,3476.62,853.04,804.87,756.71,89.31,88.22,91.49,2,910.55,730.08
2014-07-31,847.86,856.44,856.82,845.92,8.95,1.06,2611.48,860.77,808.18,755.58,90.49,88.98,93.51,2,918.12,736.15
2014-08-01,852.88,849.63,864.52,849.36,-6.8,-0.79,3396.75,865.99,811.18,756.38,86.76,88.24,83.8,2,924.71,741.43
2014-08-04,852.77,868.23,868.36,851.43,18.59,2.19,3383.82,874.23,815.17,756.11,91.11,89.19,94.93,2,932.98,748.07
2014-08-05,869.53,864.25,871.06,859.15,-3.98,-0.46,2592.57,880.49,818.81,757.13,90.41,89.6,92.03,2,939.68,753.44
2014-08-06,859.22,861.18,863.85,848.41,-3.07,-0.36,2517.85,884.61,822.79,760.98,86.27,88.49,81.82,2,945.62,758.2
2014-08-07,861.89,848.47,863.02,847.67,-12.71,-1.48,2700.55,886.07,826.04,766.01,68.7,81.89,42.33,2,948.27,760.32
2014-08-08,847.61,847.67,851.04,843.67,-0.81,-0.09,2164.08,886.86,829.14,771.43,50.67,71.49,9.04,2,949.73,761.5
2014-08-11,850.11,860.3,860.97,849.93,12.64,1.49,2067.62,889.31,832.47,775.64,54.02,65.66,30.73,2,950.22,761.89
2014-08-12,858.54,856.2,858.54,850.63,-4.1,-0.48,1965.13,890.48,835.56,780.64,51.26,60.86,32.06,2,950.14,761.83
2014-08-13,856.49,853.87,858.56,846.76,-2.34,-0.27,2124.92,890.72,838.47,786.22,46.59,56.1,27.55,2,950.85,762.4
2014-08-14,853.19,847.98,857.38,846.78,-5.89,-0.69,2043.18,888.45,841.46,794.47,36.3,49.5,9.9,2,949.91,761.64
2014-08-15,847.84,855.87,857.76,846.48,7.89,0.93,2035.21,885.76,844.74,803.72,39.05,46.02,25.11,2,950.61,762.2
2014-08-18,857.09,859.17,862.54,855.65,3.3,0.39,1974.76,882.08,848.01,813.94,51.64,47.89,59.13,2,949.6,761.39
2014-08-19,859.41,856.67,859.76,851.27,-2.5,-0.29,1939.28,878.19,850.65,823.11,56.82,50.87,68.72,2,948.76,760.72
2014-08-20,855.43,853.44,856.71,851.68,-3.23,-0.38,1677.69,872.18,852.94,833.69,55.14,52.29,60.83,2,947.9,760.03
2014-08-21,853.47,848.91,853.87,841.5,-4.53,-0.53,1916.11,868.54,854.15,839.77,48.5,51.03,43.44,2,947.95,760.07
2014-08-22,847.97,851.9,852.7,846.85,2.99,0.35,1607.45,866.31,855.02,843.74,48.81,50.29,45.85,2,948.42,760.44
2014-08-25,852.39,843.61,852.93,841.65,-8.3,-0.97,1801.88,866.73,854.41,842.09,35.88,45.49,16.67,2,946.57,758.96
2014-08-26,842.68,836.33,846.42,834.59,-7.27,-0.86,1764.03,867.93,853.38,838.83,26.0,38.99,0.01,2,944.36,757.19
2014-08-27,836.33,837.57,839.09,834.75,1.24,0.15,1281.63,868.81,852.88,836.95,20.88,32.95,-3.25,2,942.55,755.74
2014-08-28,838.49,833.62,841.84,833.59,-3.95,-0.47,1601.29,869.64,851.74,833.85,13.96,26.62,-11.37,2,940.96,754.46
2014-08-29,836.92,845.75,846.16,834.82,12.14,1.46,1751.17,869.62,851.55,833.48,24.79,26.01,22.36,2,939.83,753.56
2014-09-01,845.86,850.11,850.92,844.92,4.36,0.52,1819.49,867.01,850.64,834.28,40.35,30.79,59.46,2,938.83,752.75
2014-09-02,851.78,861.29,861.61,848.25,11.18,1.32,2702.77,866.42,850.5,834.58,59.85,40.48,98.6,2,939.34,753.17
2014-09-03,862.02,870.69,872.16,862.02,9.4,1.09,3066.0,868.61,850.97,833.33,71.96,50.97,113.94,2,941.26,754.7
2014-09-04,872.07,876.14,876.99,868.49,5.45,0.63,2511.74,873.07,852.35,831.64,80.66,60.87,120.23,2,944.28,757.12
2014-09-05,879.33,889.39,890.18,879.33,13.26,1.51,3232.58,880.55,854.44,828.33,86.64,69.46,121.0,2,948.44,760.46
2014-09-09,890.1,886.47,891.7,884.75,-2.93,-0.33,2334.96,885.3,855.75,826.2,88.09,75.67,112.94,2,953.2,764.28
2014-09-10,883.53,880.46,883.53,877.59,-6.0,-0.68,2138.38,888.41,856.96,825.51,85.61,78.98,98.87,2,958.1,768.2
2014-09-11,880.05,876.56,889.26,874.35,-3.9,-0.44,2382.49,890.64,858.1,825.55,81.54,79.84,84.94,0,962.42,771.67
2014-09-12,875.41,882.61,882.83,873.71,6.04,0.69,2038.21,893.69,859.83,825.96,81.21,80.29,83.05,2,967.86,776.03
2014-09-15,880.52,881.32,881.83,875.37,-1.28,-0.15,2379.66,896.16,861.1,826.04,79.51,80.03,78.47,2,971.81,779.2
2014-09-16,881.81,872.82,889.7,871.51,-8.51,-0.97,4284.9,897.2,861.78,826.37,65.14,75.07,45.28,2,974.33,781.22
2014-09-17,874.02,875.73,878.15,869.47,2.92,0.33,2526.98,898.57,862.74,826.9,53.82,67.99,25.5,2,975.93,782.5
2014-09-18,873.83,877.42,880.8,871.13,1.69,0.19,2818.65,900.05,863.94,827.82,47.8,61.26,20.89,2,976.68,783.1
2014-09-19,877.35,882.46,884.19,874.2,5.04,0.57,2507.86,901.9,865.61,829.33,51.35,57.95,38.13,2,977.38,783.67
2014-09-22,879.22,864.44,879.22,862.26,-18.02,-2.04,2459.56,901.99,866.24,830.49,36.88,50.93,8.78,2,974.61,781.45
2014-09-23,864.24,871.18,872.52,864.22,6.74,0.78,1825.89,901.86,867.62,833.37,35.42,45.76,14.75,2,972.91,780.08
2014-09-24,868.36,884.74,885.97,866.82,13.56,1.56,3225.74,901.85,870.04,838.23,50.92,47.48,57.81,2,973.39,780.47
2014-09-25,888.17,882.88,891.26,879.67,-1.86,-0.21,2751.79,900.83,872.3,843.78,57.65,50.87,71.21,2,974.09,781.03
2014-09-26,880.21,881.35,882.26,876.14,-1.53,-0.17,1697.16,897.23,874.69,852.15,60.38,54.04,73.05,2,973.95,780.92
2014-09-29,884.37,886.18,888.92,881.51,4.83,0.55,2814.31,895.43,876.71,857.99,67.74,58.61,86.02,2,974.49,781.35
2014-09-30,887.19,886.57,888.17,883.95,0.38,0.04,2198.59,893.2,878.54,863.87,73.11,63.44,92.44,2,976.02,782.57
2014-10-08,888.8,894.89,894.89,884.8,8.33,0.94,2876.73,894.28,880.22,866.15,82.07,69.65,106.91,2,978.14,784.28
2014-10-09,894.24,896.34,896.89,889.66,1.44,0.16,2988.51,896.5,881.5,866.49,87.52,75.61,111.34,2,980.24,785.96
2014-10-10,892.69,889.98,894.95,886.94,-6.36,-0.71,2805.64,897.42,882.19,866.96,84.63,78.61,96.66,2,981.08,786.63
2014-10-13,886.69,884.58,888.15,876.93,-5.4,-0.61,2454.73,896.86,881.95,867.04,76.11,77.78,72.76,2,983.31,788.42
2014-10-14,884.2,882.11,890.29,878.48,-2.47,-0.28,2533.59,896.5,881.73,866.96,60.33,71.96,37.06,2,984.53,789.4
2014-10-15,880.56,887.68,888.71,877.22,5.57,0.63,2310.25,897.07,882.09,867.11,58.76,67.56,41.15,2,984.85,789.66
2014-10-16,882.99,890.4,903.92,880.42,2.72,0.31,4608.37,897.95,882.78,867.61,55.81,63.64,40.14,2,985.69,790.33
2014-10-17,889.52,885.89,891.09,875.88,-4.51,-0.51,3443.66,898.18,882.95,867.72,49.1,58.8,29.72,2,986.19,790.73
2014-10-20,888.21,888.8,890.18,883.92,2.91,0.33,2118.49,898.74,883.32,867.9,48.1,55.23,33.83,2,986.48,790.96
2014-10-21,889.22,881.98,890.85,881.66,-6.83,-0.77,2143.35,898.45,883.78,869.11,39.32,49.92,18.1,2,985.97,790.56
2014-10-22,882.62,879.17,886.77,878.45,-2.81,-0.32,2152.84,898.32,883.95,869.59,30.12,43.32,3.72,2,984.23,789.16
2014-10-23,879.61,874.43,886.66,872.88,-4.74,-0.54,2867.88,898.5,883.8,869.11,21.75,36.13,-7.03,2,981.8,787.21
2014-10-24,875.57,870.72,878.73,869.21,-3.71,-0.42,2214.9,898.98,883.22,867.46,15.95,29.4,-10.96,2,979.66,785.49
2014-10-27,867.69,861.98,867.69,858.03,-8.74,-1.0,2010.86,899.46,883.09,866.72,13.5,24.1,-7.7,2,977.15,783.48
2014-10-28,863.01,881.55,881.7,863.01,19.57,2.27,2646.98,899.07,883.61,868.15,26.08,24.76,28.73,2,977.09,783.43
2014-10-29,884.42,893.91,896.77,880.68,12.36,1.4,3910.22,900.17,884.07,867.97,48.26,32.6,79.59,2,977.78,783.99
2014-10-30,893.27,908.35,909.62,891.25,14.44,1.62,4906.59,904.59,885.34,866.1,64.69,43.29,107.48,2,979.77,785.58
2014-10-31,909.7,920.57,922.59,906.34,12.22,1.34,6906.67,911.8,887.3,862.81,75.42,54.0,118.25,2,983.62,788.67
2014-11-03,923.35,923.2,927.16,918.35,2.63,0.29,4716.98,918.2,889.16,860.11,81.7,63.23,118.63,2,987.44,791.73
2014-11-04,924.7,931.66,933.78,920.33,8.46,0.92,5425.35,925.81,891.41,857.01,86.87,71.11,118.38,2,992.95,796.15
2014-11-05,934.88,925.99,936.36,925.35,-5.68,-0.61,4142.94,930.52,892.96,855.41,86.83,76.35,107.79,2,998.15,800.32
2014-11-06,926.79,929.52,930.24,918.35,3.54,0.38,3472.2,935.42,894.62,853.83,88.31,80.34,104.26,2,1004.27,805.22
2014-11-07,930.36,922.5,938.02,917.61,-7.03,-0.76,5256.19,938.73,896.25,853.77,85.31,82.0,91.94,2,1010.01,809.83
2014-11-10,931.05,949.38,949.38,926.72,26.89,2.91,7161.41,947.45,899.49,851.53,90.21,84.73,101.16,2,1019.72,817.61
2014-11-11,951.65,950.26,963.42,941.3,0.87,0.09,10284.69,954.94,902.9,850.85,87.39,85.62,90.94,2,1027.34,823.73
2014-11-12,945.65,956.51,956.65,941.19,6.25,0.66,5226.73,962.82,906.34,849.86,87.56,86.27,90.15,2,1034.29,829.3
2014-11-13,956.98,954.5,961.13,947.54,-2.01,-0.21,5506.76,969.23,909.54,849.86,85.22,85.92,83.82,2,1039.41,833.4
2014-11-14,950.26,953.67,953.84,944.43,-0.83,-0.09,3809.59,974.53,912.93,851.34,83.05,84.96,79.23,2,1043.09,836.35
2014-11-17,972.79,948.66,972.79,947.79,-5.01,-0.53,4416.04,978.35,915.93,853.5,74.12,81.35,59.67,2,1045.91,838.62
2014-11-18,950.73,940.14,950.73,937.71,-8.52,-0.9,4358.76,980.07,918.83,857.6,63.03,75.24,38.6,2,1046.86,839.37
2014-11-19,938.44,935.14,940.57,932.66,-5.01,-0.53,3244.86,980.43,921.63,862.84,52.61,67.7,22.43,2,1047.87,840.18
2014-11-20,931.35,935.83,938.37,929.34,0.69,0.07,2843.86,979.6,924.7,869.8,41.66,59.02,6.95,2,1048.57,840.75
2014-11-21,936.18,948.13,948.59,933.59,12.3,1.31,3668.18,978.38,928.57,878.76,42.19,53.41,19.75,2,1051.42,843.03
2014-11-24,957.46,972.01,977.7,950.27,23.88,2.52,7943.44,977.09,934.07,891.06,57.54,54.79,63.04,2,1053.93,845.04
2014-11-25,971.89,985.5,985.83,968.91,13.49,1.39,5843.33,980.74,939.27,897.81,71.5,60.36,93.78,2,1057.84,848.18
2014-11-26,987.6,993.87,994.23,983.4,8.37,0.85,7035.72,986.74,944.27,901.79,80.81,67.18,108.09,2,1061.99,851.5
2014-11-27,998.16,1000.09,1001.22,987.54,6.22,0.63,7932.84,994.52,948.86,903.19,86.68,73.68,112.7,2,1067.05,855.56
2014-11-28,998.76,1028.97,1028.97,993.27,28.88,2.89,13271.53,1009.88,954.28,898.68,91.12,79.49,114.38,2,1075.41,862.26
2014-12-01,1031.33,1026.86,1044.7,1023.13,-2.11,-0.2,11962.1,1021.46,959.46,897.46,88.93,82.64,101.51,2,1084.09,869.22
2014-12-02,1022.2,1057.59,1065.33,1021.74,30.73,2.99,12343.05,1039.63,965.76,891.88,90.72,85.33,101.5,2,1097.12,879.68
2014-12-03,1059.51,1067.95,1090.12,1050.41,10.36,0.98,14957.06,1056.69,972.85,889.02,89.09,86.59,94.11,2,1111.86,891.5
2014-12-04,1071.02,1108.88,1109.07,1066.13,40.94,3.83,14217.59,1081.98,981.82,881.67,92.69,88.62,100.83,0,1131.07,906.9
2014-12-05,1117.18,1104.78,1133.49,1070.27,-4.1,-0.37,17512.42,1100.57,990.94,881.3,89.31,88.85,90.23,0,1148.46,920.84
2014-12-08,1097.62,1152.63,1158.48,1088.42,47.85,4.33,16291.48,1129.51,1001.1,872.69,91.76,89.82,95.64,0,1168.51,936.91
2014-12-09,1146.51,1105.31,1202.95,1094.6,-47.33,-4.11,20510.69,1142.66,1008.85,875.04,79.4,86.35,65.5,0,1181.81,947.58
2014-12-10,1112.61,1154.35,1155.54,1099.31,49.04,4.44,13360.62,1164.34,1018.74,873.14,78.54,83.74,68.13,0,1199.62,961.86
2014-12-11,1148.77,1153.22,1173.1,1133.8,-1.13,-0.1,10499.88,1182.29,1028.68,875.07,76.54,81.34,66.95,0,1216.62,975.49
2014-12-12,1154.78,1155.26,1163.34,1145.73,2.04,0.18,8042.19,1197.72,1038.76,879.8,75.59,79.43,67.92,0,1230.64,986.73
2014-12-15,1146.68,1162.7,1167.74,1135.13,7.44,0.64,8642.14,1211.51,1049.46,887.41,74.93,77.93,68.94,0,1245.72,998.82
2014-12-16,1162.56,1183.36,1183.46,1156.85,20.67,1.78,10685.46,1225.52,1061.62,897.72,78.52,78.12,79.3,0,1259.68,1010.01
2014-12-17,1188.54,1207.85,1213.17,1179.11,24.48,2.07,16373.2,1240.17,1075.26,910.34,84.44,80.23,92.85,0,1275.21,1022.46
2014-12-18,1218.82,1227.43,1241.65,1205.22,19.58,1.62,12550.75,1254.43,1089.84,925.25,86.53,82.33,94.93,0,1288.36,1033.01
2014-12-19,1229.97,1276.92,1279.01,1226.76,49.49,4.03,12851.84,1276.55,1106.28,936.01,90.64,85.1,101.73,0,1307.47,1048.33
2014-12-22,1307.2,1298.12,1335.8,1285.53,21.2,1.66,20695.23,1300.58,1122.58,944.58,88.45,86.22,92.92,0,1323.62,1061.28
2014-12-23,1275.03,1252.74,1309.89,1235.73,-45.37,-3.5,13808.65,1310.87,1135.94,961.02,78.59,83.68,68.43,0,1339.99,1074.4
2014-12-24,1247.44,1212.88,1251.26,1195.19,-39.86,-3.18,10823.29,1312.02,1146.89,981.77,65.31,77.55,40.82,2,1346.48,1079.61
2014-12-25,1222.91,1265.83,1265.99,1209.66,52.94,4.37,11080.14,1318.55,1160.18,1001.82,65.25,73.45,48.85,2,1358.98,1089.64
2014-12-26,1269.64,1297.26,1304.95,1257.61,31.44,2.48,13871.17,1330.68,1173.6,1016.51,69.66,72.19,64.59,2,1374.74,1102.27
2014-12-29,1307.38,1309.81,1333.73,1288.93,12.55,0.97,16228.98,1340.32,1187.74,1035.17,74.24,72.87,76.98,2,1391.07,1115.37
2014-12-30,1304.34,1310.77,1319.14,1291.46,0.96,0.07,12571.41,1349.66,1200.4,1051.15,76.89,74.21,82.26,2,1405.22,1126.71
2014-12-31,1321.09,1341.33,1347.83,1309.6,30.57,2.33,13679.47,1362.37,1214.07,1065.77,83.18,77.2,95.13,2,1420.03,1138.59
2015-01-05,1359.4,1390.07,1399.4,1355.41,48.74,3.63,15606.94,1386.83,1228.13,1069.44,87.26,80.55,100.68,2,1438.09,1153.06
2015-01-06,1385.24,1394.01,1414.46,1374.89,3.94,0.28,15155.31,1406.32,1242.59,1078.86,88.4,83.17,98.86,2,1451.08,1163.48
2015-01-07,1390.87,1398.67,1406.48,1382.1,4.65,0.33,10214.78,1426.52,1254.89,1083.27,89.87,85.4,98.79,2,1462.24,1172.43
2015-01-08,1405.13,1360.37,1407.54,1356.51,-38.3,-2.74,9700.32,1430.6,1267.65,1104.69,84.44,85.08,83.16,2,1474.19,1182.01
2015-01-09,1359.21,1367.23,1419.74,1353.27,6.87,0.5,13549.49,1438.03,1278.29,1118.55,78.83,83.0,70.5,2,1491.32,1195.75
2015-01-12,1355.25,1341.35,1363.56,1324.08,-25.89,-1.89,10135.84,1438.8,1287.7,1136.6,65.91,77.3,43.13,2,1499.71,1202.47
2015-01-13,1337.02,1345.42,1353.69,1334.07,4.07,0.3,6230.88,1437.3,1297.21,1157.11,57.96,70.86,32.18,2,1505.05,1206.75
2015-01-14,1351.3,1335.44,1361.2,1324.01,-9.98,-0.74,7634.68,1432.35,1305.84,1179.34,46.46,62.72,13.94,2,1507.9,1209.03
2015-01-15,1334.34,1385.51,1385.81,1326.49,50.07,3.75,9649.93,1433.69,1315.95,1198.21,52.39,59.28,38.61,2,1516.19,1215.69
2015-01-16,1389.94,1406.37,1418.24,1385.01,20.87,1.51,11842.07,1438.87,1325.88,1212.88,63.6,60.72,69.37,2,1523.41,1221.48
2015-01-19,1317.78,1288.33,1356.09,1277.59,-118.04,-8.39,13523.55,1434.15,1328.92,1223.69,44.92,55.45,23.85,2,1512.12,1212.42
2015-01-20,1288.6,1316.68,1328.97,1285.99,28.35,2.2,11115.85,1433.61,1330.91,1228.21,39.11,50.01,17.33,2,1503.54,1205.54
2015-01-21,1329.49,1372.36,1377.37,1321.53,55.68,4.23,13234.73,1437.68,1334.62,1231.57,48.3,49.44,46.02,2,1500.62,1203.2
2015-01-22,1371.53,1375.56,1382.2,1353.22,3.2,0.23,9531.41,1438.05,1340.76,1243.48,55.42,51.43,63.39,2,1502.3,1204.55
2015-01-23,1379.06,1377.37,1400.37,1368.32,1.8,0.13,10058.61,1427.67,1348.99,1270.31,60.59,54.48,72.81,2,1503.43,1205.45
2015-01-26,1376.76,1384.96,1385.51,1364.04,7.59,0.55,7802.21,1425.12,1354.94,1284.77,65.84,58.27,80.98,2,1508.27,1209.33
2015-01-27,1389.62,1383.87,1391.03,1351.79,-1.08,-0.08,10458.0,1425.24,1359.27,1293.31,69.08,61.87,83.5,2,1512.54,1212.75
2015-01-28,1370.03,1358.92,1381.25,1353.79,-24.95,-1.8,7562.34,1423.68,1361.73,1299.78,65.33,63.03,69.94,2,1515.14,1214.84
2015-01-29,1340.19,1344.18,1358.37,1335.56,-14.74,-1.08,6839.4,1421.44,1363.4,1305.36,61.63,62.56,59.77,2,1510.55,1211.17
2015-01-30,1349.32,1311.24,1352.56,1310.67,-32.94,-2.45,6761.75,1423.59,1361.9,1300.2,48.45,57.86,29.63,2,1500.0,1202.7
2015-02-02,1283.59,1267.0,1289.14,1265.44,-44.24,-3.37,7007.39,1428.53,1355.74,1282.96,32.68,49.46,-0.88,2,1497.63,1200.8
2015-02-03,1279.95,1294.2,1294.61,1265.85,27.2,2.15,6937.54,1426.0,1350.75,1275.5,28.89,42.61,1.46,2,1495.13,1198.8
2015-02-04,1299.21,1290.23,1309.61,1288.44,-3.97,-0.31,6278.26,1421.61,1345.33,1269.05,25.39,36.87,2.42,2,1486.02,1191.49
2015-02-05,1322.09,1264.37,1322.09,1264.05,-25.86,-2.0,8899.12,1424.15,1340.53,1256.91,17.01,30.25,-9.47,2,1473.67,1181.59
2015-02-06,1257.7,1238.21,1261.66,1228.8,-26.16,-2.07,6164.76,1427.76,1334.08,1240.4,13.27,24.59,-9.36,2,1458.23,1169.21
2015-02-09,1235.79,1248.89,1259.42,1231.22,10.67,0.86,5499.96,1430.11,1329.46,1228.8,13.24,20.81,-1.89,1,1443.12,1157.1
2015-02-10,1250.18,1273.02,1274.1,1246.02,24.13,1.93,5190.61,1429.11,1325.84,1222.56,20.2,20.61,19.4,1,1430.82,1147.23
2015-02-11,1278.16,1277.03,1283.87,1272.46,4.01,0.31,3988.23,1428.22,1322.92,1217.61,26.46,22.56,34.26,2,1421.73,1139.94
2015-02-12,1278.21,1285.14,1289.02,1268.98,8.11,0.64,4963.19,1420.32,1317.9,1215.47,37.77,27.63,58.05,2,1415.18,1134.69
2015-02-13,1288.96,1294.03,1309.55,1286.87,8.89,0.69,6675.8,1406.69,1312.28,1217.87,48.49,34.58,76.3,2,1413.27,1133.16
2015-02-16,1293.88,1301.42,1303.35,1289.77,7.39,0.57,5135.06,1406.85,1312.93,1219.02,58.27,42.48,89.86,2,1417.09,1136.22
2015-02-17,1305.21,1313.31,1317.88,1305.03,11.88,0.91,4988.26,1406.66,1312.77,1218.87,69.04,51.33,104.47,2,1419.21,1137.92
2015-02-25,1316.54,1299.39,1316.54,1293.13,-13.91,-1.06,4780.25,1399.06,1309.12,1219.18,72.44,58.37,100.59,2,1420.22,1138.74
2015-02-26,1296.68,1338.68,1339.91,1288.67,39.29,3.02,8517.68,1393.11,1307.27,1221.44,81.25,66.0,111.76,2,1428.47,1145.35
2015-02-27,1337.39,1339.78,1346.89,1334.7,1.11,0.08,7515.39,1386.52,1305.39,1224.27,85.15,72.38,110.69,2,1439.75,1154.39
2015-03-02,1350.73,1345.85,1351.6,1333.78,6.07,0.45,7201.24,1378.45,1303.44,1228.42,87.78,77.52,108.31,0,1450.51,1163.02
2015-03-03,1336.84,1315.59,1336.84,1314.5,-30.26,-2.25,8230.66,1365.72,1300.02,1234.32,77.33,77.45,77.07,0,1455.23,1166.81
2015-03-04,1317.53,1318.68,1324.63,1308.06,3.09,0.23,5875.11,1358.64,1298.01,1237.38,67.93,74.28,55.24,2,1459.86,1170.52
2015-03-05,1309.21,1303.75,1309.47,1284.95,-14.93,-1.13,7269.65,1352.91,1295.99,1239.07,54.69,67.75,28.57,2,1461.92,1172.17
2015-03-06,1304.1,1303.32,1311.29,1297.81,-0.43,-0.03,5476.64,1352.2,1295.59,1238.99,45.65,60.38,16.18,2,1462.95,1173.0
2015-03-09,1297.08,1331.0,1334.39,1285.73,27.68,2.12,9021.51,1355.8,1298.79,1241.79,53.46,58.08,44.24,2,1466.24,1175.63
2015-03-10,1326.51,1317.62,1329.17,1315.37,-13.38,-1.01,6583.89,1357.51,1299.97,1242.42,51.98,56.04,43.85,2,1466.72,1176.02
2015-03-11,1320.16,1322.15,1338.85,1317.36,4.52,0.34,6164.36,1359.7,1301.56,1243.42,53.26,55.12,49.54,2,1469.24,1178.04
2015-03-12,1335.35,1348.87,1354.09,1324.08,26.73,2.02,10903.47,1364.78,1305.79,1246.79,66.32,58.85,81.26,2,1470.37,1178.95
2015-03-13,1352.62,1356.94,1368.73,1348.75,8.07,0.6,9170.16,1366.03,1311.72,1257.42,72.86,63.52,91.53,2,1472.28,1180.48
2015-03-16,1363.16,1379.54,1379.74,1352.69,22.61,1.67,8537.42,1372.19,1318.26,1264.32,81.83,69.62,106.25,2,1476.02,1183.47
2015-03-17,1390.53,1400.1,1406.13,1386.13,20.56,1.49,11704.1,1385.25,1324.61,1263.97,86.23,75.16,108.37,2,1485.4,1191.0
2015-03-18,1401.41,1433.56,1433.68,1397.46,33.46,2.39,12875.19,1405.61,1332.44,1259.27,90.79,80.37,111.64,2,1498.15,1201.22
2015-03-19,1435.87,1443.9,1453.76,1422.03,10.34,0.72,12593.07,1424.87,1340.37,1255.88,91.91,84.22,107.29,2,1513.71,1213.69
2015-03-20,1446.14,1446.6,1452.1,1430.44,2.7,0.19,13264.05,1441.46,1348.0,1254.55,92.88,87.1,104.43,2,1529.61,1226.44
2015-03-23,1458.44,1477.79,1482.99,1458.44,31.19,2.16,11907.38,1463.39,1356.82,1250.25,94.21,89.47,103.68,0,1545.9,1239.51
2015-03-24,1480.07,1479.35,1482.79,1444.9,1.56,0.11,13538.63,1482.2,1365.12,1248.05,95.37,91.44,103.24,0,1563.86,1253.9
2015-03-25,1475.61,1466.67,1482.46,1451.68,-12.68,-0.86,11798.72,1494.42,1373.49,1252.56,92.86,91.91,94.76,0,1579.9,1266.77
2015-03-26,1460.47,1480.03,1488.63,1452.43,13.36,0.91,11333.42,1508.82,1380.55,1252.29,93.13,92.32,94.76,0,1594.46,1278.44
2015-03-27,1483.99,1490.86,1500.83,1469.59,10.83,0.73,11221.57,1523.48,1388.11,1252.74,92.53,92.39,92.8,0,1609.32,1290.36
2015-03-30,1506.69,1551.9,1557.45,1506.69,61.04,4.09,16176.73,1549.77,1398.41,1247.05,93.86,92.88,95.82,0,1628.45,1305.7
2015-03-31,1573.83,1528.85,1576.51,1524.64,-23.05,-1.49,15231.03,1565.55,1409.07,1252.6,85.62,90.46,75.95,0,1642.75,1317.16
2015-04-01,1528.73,1554.95,1559.53,1525.72,26.1,1.71,10596.44,1583.83,1420.89,1257.95,85.5,88.81,78.88,0,1656.22,1327.96
2015-04-02,1563.11,1554.86,1564.69,1533.94,-0.1,-0.01,10181.17,1597.04,1433.44,1269.85,84.85,87.49,79.57,0,1668.54,1337.84
2015-04-03,1546.01,1558.85,1559.08,1540.22,3.99,0.26,8789.53,1607.06,1446.22,1285.38,85.43,86.8,82.68,0,1681.0,1347.83
2015-04-07,1579.45,1592.44,1592.82,1573.22,33.59,2.15,12498.79,1623.02,1459.29,1295.56,90.19,87.93,94.72,0,1693.72,1358.03
2015-04-08,1604.34,1613.14,1613.58,1584.4,20.7,1.3,15054.53,1637.33,1474.07,1310.81,93.37,89.74,100.63,0,1708.57,1369.94
2015-04-09,1621.68,1601.47,1621.9,1575.53,-11.67,-0.72,14509.02,1644.57,1488.03,1331.5,91.11,90.2,92.93,0,1723.54,1381.93
2015-04-10,1595.88,1625.12,1627.99,1586.2,23.65,1.48,11645.59,1655.55,1501.85,1348.14,93.28,91.23,97.4,0,1739.64,1394.85
2015-04-13,1642.05,1674.49,1678.59,1642.05,49.37,3.04,15171.81,1673.86,1517.72,1361.58,94.64,92.36,99.18,0,1760.02,1411.19
2015-04-14,1686.07,1701.1,1717.9,1671.38,26.61,1.59,14413.31,1695.83,1533.8,1371.78,93.51,92.75,95.04,0,1776.58,1424.47
2015-04-15,1709.63,1712.28,1751.79,1698.22,11.18,0.66,17314.37,1716.96,1549.41,1381.86,89.63,91.71,85.47,0,1796.95,1440.79
2015-04-16,1706.27,1771.6,1771.7,1695.29,59.32,3.46,15581.37,1751.03,1566.31,1381.6,93.07,92.16,94.89,0,1820.99,1460.08
2015-04-17,1810.81,1846.59,1860.61,1810.81,74.99,4.23,19018.82,1799.08,1586.45,1373.82,93.75,92.69,95.88,0,1853.38,1486.04
2015-04-20,1880.56,1862.95,1922.52,1832.39,16.36,0.89,25890.2,1841.48,1607.26,1373.05,90.11,91.83,86.68,0,1887.13,1513.11
2015-04-21,1856.77,1849.41,1868.79,1804.55,-13.54,-0.73,17631.44,1874.54,1625.85,1377.15,86.39,90.02,79.12,0,1915.65,1535.98
2015-04-22,1835.48,1875.95,1882.36,1819.89,26.54,1.44,17251.57,1907.39,1645.68,1383.96,86.31,88.78,81.36,0,1944.83,1559.37
2015-04-23,1881.32,1884.98,1896.83,1858.72,9.03,0.48,15184.81,1934.53,1666.59,1398.65,86.41,87.99,83.25,0,1976.3,1584.6
2015-04-24,1861.42,1885.08,1901.56,1833.94,0.11,0.01,16001.42,1956.54,1686.84,1417.15,85.97,87.32,83.28,0,2005.15,1607.73
2015-04-27,1910.69,1962.1,1964.84,1902.3,77.02,4.09,19129.02,1989.67,1710.41,1431.14,90.31,88.31,94.3,0,2037.08,1633.33
2015-04-28,1958.38,1949.3,1994.84,1931.93,-12.8,-0.65,24375.78,2018.02,1730.28,1442.53,88.47,88.37,88.68,0,2064.63,1655.42
2015-04-29,1936.91,1942.22,1964.52,1906.72,-7.07,-0.36,13930.8,2037.23,1750.94,1464.66,83.1,86.61,76.07,0,2090.15,1675.89
2015-04-30,1944.91,1922.4,1957.42,1921.39,-19.82,-1.02,13433.43,2050.04,1769.32,1488.59,76.04,83.09,61.95,0,2106.89,1689.31
2015-05-04,1923.86,1944.78,1953.58,1900.07,22.38,1.16,12632.53,2061.29,1788.81,1516.33,75.26,80.48,64.82,2,2117.79,1698.05
2015-05-05,1942.83,1862.62,1945.14,1852.46,-82.15,-4.22,15804.03,2056.66,1804.0,1551.35,58.31,73.09,28.76,2,2117.75,1698.02
2015-05-06,1869.97,1815.96,1887.91,1797.98,-46.67,-2.51,13170.54,2048.44,1815.18,1581.91,41.92,62.7,0.36,2,2114.04,1695.04
2015-05-07,1802.22,1758.26,1808.76,1755.81,-57.7,-3.18,9743.16,2038.5,1822.43,1606.37,28.29,51.23,-17.59,2,2100.97,1684.57
2015-05-08,1773.83,1793.81,1794.11,1739.64,35.55,2.02,9632.58,2023.66,1832.05,1640.44,25.93,42.8,-7.79,2,2090.85,1676.45
2015-05-11,1800.97,1836.08,1836.47,1781.59,42.27,2.36,12121.55,2009.06,1842.6,1676.14,29.89,38.49,12.67,2,2085.42,1672.09
2015-05-12,1834.0,1850.33,1850.68,1821.79,14.26,0.78,11291.48,1998.9,1851.39,1703.88,36.33,37.77,33.45,2,2073.01,1662.14
2015-05-13,1852.49,1827.86,1855.5,1814.33,-22.47,-1.21,10627.84,1988.84,1857.73,1726.61,37.72,37.76,37.66,2,2059.53,1651.33
2015-05-14,1824.46,1820.83,1825.6,1798.21,-7.03,-0.38,8642.38,1977.68,1863.16,1748.63,37.8,37.77,37.86,2,2046.06,1640.53
2015-05-15,1819.62,1790.46,1820.03,1783.19,-30.37,-1.67,8927.15,1975.87,1864.1,1752.33,33.44,36.33,27.67,2,2031.41,1628.79
2015-05-18,1776.51,1756.67,1780.89,1755.43,-33.79,-1.89,7248.31,1980.67,1859.6,1738.53,26.12,32.93,12.52,2,2010.53,1612.05
2015-05-19,1758.13,1813.74,1814.6,1758.13,57.06,3.25,8904.19,1979.83,1857.14,1734.45,38.73,34.86,46.48,2,2005.1,1607.7
2015-05-20,1820.25,1821.89,1852.28,1806.21,8.15,0.45,10618.41,1979.38,1855.77,1732.15,49.49,39.74,68.99,2,2005.76,1608.22
2015-05-21,1823.56,1837.2,1838.81,1810.01,15.31,0.84,8192.8,1977.33,1853.83,1730.32,60.23,46.57,87.55,2,2014.52,1615.25
2015-05-22,1854.72,1895.1,1895.7,1845.98,57.9,3.15,13138.29,1978.43,1854.33,1730.24,73.34,55.49,109.04,2,2025.77,1624.26
2015-05-25,1898.69,1961.65,1961.84,1897.63,66.55,3.51,13989.92,1990.28,1858.16,1726.05,82.2,64.39,117.81,2,2039.71,1635.44
2015-05-26,1975.82,1981.19,1987.88,1942.57,19.54,1.0,12840.65,1994.46,1859.12,1723.77,87.17,71.99,117.54,2,2054.23,1647.09
2015-05-27,1986.09,1961.34,1986.09,1942.89,-19.85,-1.0,12721.72,1996.76,1859.72,1722.68,87.64,77.21,108.52,2,2069.05,1658.97
2015-05-28,1954.31,1840.15,1972.23,1838.84,-121.19,-6.18,14637.32,1986.49,1854.62,1722.74,70.58,75.0,61.74,2,2071.19,1660.69
2015-05-29,1838.4,1832.19,1864.71,1772.23,-7.95,-0.43,11340.65,1978.52,1850.11,1721.69,57.8,69.26,34.86,2,2075.82,1664.4
2015-06-01,1838.18,1916.62,1918.14,1826.86,84.43,4.61,11991.43,1973.5,1848.7,1723.9,60.85,66.46,49.63,2,2093.58,1678.64
2015-06-02,1918.04,1944.73,1945.32,1897.95,28.11,1.47,12285.78,1984.38,1852.8,1721.22,67.23,66.72,68.26,2,2108.12,1690.29
2015-06-03,1947.0,1945.09,1959.37,1915.12,0.36,0.02,12141.26,1995.56,1859.26,1722.96,71.54,68.32,77.97,2,2121.79,1701.26
2015-06-04,1949.77,1972.58,1973.21,1855.54,27.48,1.41,17213.17,2006.53,1869.98,1733.42,78.66,71.77,92.44,2,2136.82,1713.31
2015-06-05,2001.41,2011.64,2015.52,1955.38,39.06,1.98,17630.58,2025.87,1880.87,1735.86,85.24,76.26,103.21,2,2149.76,1723.68
2015-06-08,2038.54,2076.93,2082.79,2020.66,65.29,3.25,23106.59,2059.44,1892.91,1726.38,89.53,80.68,107.23,2,2162.55,1733.94
2015-06-09,2100.35,2047.27,2100.35,2023.0,-29.65,-1.43,22325.81,2080.94,1902.76,1724.58,87.63,83.0,96.89,2,2169.89,1739.82
2015-06-10,2008.75,2011.72,2038.46,1989.57,-35.56,-1.74,14393.64,2092.68,1911.95,1731.22,82.75,82.92,82.42,2,2175.48,1744.3
2015-06-11,2010.2,1990.05,2023.48,1966.35,-21.66,-1.08,12514.18,2099.12,1920.41,1741.7,75.06,80.3,64.58,2,2192.12,1757.64
2015-06-12,1994.45,1990.82,2002.52,1965.26,0.77,0.04,13100.84,2101.16,1930.43,1759.7,68.46,76.35,52.67,2,2209.73,1771.76
2015-06-15,1989.45,1950.44,1998.51,1944.09,-40.37,-2.03,12756.46,2091.16,1940.12,1789.07,58.56,70.42,34.84,2,2213.48,1774.77
2015-06-16,1927.51,1874.09,1938.33,1856.36,-76.36,-3.91,12289.45,2086.16,1943.13,1800.11,41.57,60.8,3.09,2,2205.64,1768.49
2015-06-17,1885.7,1915.85,1922.32,1857.41,41.77,2.23,13154.18,2080.41,1947.83,1815.26,35.84,52.48,2.55,2,2202.39,1765.88
2015-06-18,1900.96,1830.54,1900.96,1830.07,-85.31,-4.45,10966.09,2081.22,1947.5,1813.78,23.95,42.97,-14.09,2,2186.63,1753.24
2015-06-19,1806.42,1728.81,1830.65,1726.94,-101.73,-5.56,10095.74,2102.34,1939.19,1776.03,16.13,34.02,-19.65,2,2155.23,1728.07
2015-06-23,1732.87,1782.15,1783.52,1664.56,53.34,3.09,10374.84,2106.64,1930.21,1753.78,21.24,29.76,4.19,2,2122.51,1701.83
2015-06-24,1789.21,1825.74,1827.1,1772.55,43.59,2.45,10966.62,2102.85,1922.44,1742.02,29.13,29.55,28.28,1,2097.92,1682.12
2015-06-25,1837.18,1764.31,1841.46,1751.06,-61.44,-3.36,12811.63,2104.57,1912.59,1720.6,29.26,29.45,28.87,1,2070.46,1660.1
2015-06-26,1720.37,1633.95,1755.54,1607.91,-130.36,-7.39,13847.38,2127.91,1902.28,1676.64,21.73,26.88,11.43,1,2030.93,1628.41
2015-06-29,1674.26,1605.29,1683.82,1508.26,-28.65,-1.75,15986.04,2149.88,1890.93,1631.98,22.01,25.25,15.51,1,1988.14,1594.09
2015-06-30,1596.31,1715.4,1718.02,1550.46,110.11,6.86,16983.08,2150.46,1880.87,1611.28,31.35,27.28,39.47,1,1962.05,1573.18
2015-07-01,1679.48,1615.92,1713.24,1611.94,-99.48,-5.8,13374.94,2155.67,1864.43,1573.18,30.04,28.2,33.7,1,1933.39,1550.2
2015-07-02,1624.93,1572.79,1637.99,1517.59,-43.14,-2.67,15975.24,2160.69,1845.81,1530.94,26.48,27.63,24.18,1,1895.31,1519.67
2015-07-03,1539.12,1476.27,1582.29,1451.78,-96.52,-6.14,13798.1,2168.54,1821.0,1473.46,19.75,25.0,9.24,1,1855.99,1488.14
2015-07-06,1606.89,1560.07,1606.89,1498.82,83.8,5.68,24482.98,2152.1,1798.42,1444.74,22.43,24.14,19.0,1,1837.26,1473.12
2015-07-07,1518.95,1593.59,1605.32,1487.76,33.51,2.15,26788.65,2114.3,1774.25,1434.21,27.08,25.12,31.0,1,1816.33,1456.34
2015-07-08,1473.0,1485.14,1554.75,1442.11,-108.45,-6.81,28735.92,2084.2,1746.15,1408.09,22.63,24.29,19.31,1,1778.52,1426.02
2015-07-09,1470.33,1589.04,1611.25,1429.67,103.89,7.0,20352.03,2046.46,1725.01,1403.57,33.51,27.37,45.8,2,1759.07,1410.42
2015-07-10,1582.77,1677.05,1715.64,1562.6,88.02,5.54,21886.74,2007.29,1709.36,1411.44,50.94,35.22,82.37,2,1763.85,1414.26
2015-07-13,1669.79,1699.42,1735.6,1638.79,22.36,1.33,17856.71,1963.28,1694.79,1426.31,63.35,44.6,100.85,2,1774.3,1422.64
2015-07-14,1668.24,1630.0,1692.16,1605.22,-69.42,-4.08,15071.94,1921.31,1678.77,1436.23,64.06,51.09,90.01,2,1764.82,1415.04
2015-07-15,1605.51,1588.71,1626.27,1539.09,-41.29,-2.53,13247.35,1892.55,1664.5,1436.46,60.04,54.07,71.97,2,1761.8,1412.62
2015-07-16,1585.84,1596.64,1623.95,1556.74,7.93,0.5,9862.89,1846.71,1648.54,1450.37,58.22,55.45,63.75,2,1764.45,1414.74
2015-07-17,1605.36,1645.67,1662.17,1588.97,49.03,3.07,9843.19,1819.04,1639.3,1459.56,62.35,57.75,71.54,2,1783.25,1429.81
2015-07-20,1638.4,1638.07,1658.41,1619.21,-7.6,-0.46,9871.51,1809.75,1634.76,1459.77,64.27,59.92,72.97,2,1791.91,1436.76
2015-07-21,1623.65,1648.99,1664.53,1612.32,10.92,0.67,9144.69,1789.78,1628.1,1466.42,66.74,62.2,75.84,2,1798.06,1441.69
2015-07-22,1637.42,1634.45,1648.12,1607.16,-14.54,-0.88,8630.34,1752.59,1618.54,1484.48,60.67,61.69,58.64,2,1814.63,1454.98
2015-07-23,1631.65,1661.28,1666.09,1627.68,26.83,1.64,8937.51,1731.63,1613.39,1495.15,61.17,61.52,60.49,2,1822.65,1461.4
2015-07-24,1659.69,1636.35,1687.3,1629.39,-24.93,-1.5,9930.35,1731.83,1613.51,1495.18,61.96,61.67,62.56,2,1818.13,1457.78
2015-07-27,1603.3,1490.72,1619.83,1489.81,-145.63,-8.9,10283.29,1737.67,1607.78,1477.89,41.46,54.93,14.52,2,1794.97,1439.21
2015-07-28,1446.38,1468.59,1502.13,1418.06,-22.13,-1.48,10127.56,1728.93,1595.44,1461.94,33.9,47.92,5.85,2,1777.05,1424.84
2015-07-29,1478.09,1520.47,1523.05,1457.15,51.88,3.53,7402.79,1727.67,1590.67,1453.66,35.28,43.71,18.42,2,1769.48,1418.77
2015-07-30,1511.86,1473.82,1529.23,1466.93,-46.65,-3.07,7111.46,1731.79,1585.72,1439.64,30.42,39.28,12.71,2,1755.84,1407.84
2015-07-31,1459.66,1476.91,1491.51,1454.13,3.09,0.21,5852.03,1731.73,1585.75,1439.77,27.57,35.37,11.95,2,1737.11,1392.82
2015-08-03,1462.08,1498.7,1498.98,1456.2,21.8,1.48,6812.06,1733.2,1582.68,1432.16,28.36,33.04,19.01,2,1721.64,1380.41
2015-08-04,1497.86,1541.43,1541.5,1485.91,42.73,2.85,5388.91,1731.55,1580.07,1428.59,34.18,33.42,35.71,2,1709.7,1370.84
2015-08-05,1535.28,1511.93,1550.43,1509.06,-29.5,-1.91,5145.97,1729.95,1581.41,1432.87,34.41,33.75,35.73,2,1696.1,1359.94
2015-08-06,1486.28,1503.21,1524.84,1482.08,-8.73,-0.58,3866.16,1729.45,1577.12,1424.8,37.01,34.83,41.35,2,1678.56,1345.87
2015-08-07,1517.47,1532.09,1541.08,1512.94,28.88,1.92,4652.23,1716.16,1569.87,1423.58,53.39,41.02,78.12,2,1666.98,1336.59
2015-08-10,1563.72,1614.78,1620.0,1559.38,82.7,5.4,8705.13,1701.2,1565.64,1430.08,67.88,49.97,103.68,2,1680.75,1347.63
2015-08-11,1618.84,1602.76,1626.52,1593.5,-12.03,-0.74,8730.15,1697.75,1564.28,1430.8,73.99,57.98,106.01,2,1695.65,1359.57
2015-08-12,1583.32,1583.49,1606.79,1577.34,-19.27,-1.2,6415.99,1697.32,1564.02,1430.71,74.34,63.43,96.16,2,1702.64,1365.18
2015-08-13,1577.88,1606.96,1607.44,1556.22,23.47,1.48,6170.03,1698.42,1564.53,1430.65,79.06,68.64,99.91,0,1717.42,1377.03
2015-08-14,1614.4,1604.7,1623.81,1596.17,-2.26,-0.14,6175.21,1692.54,1562.49,1432.43,81.01,72.76,97.49,2,1731.61,1388.4
2015-08-17,1596.78,1606.15,1606.84,1570.91,1.45,0.09,6036.7,1687.94,1560.89,1433.83,82.64,76.06,95.8,2,1743.53,1397.97
2015-08-18,1605.62,1487.76,1608.4,1484.69,-118.39,-7.37,7738.05,1676.92,1552.83,1428.73,56.4,69.5,30.2,2,1737.58,1393.19
2015-08-19,1457.2,1510.71,1517.13,1423.64,22.95,1.54,7247.79,1666.09,1546.64,1427.19,51.91,63.64,28.44,2,1737.44,1393.08
2015-08-20,1500.64,1468.61,1509.04,1467.88,-42.09,-2.79,5255.84,1648.75,1537.01,1425.26,41.99,56.42,13.13,2,1733.6,1390.0
2015-08-21,1454.06,1413.51,1469.38,1404.45,-55.11,-3.75,5804.7,1640.18,1525.87,1411.55,29.36,47.4,-6.74,2,1720.44,1379.45
2015-08-24,1362.29,1286.4,1368.5,1282.08,-127.1,-8.99,7926.3,1670.15,1515.65,1361.15,19.99,38.26,-16.55,2,1683.99,1350.22
2015-08-25,1207.78,1190.4,1255.0,1180.56,-96.0,-7.46,7958.69,1711.05,1501.74,1292.43,14.07,30.2,-18.19,2,1638.21,1313.52
2015-08-26,1200.08,1180.76,1245.99,1149.15,-9.64,-0.81,8900.83,1736.14,1484.75,1233.37,11.6,24.0,-13.2,2,1593.51,1277.68
2015-08-27,1205.15,1254.08,1254.81,1187.54,73.32,6.21,8241.46,1744.56,1473.77,1202.97,15.35,21.12,3.81,2,1554.34,1246.27
2015-08-28,1272.73,1308.96,1312.78,1263.1,54.88,4.38,7925.94,1745.51,1465.37,1185.23,21.83,21.35,22.79,2,1521.51,1219.95
2015-08-31,1297.03,1341.73,1343.37,1258.22,32.77,2.5,8353.25,1742.24,1457.52,1172.8,32.0,24.9,46.19,2,1492.16,1196.42
2015-09-01,1311.19,1348.15,1352.9,1276.48,6.42,0.48,11646.54,1733.65,1447.86,1162.07,39.76,29.86,59.58,2,1476.67,1183.99
2015-09-02,1293.22,1371.3,1375.57,1288.13,23.15,1.72,12114.98,1726.88,1440.83,1154.77,49.63,36.45,76.0,2,1461.19,1171.59
2015-09-07,1356.27,1303.01,1383.58,1301.24,-68.29,-4.98,6538.75,1721.42,1430.82,1140.21,54.97,42.62,79.66,2,1442.81,1156.85
2015-09-08,1290.36,1326.53,1330.91,1262.89,23.52,1.8,4502.49,1710.62,1420.54,1130.45,61.87,49.04,87.52,2,1433.16,1149.11
2015-09-09,1333.17,1349.37,1359.06,1326.43,22.84,1.72,5340.9,1684.6,1407.27,1129.94,69.71,55.93,97.28,2,1440.15,1154.71
2015-09-10,1333.1,1341.38,1352.99,1327.23,-7.99,-0.59,3864.91,1657.74,1394.2,1130.66,72.63,61.5,94.91,2,1456.9,1168.15
2015-09-11,1335.93,1331.12,1346.14,1319.99,-10.26,-0.77,2657.96,1631.47,1381.58,1131.69,67.81,63.6,76.22,2,1473.59,1181.53
2015-09-14,1344.75,1346.37,1348.76,1288.21,15.26,1.15,5952.1,1596.27,1368.55,1140.83,68.64,65.28,75.37,2,1483.84,1189.74
2015-09-15,1316.38,1300.94,1321.04,1286.13,-45.44,-3.37,3825.94,1555.09,1353.36,1151.63,56.27,62.28,44.26,2,1482.95,1189.03
2015-09-16,1293.16,1355.49,1375.68,1285.86,54.56,4.19,3848.31,1506.02,1340.83,1175.64,63.09,62.55,64.17,2,1484.48,1190.26
2015-09-17,1343.55,1322.02,1371.37,1321.81,-33.47,-2.47,4002.69,1483.42,1332.54,1181.66,58.39,61.16,52.85,2,1481.58,1187.93
2015-09-18,1329.42,1323.61,1337.81,1315.16,1.59,0.12,2436.31,1450.0,1323.19,1196.37,56.87,59.73,51.15,2,1476.28,1183.69
2015-09-21,1317.84,1338.23,1340.81,1312.31,14.62,1.1,2598.97,1424.96,1316.67,1208.37,57.35,58.94,54.17,2,1480.19,1186.82
2015-09-22,1339.83,1347.22,1358.18,1335.22,9.0,0.67,2851.77,1413.33,1313.35,1213.38,61.0,59.63,63.76,2,1482.49,1188.66
2015-09-23,1328.69,1309.1,1333.65,1306.69,-38.13,-2.83,2431.96,1413.73,1314.49,1215.25,49.29,56.18,35.52,2,1478.02,1185.08
2015-09-24,1316.88,1314.62,1322.33,1305.62,5.52,0.42,1792.02,1402.03,1320.7,1239.37,43.54,51.97,26.67,2,1475.05,1182.7
2015-09-25,1310.37,1298.71,1315.85,1285.09,-15.91,-1.21,2596.91,1378.13,1326.6,1275.07,34.04,45.99,10.13,2,1471.45,1179.81
2015-09-28,1295.2,1296.7,1299.32,1279.56,-2.01,-0.15,1520.56,1370.73,1328.73,1286.72,28.63,40.2,5.49,2,1465.94,1175.39
2015-09-29,1279.45,1267.0,1282.21,1262.24,-29.7,-2.29,1748.46,1375.93,1326.63,1277.33,20.54,33.65,-5.67,2,1462.17,1172.37
2015-09-30,1276.27,1276.61,1285.95,1272.67,9.61,0.76,1791.83,1376.69,1323.37,1270.05,18.69,28.66,-1.26,2,1453.41,1165.35
2015-10-08,1320.67,1310.03,1323.58,1309.24,33.41,2.62,2576.24,1373.83,1321.47,1269.11,29.06,28.8,29.6,2,1452.08,1164.28
2015-10-09,1314.45,1325.55,1330.07,1310.12,15.53,1.19,2245.42,1366.37,1319.18,1271.99,41.37,32.99,58.14,2,1452.3,1164.46
2015-10-12,1329.8,1367.93,1378.74,1328.05,42.38,3.2,4468.18,1373.49,1322.43,1271.36,57.82,41.27,90.93,2,1455.6,1167.1
2015-10-13,1358.7,1367.27,1369.04,1354.94,-0.66,-0.05,2848.96,1379.15,1324.46,1269.78,68.6,50.38,105.04,2,1457.82,1168.88
2015-10-14,1360.61,1354.28,1374.25,1353.06,-12.99,-0.95,2774.57,1379.88,1324.71,1269.54,72.07,57.61,100.99,2,1462.84,1172.9
2015-10-15,1352.32,1376.38,1376.38,1349.81,22.1,1.63,3288.03,1385.7,1326.46,1267.22,80.7,65.31,111.5,2,1469.69,1178.4
2015-10-16,1384.19,1391.74,1393.07,1374.1,15.36,1.12,4222.75,1395.22,1329.49,1263.76,86.8,72.47,115.45,2,1480.02,1186.68
2015-10-19,1395.06,1385.17,1400.54,1374.92,-6.56,-0.47,3584.07,1401.21,1331.43,1261.65,87.19,77.38,106.82,2,1489.84,1194.55
2015-10-20,1383.5,1404.44,1405.01,1372.35,19.27,1.39,3420.96,1411.72,1336.61,1261.49,91.26,82.01,109.78,0,1505.09,1206.79
2015-10-21,1408.23,1390.67,1424.58,1356.03,-13.77,-0.98,7354.52,1416.74,1338.36,1259.99,84.3,82.77,87.36,0,1517.75,1216.94
2015-10-22,1374.54,1400.4,1403.63,1369.25,9.73,0.7,4183.04,1424.73,1342.28,1259.83,81.18,82.24,79.07,0,1527.79,1224.98
2015-10-23,1401.61,1407.7,1412.35,1392.24,7.3,0.52,3671.69,1433.17,1346.49,1259.81,79.93,81.47,76.85,0,1536.9,1232.29
2015-10-26,1419.95,1410.39,1422.41,1402.09,2.69,0.19,3583.84,1441.0,1350.1,1259.19,80.29,81.08,78.73,0,1541.62,1236.07
2015-10-27,1403.83,1405.0,1408.24,1375.37,-5.38,-0.38,3474.23,1446.96,1352.98,1259.0,78.13,80.1,74.21,0,1545.8,1239.43
2015-10-28,1397.73,1385.47,1407.49,1383.66,-19.53,-1.39,3094.91,1449.54,1356.8,1264.07,66.4,75.53,48.15,2,1549.27,1242.21
2015-10-29,1390.34,1385.77,1394.9,1379.7,0.3,0.02,2105.45,1451.8,1360.36,1268.92,58.73,69.93,36.33,2,1550.31,1243.04
2015-10-30,1384.54,1381.28,1394.16,1375.1,-4.5,-0.32,2162.05,1451.78,1364.49,1277.2,51.43,63.77,26.77,2,1549.15,1242.11
2015-11-02,1369.71,1361.19,1381.66,1360.82,-20.09,-1.45,2156.82,1449.33,1367.71,1286.09,36.8,54.78,0.84,2,1546.49,1239.98
2015-11-03,1363.08,1356.78,1369.42,1353.42,-4.4,-0.32,1800.02,1439.85,1372.2,1304.55,26.15,45.24,-12.01,2,1541.2,1235.73
2015-11-04,1359.3,1404.5,1405.14,1359.3,47.72,3.52,3760.79,1431.45,1378.6,1325.74,42.12,44.2,37.96,2,1542.73,1236.96
2015-11-05,1401.61,1441.72,1470.95,1400.0,37.22,2.65,9907.08,1434.95,1385.18,1335.41,53.12,47.17,65.02,2,1547.32,1240.64
2015-11-06,1436.11,1459.86,1462.27,1434.96,18.14,1.26,6429.71,1443.87,1391.9,1339.93,65.6,53.31,90.18,2,1553.11,1245.28
2015-11-09,1458.94,1486.31,1506.1,1458.94,26.44,1.81,8820.54,1462.84,1397.82,1332.79,72.75,59.79,98.66,2,1561.53,1252.04
2015-11-10,1473.0,1480.62,1487.97,1466.39,-5.69,-0.38,5604.42,1476.18,1403.48,1330.79,76.27,65.28,98.24,2,1569.93,1258.77
2015-11-11,1477.89,1472.9,1481.09,1460.17,-7.72,-0.52,4133.19,1484.41,1409.41,1334.42,76.93,69.17,92.46,2,1579.63,1266.55
2015-11-12,1477.03,1459.93,1478.64,1452.75,-12.97,-0.88,3698.78,1490.05,1413.59,1337.13,74.54,70.96,81.71,2,1587.86,1273.15
2015-11-13,1447.0,1438.76,1459.51,1436.9,-21.17,-1.45,3316.56,1492.46,1415.94,1339.42,68.33,70.08,64.82,2,1594.25,1278.27
2015-11-16,1417.2,1442.15,1442.51,1414.97,3.39,0.24,3218.95,1494.76,1418.79,1342.83,64.36,68.17,56.74,2,1603.23,1285.47
2015-11-17,1452.21,1441.18,1467.3,1438.7,-0.97,-0.07,4209.13,1496.89,1420.63,1344.37,55.85,64.06,39.41,2,1612.6,1292.99
2015-11-18,1443.72,1433.25,1450.07,1429.73,-7.93,-0.55,3772.5,1497.93,1422.76,1347.59,43.92,57.35,17.05,2,1615.79,1295.54
2015-11-19,1435.38,1445.56,1445.9,1428.17,12.31,0.86,2708.57,1500.08,1425.02,1349.96,40.47,51.72,17.96,2,1616.22,1295.89
2015-11-20,1447.65,1445.57,1454.57,1440.0,0.01,0.0,3202.76,1502.04,1426.91,1351.78,40.95,48.13,26.59,2,1614.63,1294.61
2015-11-23,1445.11,1436.66,1453.83,1432.79,-8.91,-0.62,3066.7,1503.07,1428.22,1353.38,38.24,44.83,25.04,2,1609.12,1290.2
2015-11-24,1433.52,1430.16,1434.51,1412.63,-6.51,-0.45,2629.26,1503.56,1429.48,1355.4,34.34,41.34,20.36,2,1603.52,1285.7
2015-11-25,1428.11,1436.6,1436.94,1423.84,6.45,0.45,2778.29,1503.35,1432.04,1360.73,37.51,40.06,32.41,2,1599.49,1282.47
2015-11-26,1440.71,1433.77,1446.14,1432.32,-2.84,-0.2,2924.12,1502.51,1434.44,1366.36,37.9,39.34,35.01,2,1596.59,1280.15
2015-11-27,1428.77,1359.49,1428.77,1349.03,-74.28,-5.18,3622.5,1505.37,1433.35,1361.32,28.21,35.63,13.38,2,1587.79,1273.09
2015-11-30,1360.15,1360.76,1373.42,1326.42,1.27,0.09,3565.06,1505.44,1433.33,1361.21,27.74,33.0,17.22,2,1578.75,1265.85
2015-12-01,1360.75,1370.13,1381.22,1352.55,9.37,0.69,3123.99,1503.46,1433.99,1364.53,29.86,31.95,25.68,2,1570.87,1259.52
2015-12-02,1367.61,1425.25,1426.81,1363.25,55.13,4.02,5799.72,1503.31,1435.03,1366.75,45.62,36.51,63.83,2,1569.98,1258.81
2015-12-03,1420.15,1428.94,1435.38,1409.14,3.69,0.26,5790.9,1502.65,1434.39,1366.13,57.23,43.42,84.86,2,1568.13,1257.33
2015-12-04,1417.83,1396.68,1419.89,1393.01,-32.27,-2.26,3292.66,1500.33,1431.23,1362.14,57.72,48.18,76.78,2,1562.71,1252.98
2015-12-07,1397.71,1399.48,1405.04,1389.74,2.8,0.2,2128.3,1492.42,1426.89,1361.37,58.82,51.73,73.0,2,1558.58,1249.67
2015-12-08,1392.71,1373.31,1392.71,1371.7,-26.17,-1.87,2535.66,1486.14,1421.53,1356.91,52.27,51.91,52.99,2,1552.27,1244.61
2015-12-09,1370.62,1369.53,1377.99,1363.51,-3.78,-0.28,2561.25,1480.24,1416.36,1352.47,48.03,50.62,42.87,2,1544.82,1238.64
2015-12-10,1366.23,1354.9,1376.39,1350.65,-14.63,-1.07,2440.8,1477.04,1411.11,1345.18,40.74,47.32,27.56,2,1536.07,1231.62
2015-12-11,1351.04,1344.81,1352.5,1336.3,-10.08,-0.74,2098.02,1477.01,1406.41,1335.81,30.02,41.56,6.95,2,1534.44,1230.32
2015-12-14,1331.0,1378.32,1379.47,1329.95,33.51,2.49,2983.19,1472.83,1403.22,1333.6,35.31,39.47,26.97,2,1536.39,1231.88
2015-12-15,1375.16,1366.46,1379.0,1362.16,-11.86,-0.86,2193.51,1468.56,1399.48,1330.4,35.08,38.01,29.23,2,1535.98,1231.55
2015-12-16,1368.29,1362.98,1372.92,1359.93,-3.48,-0.25,1790.08,1464.97,1395.97,1326.97,35.63,37.22,32.46,2,1529.07,1226.01
2015-12-17,1370.42,1386.01,1389.38,1370.42,23.03,1.69,2972.41,1458.21,1392.99,1327.77,48.64,41.02,63.87,2,1524.31,1222.19
2015-12-18,1386.57,1387.68,1409.2,1385.61,1.67,0.12,4058.45,1450.7,1390.1,1329.49,56.71,46.25,77.62,2,1523.31,1221.39
2015-12-21,1384.38,1421.97,1426.97,1384.27,34.29,2.47,5196.94,1448.02,1389.36,1330.71,69.42,53.97,100.31,2,1525.8,1223.39
2015-12-22,1422.47,1419.69,1426.47,1408.19,-2.28,-0.16,3358.57,1446.2,1388.84,1331.48,77.11,61.69,107.96,2,1530.95,1227.52
2015-12-23,1420.08,1413.24,1429.66,1411.35,-6.45,-0.45,3845.47,1441.96,1387.67,1333.38,79.25,67.54,102.67,2,1535.8,1231.41
2015-12-24,1411.9,1403.47,1416.11,1387.6,-9.77,-0.69,2720.52,1436.79,1386.16,1335.52,77.41,70.83,90.57,2,1541.19,1235.73
2015-12-25,1404.41,1410.3,1411.9,1398.85,6.83,0.49,1948.23,1438.82,1388.7,1338.58,75.69,72.45,82.16,2,1548.46,1241.56
2015-12-28,1412.5,1371.29,1415.04,1371.11,-39.01,-2.77,3108.59,1438.37,1389.22,1340.08,55.89,66.93,33.81,2,1547.68,1240.94
2015-12-29,1369.1,1378.79,1379.05,1363.5,7.5,0.55,1835.08,1438.27,1389.66,1341.04,44.96,59.61,15.67,2,1549.05,1242.03
2015-12-30,1380.81,1382.74,1383.59,1368.56,3.95,0.29,1969.78,1433.37,1387.53,1341.69,39.67,52.96,13.08,2,1551.24,1243.79
2015-12-31,1380.71,1376.58,1389.88,1376.34,-6.16,-0.45,2193.74,1426.81,1384.91,1343.02,33.04,46.32,6.47,2,1550.2,1242.95
2016-01-04,1376.74,1289.65,1378.82,1289.54,-86.93,-6.31,2346.26,1438.11,1379.56,1321.01,22.05,38.23,-10.31,2,1539.32,1234.23
2016-01-05,1266.29,1298.34,1311.84,1259.32,8.69,0.67,3272.12,1442.07,1374.5,1306.93,22.34,32.93,1.14,2,1525.59,1223.22
2016-01-06,1298.53,1329.17,1330.12,1296.57,30.83,2.37,2927.62,1442.7,1372.3,1301.89,29.74,31.87,25.49,2,1515.55,1215.17
2016-01-07,1311.53,1237.2,1311.53,1233.45,-91.97,-6.92,785.4,1457.5,1365.68,1273.86,20.52,28.08,5.38,1,1496.01,1199.5
2016-01-08,1268.11,1271.4,1288.02,1226.77,34.2,2.76,3674.09,1462.08,1361.5,1260.93,21.58,25.92,12.91,1,1481.35,1187.75
2016-01-11,1255.14,1220.57,1275.88,1220.41,-50.83,-4.0,4041.95,1473.1,1355.29,1237.49,14.42,22.08,-0.91,1,1460.29,1170.86
2016-01-12,1231.8,1222.04,1237.09,1207.49,1.47,0.12,2694.71,1478.16,1347.48,1216.79,12.27,18.81,-0.81,1,1443.72,1157.58
2016-01-13,1231.57,1199.42,1242.63,1198.97,-22.62,-1.85,2561.64,1484.43,1339.13,1193.83,8.26,15.29,-5.81,1,1423.81,1141.61
2016-01-14,1170.51,1217.89,1222.05,1167.1,18.47,1.54,2911.25,1485.91,1331.87,1177.84,13.5,14.7,11.11,1,1405.51,1126.94
2016-01-15,1208.1,1169.03,1212.3,1163.29,-48.86,-4.01,2618.91,1488.28,1321.02,1153.77,10.15,13.18,4.08,1,1382.47,1108.47
2016-01-18,1151.35,1167.66,1181.96,1150.48,-1.37,-0.12,2059.2,1486.95,1310.02,1133.09,9.95,12.11,5.65,1,1368.93,1097.61
2016-01-19,1169.19,1211.51,1213.96,1161.58,43.85,3.76,2917.52,1473.56,1299.5,1125.44,19.27,14.49,28.82,2,1359.29,1089.88
2016-01-20,1207.93,1197.73,1215.94,1189.01,-13.78,-1.14,3331.4,1458.65,1288.4,1118.15,24.3,17.76,37.37,2,1344.7,1078.19
2016-01-21,1180.22,1164.68,1206.06,1164.57,-33.05,-2.76,2833.04,1444.24,1275.97,1107.71,19.97,18.5,22.92,2,1336.65,1071.73
2016-01-22,1176.74,1177.87,1187.74,1155.05,13.19,1.13,2226.1,1427.41,1264.69,1101.97,23.22,20.07,29.52,2,1326.27,1063.41
2016-01-25,1181.77,1180.75,1188.61,1171.8,2.88,0.24,1783.09,1405.27,1253.22,1101.16,26.43,22.19,34.91,2,1321.85,1059.86
2016-01-26,1170.11,1108.09,1172.91,1105.82,-72.66,-6.15,2860.04,1394.49,1240.06,1085.62,18.27,20.89,13.04,2,1309.2,1049.72
2016-01-27,1114.33,1103.76,1119.63,1072.89,-4.33,-0.39,2909.21,1377.83,1226.3,1074.78,19.37,20.38,17.36,2,1298.59,1041.21
2016-01-28,1096.48,1066.03,1103.67,1061.01,-37.73,-3.42,2045.39,1359.47,1210.47,1061.47,14.0,18.25,5.48,2,1281.73,1027.69
2016-01-29,1066.69,1097.32,1105.62,1066.69,31.29,2.94,2603.5,1332.38,1196.51,1060.63,17.14,17.88,15.66,2,1273.77,1021.31
2016-02-01,1092.26,1068.88,1094.2,1055.61,-28.43,-2.59,2084.36,1325.1,1185.47,1045.83,14.19,16.65,9.26,2,1262.8,1012.52
2016-02-02,1066.26,1089.88,1093.93,1066.26,21.0,1.96,2046.03,1310.48,1175.04,1039.61,17.05,16.78,17.58,2,1249.3,1001.69
2016-02-03,1079.28,1082.34,1085.14,1067.4,-7.54,-0.69,1865.53,1283.95,1162.7,1041.46,18.07,17.21,19.78,2,1236.5,991.42
2016-02-04,1086.34,1095.68,1102.29,1086.24,13.33,1.23,2028.69,1275.16,1155.63,1036.09,22.09,18.84,28.59,2,1228.84,985.28
2016-02-05,1097.88,1091.11,1101.24,1090.49,-4.56,-0.42,1629.86,1256.68,1146.61,1036.54,24.81,20.83,32.78,2,1219.21,977.56
2016-02-15,1063.06,1082.99,1088.52,1060.32,-8.12,-0.74,1501.7,1247.63,1139.73,1031.84,30.8,24.15,44.09,2,1208.35,968.86
2016-02-16,1088.06,1114.33,1116.32,1087.63,31.34,2.89,2271.52,1235.84,1134.35,1032.86,52.77,33.69,90.93,2,1209.05,969.42
2016-02-17,1112.18,1127.62,1129.55,1109.64,13.29,1.19,2640.84,1227.77,1130.76,1033.75,67.64,45.01,112.92,2,1211.7,971.54
2016-02-18,1130.9,1122.4,1135.86,1121.05,-5.22,-0.46,2393.01,1214.39,1125.98,1037.58,72.84,54.29,109.94,2,1217.95,976.56
2016-02-19,1119.87,1117.55,1124.19,1111.24,-4.85,-0.43,1682.2,1209.62,1123.41,1037.2,73.81,60.8,99.85,2,1220.2,978.36
2016-02-22,1129.17,1148.55,1152.8,1127.07,31.0,2.77,3177.7,1207.09,1122.45,1037.82,81.01,67.53,107.96,2,1229.04,985.45
2016-02-23,1146.74,1136.8,1146.74,1126.02,-11.75,-1.02,2127.73,1193.3,1118.72,1044.14,81.57,72.21,100.29,2,1234.25,989.62
2016-02-24,1132.53,1148.5,1148.51,1126.62,11.7,1.03,2217.05,1183.09,1116.26,1049.42,86.17,76.86,104.77,2,1241.59,995.51
2016-02-25,1145.73,1076.06,1145.73,1069.86,-72.44,-6.31,3363.06,1176.96,1111.83,1046.69,63.12,72.28,44.79,2,1239.42,993.77
2016-02-26,1085.44,1091.53,1098.03,1072.74,15.47,1.44,2062.84,1165.63,1107.51,1049.39,50.79,65.12,22.13,2,1239.46,993.8
2016-02-29,1090.32,1072.88,1090.7,1046.7,-18.65,-1.71,2909.44,1151.4,1102.12,1052.83,42.08,57.44,11.37,2,1238.34,992.9
2016-03-01,1074.51,1088.36,1092.74,1065.29,15.48,1.44,2231.29,1150.68,1101.13,1051.58,41.14,52.01,19.42,2,1235.46,990.59
2016-03-02,1090.19,1135.9,1137.44,1088.16,47.53,4.37,3855.79,1154.56,1102.74,1050.91,55.45,53.16,60.05,2,1236.38,991.33
2016-03-03,1135.3,1136.95,1143.97,1128.92,1.06,0.09,3567.03,1157.27,1106.28,1055.29,65.32,57.21,81.54,2,1237.99,992.62
2016-03-04,1132.31,1162.81,1163.94,1129.51,25.86,2.27,6311.45,1165.95,1109.56,1053.16,76.56,63.66,102.36,2,1243.02,996.65
2016-03-07,1171.47,1164.51,1178.36,1154.15,1.7,0.15,3002.41,1172.32,1114.34,1056.36,80.87,69.4,103.81,2,1244.79,998.07
2016-03-08,1164.39,1165.9,1166.91,1123.71,1.39,0.12,3139.76,1179.1,1118.14,1057.18,84.09,74.29,103.68,2,1248.02,1000.66
2016-03-09,1139.14,1153.81,1154.18,1125.9,-12.1,-1.04,2802.76,1182.24,1121.71,1061.19,83.18,77.26,95.02,2,1248.61,1001.14
2016-03-10,1144.8,1126.28,1151.05,1125.7,-27.52,-2.39,1608.67,1182.59,1123.24,1063.89,75.6,76.7,73.39,2,1254.18,1005.6
2016-03-11,1118.06,1128.31,1129.38,1113.97,2.02,0.18,1871.59,1182.61,1125.1,1067.59,68.98,74.13,58.68,2,1258.26,1008.88
2016-03-14,1135.45,1141.01,1156.85,1131.72,12.7,1.13,2516.88,1182.5,1128.0,1073.51,65.52,71.26,54.03,2,1265.83,1014.94
2016-03-15,1140.46,1147.85,1148.98,1124.3,6.84,0.6,2562.44,1184.45,1129.68,1074.91,61.22,67.91,47.83,2,1272.43,1020.24
2016-03-16,1141.55,1160.43,1164.28,1140.6,12.58,1.1,4238.83,1187.69,1131.32,1074.95,64.86,66.89,60.8,2,1275.15,1022.42
2016-03-17,1162.06,1163.54,1172.42,1151.33,3.11,0.27,2727.36,1191.27,1133.38,1075.48,68.9,67.56,71.58,2,1278.1,1024.79
2016-03-18,1167.77,1170.83,1182.9,1163.92,7.29,0.63,4388.38,1195.66,1136.04,1076.43,73.43,69.52,81.26,2,1278.99,1025.5
2016-03-21,1176.65,1190.48,1202.4,1174.88,19.65,1.68,4675.85,1202.15,1138.14,1074.12,77.79,72.28,88.83,2,1281.88,1027.81
2016-03-22,1184.58,1183.6,1191.17,1179.91,-6.88,-0.58,3170.11,1207.48,1140.48,1073.48,78.11,74.22,85.89,2,1283.84,1029.39
2016-03-23,1180.51,1183.05,1187.27,1174.72,-0.55,-0.05,2188.67,1211.68,1142.2,1072.73,78.11,75.52,83.3,2,1287.09,1031.99
2016-03-24,1174.9,1162.21,1175.02,1161.93,-20.84,-1.76,2242.98,1209.42,1146.51,1083.6,68.26,73.1,58.57,2,1291.08,1035.19
2016-03-25,1160.95,1166.1,1168.65,1158.68,3.89,0.34,1461.84,1208.33,1150.24,1092.15,63.34,69.85,50.34,2,1295.27,1038.55
2016-03-28,1168.65,1155.98,1177.21,1153.1,-10.13,-0.87,1869.05,1200.38,1154.4,1108.41,50.52,63.41,24.76,2,1296.93,1039.88
2016-03-29,1156.63,1141.48,1158.2,1137.87,-14.5,-1.25,1811.16,1192.37,1157.05,1121.73,35.55,54.12,-1.6,2,1296.22,1039.32
2016-03-30,1149.62,1168.65,1169.03,1149.62,27.17,2.38,2320.76,1192.96,1158.69,1124.42,39.6,49.28,20.24,2,1297.14,1040.05
2016-03-31,1173.64,1171.42,1176.37,1165.46,2.77,0.24,2270.74,1193.58,1160.41,1127.24,43.73,47.43,36.33,2,1298.01,1040.75
2016-04-01,1170.18,1182.13,1182.51,1158.08,10.71,0.91,2746.83,1195.87,1161.38,1126.89,56.83,50.56,69.37,2,1299.27,1041.75
2016-04-05,1178.01,1193.62,1197.25,1174.1,11.49,0.97,3177.84,1200.08,1162.83,1125.59,69.18,56.77,94.01,2,1299.61,1042.03
2016-04-06,1187.45,1186.77,1192.25,1179.96,-6.85,-0.57,2165.61,1202.55,1163.88,1125.21,73.57,62.37,95.98,2,1299.97,1042.32
2016-04-07,1190.13,1172.21,1191.46,1171.78,-14.56,-1.23,2024.24,1203.34,1164.8,1126.25,68.33,64.36,76.26,2,1298.76,1041.35
2016-04-08,1165.22,1167.18,1172.4,1160.26,-5.03,-0.43,1912.56,1201.1,1166.84,1132.59,62.0,63.57,58.87,2,1299.31,1041.79
2016-04-11,1173.88,1185.95,1192.62,1173.88,18.78,1.61,2233.1,1199.99,1169.72,1139.45,68.33,65.16,74.66,2,1301.52,1043.56
2016-04-12,1185.67,1183.6,1186.51,1177.31,-2.36,-0.2,1854.34,1199.63,1171.85,1144.07,69.33,66.55,74.9,2,1304.58,1046.02
2016-04-13,1191.82,1198.68,1214.27,1191.82,15.08,1.27,3848.37,1202.23,1174.4,1146.56,70.31,67.8,75.32,2,1310.93,1051.11
2016-04-14,1205.39,1202.23,1208.66,1193.42,3.55,0.3,1978.66,1206.03,1176.49,1146.94,73.06,69.55,80.08,2,1314.66,1054.1
2016-04-15,1203.25,1198.97,1205.65,1195.8,-3.26,-0.27,2067.65,1208.72,1178.26,1147.79,72.6,70.57,76.66,2,1317.72,1056.55
2016-04-18,1193.79,1186.69,1193.79,1181.69,-12.28,-1.02,1991.33,1209.53,1179.05,1148.57,64.71,68.62,56.9,2,1318.22,1056.96
2016-04-19,1191.82,1188.85,1194.06,1183.53,2.16,0.18,1627.08,1209.33,1178.97,1148.61,60.79,66.01,50.34,2,1317.7,1056.53
2016-04-20,1193.28,1175.93,1194.47,1144.8,-12.92,-1.09,3706.58,1208.9,1178.58,1148.27,55.46,62.49,41.4,2,1316.49,1055.57
2016-04-21,1169.0,1170.53,1182.8,1163.42,-5.4,-0.46,2346.2,1208.39,1177.96,1147.52,49.32,58.1,31.76,2,1316.31,1055.42
2016-04-22,1161.15,1166.86,1168.6,1156.3,-3.68,-0.31,1666.95,1208.21,1178.19,1148.17,43.46,53.22,23.95,2,1316.27,1055.39
2016-04-25,1162.46,1162.75,1166.05,1152.97,-4.11,-0.35,1357.4,1208.35,1178.02,1147.7,37.59,48.01,16.75,2,1313.69,1053.32
2016-04-26,1162.76,1166.8,1169.45,1156.61,4.06,0.35,1253.38,1207.65,1178.56,1149.48,36.54,44.19,21.25,2,1311.83,1051.83
2016-04-27,1167.05,1159.44,1168.04,1157.9,-7.36,-0.63,1069.82,1204.78,1179.46,1154.14,32.38,40.25,16.64,2,1307.47,1048.34
2016-04-28,1161.02,1155.88,1162.14,1148.3,-3.56,-0.31,1360.13,1205.79,1178.82,1151.86,29.02,36.51,14.05,2,1302.33,1044.21
2016-04-29,1153.58,1154.55,1158.95,1151.1,-1.33,-0.11,1179.14,1206.81,1177.98,1149.15,25.89,32.97,11.74,1,1297.4,1040.26
2016-05-03,1155.08,1170.75,1172.17,1151.18,16.2,1.4,1877.35,1206.34,1177.41,1148.48,34.68,33.54,36.95,2,1295.63,1038.84
2016-05-04,1166.97,1171.45,1175.5,1164.62,0.7,0.06,1639.83,1204.35,1176.3,1148.26,45.48,37.52,61.41,2,1293.7,1037.29
2016-05-05,1170.56,1173.18,1175.42,1167.97,1.73,0.15,1393.39,1203.28,1175.62,1147.97,60.81,45.29,91.87,2,1293.39,1037.04
2016-05-06,1173.21,1145.52,1174.28,1145.44,-27.65,-2.36,1982.74,1204.9,1174.29,1143.68,40.63,43.73,34.43,2,1290.62,1034.82
2016-05-09,1140.56,1117.64,1140.56,1113.79,-27.89,-2.43,1993.24,1211.1,1171.81,1132.52,29.17,38.88,9.74,2,1285.15,1030.44
2016-05-10,1114.67,1120.73,1128.53,1114.67,3.1,0.28,1526.85,1213.09,1168.55,1124.02,23.19,33.65,2.28,2,1280.49,1026.7
2016-05-11,1124.41,1130.88,1138.33,1116.52,10.14,0.91,1711.86,1212.76,1165.92,1119.08,24.69,30.66,12.75,2,1276.5,1023.5
2016-05-12,1122.34,1133.7,1136.69,1112.56,2.82,0.25,1510.36,1208.98,1162.67,1116.36,27.66,29.66,23.65,2,1273.65,1021.21
2016-05-13,1130.82,1127.52,1136.65,1124.08,-6.18,-0.55,1338.61,1203.91,1158.93,1113.96,26.36,28.56,21.96,2,1270.5,1018.69
2016-05-16,1123.93,1133.86,1134.02,1118.6,6.34,0.56,1177.83,1197.93,1155.68,1113.42,28.86,28.66,29.25,2,1268.2,1016.85
2016-05-17,1132.12,1127.49,1133.92,1126.28,-6.37,-0.56,1155.84,1194.15,1152.72,1111.28,27.15,28.16,25.15,2,1263.4,1013.0
2016-05-18,1122.55,1120.8,1123.19,1108.38,-6.69,-0.59,1718.88,1189.48,1149.31,1109.15,24.38,26.9,19.35,2,1257.78,1008.49
2016-05-19,1118.1,1120.28,1125.92,1117.68,-0.52,-0.05,1080.83,1186.65,1146.53,1106.42,28.58,27.46,30.83,2,1251.9,1003.78
2016-05-20,1114.68,1124.13,1124.47,1113.19,3.86,0.34,1122.77,1183.87,1144.21,1104.55,36.58,30.5,48.75,2,1249.53,1001.88
2016-05-23,1122.14,1123.8,1127.08,1119.29,-0.34,-0.03,1130.63,1181.24,1142.06,1102.88,41.55,34.19,56.28,2,1250.21,1002.42
2016-05-24,1122.72,1114.8,1122.73,1110.64,-9.0,-0.8,1015.83,1179.35,1139.66,1099.97,35.26,34.54,36.69,2,1249.56,1001.9
2016-05-25,1120.89,1110.64,1122.41,1108.76,-4.16,-0.37,905.88,1176.41,1136.85,1097.3,26.17,31.75,15.01,2,1247.31,1000.09
2016-05-26,1109.58,1112.82,1115.0,1100.65,2.19,0.2,1073.97,1173.97,1134.52,1095.07,29.6,31.04,26.74,2,1244.99,998.24
2016-05-27,1111.33,1113.37,1116.86,1108.16,0.55,0.05,929.84,1171.59,1132.4,1093.2,32.48,31.52,34.41,1,1243.42,996.98
2016-05-30,1112.73,1117.44,1119.8,1106.7,4.07,0.37,1498.12,1168.87,1130.54,1092.21,42.83,35.29,57.91,2,1241.6,995.52
2016-05-31,1116.74,1149.07,1149.38,1116.7,31.63,2.83,2877.92,1164.24,1129.46,1094.67,61.67,44.08,96.85,2,1243.99,997.44
2016-06-01,1148.83,1143.64,1150.55,1143.12,-5.43,-0.47,1855.92,1157.89,1128.07,1098.24,69.83,52.67,104.17,2,1246.53,999.47
2016-06-02,1142.5,1143.97,1146.17,1138.69,0.32,0.03,1258.12,1149.51,1126.6,1103.7,75.49,60.28,105.93,2,1249.16,1001.58
2016-06-03,1147.64,1149.05,1150.72,1143.05,5.08,0.44,1536.49,1150.31,1126.78,1103.25,82.55,67.7,112.25,2,1251.92,1003.8
2016-06-06,1149.14,1145.3,1152.39,1141.71,-3.75,-0.33,1150.69,1152.62,1128.16,1103.71,83.8,73.07,105.26,2,1254.31,1005.71
2016-06-07,1146.66,1144.71,1146.99,1140.87,-0.58,-0.05,1028.0,1154.58,1129.36,1104.15,84.25,76.8,99.16,2,1257.63,1008.37
2016-06-08,1143.56,1139.28,1143.56,1134.44,-5.43,-0.47,1174.52,1155.36,1129.78,1104.2,79.94,77.84,84.13,2,1260.81,1010.92
2016-06-13,1128.95,1111.51,1132.6,1111.0,-27.77,-2.44,1480.55,1155.38,1128.67,1101.97,56.8,70.83,28.74,2,1260.66,1010.8
2016-06-14,1109.53,1114.52,1115.43,1109.28,3.02,0.27,1021.4,1155.43,1128.02,1100.61,41.92,61.19,3.37,2,1260.79,1010.91
2016-06-15,1104.47,1124.65,1127.86,1103.56,10.13,0.91,1331.16,1154.87,1127.56,1100.25,42.34,54.91,17.21,2,1261.59,1011.55
2016-06-16,1120.22,1116.46,1124.11,1114.03,-8.19,-0.73,1323.17,1154.75,1127.01,1099.28,37.03,48.95,13.2,2,1257.97,1008.65
2016-06-17,1117.38,1123.17,1128.38,1117.3,6.71,0.6,1345.64,1154.78,1127.13,1099.48,38.08,45.33,23.58,2,1255.7,1006.82
2016-06-20,1125.07,1122.85,1125.87,1116.76,-0.32,-0.03,983.68,1154.8,1127.26,1099.71,38.55,43.07,29.52,2,1253.36,1004.94
2016-06-21,1125.62,1119.98,1131.17,1116.77,-2.87,-0.26,1218.13,1154.75,1127.05,1099.35,38.3,41.48,31.95,2,1250.13,1002.36
2016-06-22,1118.14,1126.45,1126.63,1116.59,6.47,0.58,1104.08,1154.84,1127.18,1099.52,44.61,42.52,48.79,2,1248.04,1000.68
2016-06-23,1123.75,1118.85,1124.29,1116.07,-7.6,-0.67,1235.31,1154.74,1127.39,1100.03,47.29,44.11,53.65,2,1245.17,998.38
2016-06-24,1116.21,1103.21,1121.99,1091.32,-15.64,-1.4,1723.94,1155.45,1127.01,1098.58,41.47,43.23,37.95,2,1241.16,995.17
2016-06-27,1099.85,1113.87,1113.89,1099.49,10.66,0.97,1157.67,1155.4,1127.07,1098.74,46.51,44.33,50.88,2,1241.43,995.38
2016-06-28,1109.81,1115.54,1115.86,1106.37,1.67,0.15,1120.48,1155.31,1127.18,1099.04,51.27,46.64,60.52,2,1241.54,995.47
2016-06-29,1117.23,1128.22,1131.21,1116.24,12.68,1.14,2281.57,1155.5,1127.71,1099.93,65.01,52.76,89.51,2,1241.93,995.79
2016-06-30,1125.63,1123.87,1126.72,1120.71,-4.36,-0.39,1453.03,1152.48,1126.45,1100.43,70.54,58.69,94.25,2,1242.76,996.44
2016-07-01,1124.93,1125.76,1129.14,1123.63,1.89,0.17,1090.48,1150.36,1125.56,1100.76,75.81,64.4,98.63,2,1243.04,996.68
2016-07-04,1123.97,1145.66,1147.73,1123.01,19.91,1.77,2138.8,1150.7,1125.65,1100.59,82.65,70.48,106.98,2,1245.58,998.71
2016-07-05,1146.94,1155.61,1159.06,1146.94,9.95,0.87,2535.82,1152.38,1125.97,1099.56,86.73,75.9,108.41,2,1249.53,1001.88
2016-07-06,1152.06,1152.11,1152.93,1143.41,-3.5,-0.3,1830.18,1153.86,1126.31,1098.76,87.74,79.84,103.52,2,1252.38,1004.16
2016-07-07,1149.8,1154.72,1157.12,1147.96,2.61,0.23,1826.53,1156.0,1126.81,1097.63,89.4,83.03,102.13,2,1256.36,1007.35
2016-07-08,1147.74,1142.07,1148.0,1140.69,-12.65,-1.09,1335.9,1156.4,1126.95,1097.51,82.18,82.75,81.05,2,1260.67,1010.81
2016-07-11,1146.12,1148.91,1156.75,1143.16,6.84,0.6,2146.1,1158.85,1128.82,1098.79,80.22,81.9,76.85,2,1264.56,1013.93
2016-07-12,1149.94,1179.42,1179.53,1149.94,30.51,2.66,3244.58,1168.55,1132.07,1095.59,86.75,83.52,93.21,2,1271.65,1019.62
2016-07-13,1177.76,1181.87,1189.94,1177.76,2.45,0.21,3394.83,1177.16,1134.93,1092.7,87.15,84.73,91.99,2,1277.61,1024.39
2016-07-14,1180.09,1177.07,1180.16,1170.77,-4.8,-0.41,1808.86,1183.05,1137.96,1092.87,85.02,84.83,85.41,2,1283.52,1029.12
2016-07-15,1180.27,1182.59,1186.97,1178.77,5.51,0.47,1704.92,1189.43,1140.93,1092.43,85.04,84.9,85.32,2,1289.82,1034.18
2016-07-18,1181.02,1180.96,1186.27,1175.76,-1.63,-0.14,2387.19,1194.57,1143.84,1093.1,83.95,84.58,82.68,2,1293.74,1037.32
2016-07-19,1177.39,1171.71,1179.05,1165.2,-9.25,-0.78,1651.62,1197.3,1146.42,1095.55,76.96,82.04,66.8,2,1295.53,1038.76
2016-07-20,1170.6,1166.19,1173.94,1165.91,-5.51,-0.47,1106.7,1199.12,1148.41,1097.7,68.57,77.55,50.6,2,1297.09,1040.01
2016-07-21,1167.33,1170.33,1176.87,1166.81,4.14,0.35,1342.84,1200.64,1150.98,1101.33,65.07,73.39,48.43,2,1298.82,1041.4
2016-07-22,1171.46,1160.59,1172.3,1159.21,-9.74,-0.83,1415.32,1198.52,1153.85,1109.19,52.26,66.35,24.08,2,1300.88,1043.05
2016-07-25,1158.87,1159.83,1163.93,1155.75,-0.76,-0.06,1098.78,1196.91,1156.15,1115.39,38.81,57.17,2.11,2,1302.09,1044.02
2016-07-26,1158.79,1173.56,1173.84,1158.0,13.73,1.18,1378.78,1195.91,1159.05,1122.2,44.89,53.08,28.52,2,1301.44,1043.5
2016-07-27,1174.09,1170.56,1180.82,1144.46,-3.0,-0.26,2840.28,1195.47,1161.17,1126.86,50.39,52.18,46.82,2,1300.19,1042.49
2016-07-28,1163.61,1177.17,1182.25,1159.74,6.61,0.56,2038.83,1194.19,1163.83,1133.48,59.67,54.68,69.66,2,1300.2,1042.5
2016-07-29,1176.41,1173.62,1185.17,1171.32,-3.55,-0.3,1643.56,1191.28,1166.23,1141.17,63.66,57.67,75.63,2,1299.2,1041.7
2016-08-01,1171.7,1166.54,1171.86,1159.25,-7.08,-0.6,1633.19,1190.48,1167.27,1144.06,60.52,58.62,64.31,2,1297.6,1040.42
2016-08-02,1166.66,1170.62,1170.85,1161.79,4.09,0.35,1027.26,1190.64,1168.02,1145.4,61.77,59.67,65.96,2,1297.48,1040.32
2016-08-03,1165.93,1169.69,1172.99,1163.95,-0.93,-0.08,1266.04,1190.31,1168.9,1147.49,61.84,60.39,64.72,2,1297.87,1040.63
2016-08-04,1168.68,1165.62,1169.61,1158.71,-4.07,-0.35,1189.8,1189.92,1169.45,1148.97,58.55,59.78,56.09,2,1297.35,1040.21
2016-08-05,1163.95,1164.15,1169.19,1160.21,-1.46,-0.13,1268.04,1186.98,1170.55,1154.12,55.16,58.24,48.99,2,1297.74,1040.53
2016-08-08,1163.45,1174.78,1174.94,1158.29,10.62,0.91,1380.71,1185.0,1171.84,1158.68,61.6,59.36,66.08,2,1299.4,1041.86
2016-08-09,1174.09,1182.11,1183.18,1172.63,7.34,0.62,1867.07,1185.5,1171.98,1158.46,70.6,63.11,85.6,2,1300.35,1042.62
2016-08-10,1181.08,1176.87,1184.23,1176.06,-5.25,-0.44,1414.67,1184.68,1171.73,1158.78,70.11,65.44,79.45,2,1301.05,1043.18
2016-08-11,1174.17,1171.2,1186.06,1170.94,-5.67,-0.48,1907.21,1184.15,1171.43,1158.72,62.24,64.37,57.96,2,1300.39,1042.65
2016-08-12,1171.28,1193.8,1193.92,1170.27,22.6,1.93,2447.37,1187.34,1171.99,1156.65,74.71,67.82,88.5,2,1302.63,1044.45
2016-08-15,1195.52,1222.23,1227.97,1195.07,28.43,2.38,4107.16,1200.65,1174.06,1147.47,80.4,72.01,97.16,2,1308.81,1049.41
2016-08-16,1225.45,1213.0,1233.87,1211.37,-9.23,-0.76,4660.98,1207.62,1176.12,1144.62,77.73,73.92,85.35,2,1313.51,1053.18
2016-08-17,1212.71,1213.58,1216.14,1205.14,0.59,0.05,2190.23,1213.57,1178.49,1143.41,76.2,74.68,79.25,2,1318.38,1057.08
2016-08-18,1216.17,1212.17,1226.6,1208.0,-1.41,-0.12,2825.95,1218.36,1180.58,1142.81,74.56,74.64,74.41,0,1323.55,1061.23
2016-08-19,1209.89,1220.33,1224.28,1202.6,8.16,0.67,2679.16,1223.91,1183.57,1143.23,75.95,75.08,77.69,2,1329.79,1066.23
2016-08-22,1219.57,1209.27,1221.78,1208.53,-11.07,-0.91,2161.36,1226.32,1186.04,1145.77,71.07,73.74,65.73,2,1333.62,1069.3
2016-08-23,1208.38,1208.07,1216.61,1203.1,-1.2,-0.1,1836.31,1228.71,1187.77,1146.83,67.19,71.56,58.46,2,1336.5,1071.61
2016-08-24,1209.32,1207.51,1212.96,1205.04,-0.56,-0.05,1386.35,1230.62,1189.62,1148.62,64.31,69.14,54.65,2,1339.9,1074.33
2016-08-25,1202.42,1197.32,1202.42,1190.38,-10.19,-0.84,1689.9,1231.34,1190.62,1149.91,48.19,62.16,20.26,2,1342.8,1076.66
2016-08-26,1198.12,1198.15,1204.93,1195.64,0.83,0.07,1355.3,1231.92,1191.85,1151.78,38.08,54.13,5.98,2,1343.28,1077.05
2016-08-29,1196.8,1197.9,1202.68,1192.61,-0.25,-0.02,1657.48,1231.82,1193.42,1155.02,32.31,46.86,3.21,2,1340.58,1074.88
2016-08-30,1198.4,1198.99,1203.09,1196.08,1.09,0.09,1362.31,1231.83,1194.84,1157.84,29.46,41.06,6.27,2,1339.03,1073.63
2016-08-31,1199.11,1202.05,1203.03,1194.64,3.06,0.26,1223.74,1231.7,1196.45,1161.21,31.12,37.75,17.86,2,1337.75,1072.61
2016-09-01,1204.5,1197.83,1207.07,1197.37,-4.22,-0.35,1493.08,1230.35,1198.07,1165.78,28.65,34.72,16.53,2,1336.15,1071.33
2016-09-02,1196.73,1206.36,1207.17,1196.19,8.53,0.71,1625.35,1228.6,1200.18,1171.75,39.41,36.28,45.67,2,1334.6,1070.09
2016-09-05,1207.47,1201.77,1210.28,1200.19,-4.59,-0.38,1366.9,1227.45,1201.53,1175.6,43.09,38.55,52.16,2,1333.77,1069.42
2016-09-06,1201.18,1204.5,1207.66,1194.96,2.73,0.23,1650.8,1227.01,1202.64,1178.28,52.38,43.16,70.81,2,1333.37,1069.1
2016-09-07,1205.45,1206.83,1212.96,1204.01,2.34,0.19,1860.03,1225.48,1204.14,1182.81,58.21,48.18,78.28,2,1333.3,1069.04
2016-09-08,1206.29,1206.6,1208.15,1202.96,-0.24,-0.02,1145.21,1220.98,1205.91,1190.85,61.72,52.69,79.78,2,1334.33,1069.87
2016-09-09,1206.14,1200.15,1209.93,1199.93,-6.45,-0.53,1287.64,1220.51,1206.23,1191.95,51.17,52.19,49.15,2,1334.55,1070.05
2016-09-12,1186.52,1189.68,1190.99,1170.98,-10.48,-0.87,2643.13,1218.63,1204.6,1190.57,48.96,51.11,44.67,2,1333.64,1069.31
2016-09-13,1186.76,1183.89,1188.24,1179.02,-5.78,-0.49,1110.08,1219.27,1203.15,1187.02,42.89,48.37,31.94,2,1331.96,1067.97
2016-09-14,1178.32,1174.02,1180.47,1171.11,-9.87,-0.83,1334.36,1220.98,1201.17,1181.36,31.01,42.58,7.86,2,1328.85,1065.48
2016-09-19,1175.4,1182.51,1182.67,1175.4,8.48,0.72,1083.56,1220.4,1199.69,1178.98,29.83,38.33,12.82,2,1327.15,1064.11
2016-09-20,1181.69,1180.51,1182.0,1178.38,-1.99,-0.17,869.67,1217.73,1197.7,1177.66,27.45,34.71,12.95,2,1324.28,1061.81
2016-09-21,1180.97,1182.21,1185.19,1179.41,1.7,0.14,894.06,1216.72,1196.34,1175.96,27.22,32.21,17.24,2,1322.11,1060.07
2016-09-22,1186.39,1189.83,1193.32,1185.25,7.63,0.65,1214.92,1215.25,1195.43,1175.61,34.28,32.9,37.03,2,1320.48,1058.76
2016-09-23,1190.83,1187.64,1191.32,1185.76,-2.19,-0.18,916.58,1213.72,1194.44,1175.15,37.11,34.3,42.72,2,1318.35,1057.06
2016-09-26,1185.65,1167.59,1185.65,1167.49,-20.05,-1.69,1362.37,1215.44,1192.95,1170.47,24.87,31.16,12.29,2,1314.02,1053.58
2016-09-27,1164.62,1170.95,1171.1,1162.06,3.37,0.29,971.3,1215.87,1191.59,1167.31,26.06,29.46,19.26,2,1310.78,1050.99
2016-09-28,1172.94,1166.81,1172.94,1166.07,-4.15,-0.35,735.9,1216.39,1190.04,1163.68,22.44,27.12,13.08,2,1308.24,1048.95
2016-09-29,1168.34,1170.28,1174.47,1168.23,3.48,0.3,841.78,1215.96,1188.6,1161.24,23.72,25.99,19.2,2,1306.73,1047.74
2016-09-30,1169.11,1172.85,1174.97,1168.77,2.56,0.22,712.49,1214.59,1187.14,1159.69,27.32,26.43,29.1,2,1306.6,1047.64
2016-10-10,1184.05,1193.02,1193.07,1183.33,20.17,1.72,1464.77,1214.05,1186.9,1159.75,51.23,34.7,84.29,2,1307.77,1048.57
2016-10-11,1198.86,1206.23,1206.71,1194.74,13.2,1.11,2295.09,1214.03,1186.89,1159.76,67.13,45.51,110.37,2,1310.62,1050.86
2016-10-12,1203.84,1199.06,1203.84,1196.22,-7.17,-0.59,1609.4,1213.62,1186.76,1159.9,72.37,54.46,108.2,2,1312.49,1052.36
2016-10-13,1198.46,1202.91,1203.11,1195.94,3.85,0.32,1709.49,1213.34,1186.68,1160.02,78.75,62.56,111.12,2,1313.94,1053.52
2016-10-14,1201.47,1213.3,1213.36,1198.16,10.4,0.86,2413.75,1214.77,1187.0,1159.24,85.79,70.3,116.77,2,1316.79,1055.81
2016-10-17,1212.37,1205.41,1215.32,1200.93,-7.89,-0.65,2217.91,1214.54,1186.94,1159.34,83.82,74.81,101.85,2,1320.99,1059.17
2016-10-18,1201.96,1228.98,1229.91,1201.83,23.57,1.96,2889.34,1221.13,1188.38,1155.64,88.71,79.44,107.25,2,1327.43,1064.34
2016-10-19,1228.94,1231.21,1238.57,1227.23,2.23,0.18,2805.01,1228.16,1190.46,1152.76,88.96,82.61,101.65,2,1334.58,1070.07
2016-10-20,1229.76,1231.34,1235.37,1226.47,0.13,0.01,1926.81,1234.36,1192.83,1151.31,88.28,84.5,95.83,2,1341.36,1075.5
2016-10-21,1229.89,1247.52,1254.99,1229.37,16.18,1.31,3457.81,1243.39,1196.51,1149.63,88.05,85.69,92.78,2,1349.65,1082.15
2016-10-24,1247.37,1264.21,1270.8,1247.18,16.69,1.34,4034.99,1255.44,1200.59,1145.74,89.1,86.82,93.65,2,1357.55,1088.49
2016-10-25,1265.88,1262.33,1268.05,1254.76,-1.88,-0.15,3182.03,1264.88,1204.68,1144.49,88.96,87.54,91.81,2,1363.78,1093.48
2016-10-26,1259.56,1252.39,1260.36,1249.8,-9.94,-0.79,2735.05,1270.87,1208.19,1145.52,84.19,86.42,79.74,2,1369.7,1098.22
2016-10-27,1250.25,1244.55,1251.25,1239.53,-7.84,-0.63,2117.22,1274.92,1210.93,1146.94,76.94,83.26,64.29,2,1374.32,1101.93
2016-10-28,1243.93,1239.06,1250.18,1237.67,-5.49,-0.44,2189.74,1277.67,1213.5,1149.33,69.29,78.6,50.65,2,1377.18,1104.22
2016-10-31,1237.65,1233.94,1238.02,1230.36,-5.12,-0.41,1736.0,1277.94,1216.82,1155.69,51.81,69.67,16.08,2,1380.34,1106.76
2016-11-01,1234.6,1240.13,1240.91,1232.68,6.19,0.5,1801.34,1278.38,1220.28,1162.17,44.81,61.38,11.66,2,1381.58,1107.75
2016-11-02,1237.63,1225.69,1237.75,1224.27,-14.44,-1.16,1865.06,1275.91,1223.22,1170.53,30.89,51.22,-9.77,2,1380.97,1107.26
2016-11-03,1224.7,1247.61,1253.06,1223.47,21.92,1.79,3166.14,1274.78,1227.09,1179.4,37.59,46.68,19.43,2,1382.77,1108.71
2016-11-04,1246.21,1246.28,1256.27,1243.82,-1.33,-0.11,3138.8,1272.06,1230.76,1189.46,42.12,45.16,36.04,2,1382.64,1108.6
2016-11-07,1245.6,1250.86,1254.81,1240.5,4.57,0.37,2331.42,1271.97,1233.65,1195.33,52.83,47.71,63.06,2,1381.16,1107.41
2016-11-08,1254.15,1250.62,1262.29,1248.13,-0.23,-0.02,2874.31,1272.69,1235.87,1199.05,58.53,51.32,72.95,2,1379.86,1106.37
2016-11-09,1249.41,1242.36,1251.33,1227.39,-8.26,-0.66,3137.11,1270.82,1238.03,1205.25,55.24,52.63,60.47,2,1378.74,1105.48
2016-11-10,1252.22,1259.63,1266.43,1252.22,17.27,1.39,3018.36,1270.69,1240.87,1211.06,64.88,56.71,81.23,2,1380.42,1106.82
2016-11-11,1256.02,1275.63,1281.6,1254.43,16.0,1.27,4712.73,1274.64,1243.99,1213.33,73.17,62.2,95.1,2,1384.48,1110.07
2016-11-14,1272.14,1292.19,1299.52,1272.14,16.56,1.3,5301.61,1280.44,1248.33,1216.21,78.9,67.76,101.17,2,1390.94,1115.26
2016-11-15,1292.49,1284.26,1293.33,1278.9,-7.93,-0.61,3037.92,1285.5,1251.09,1216.68,79.24,71.59,94.55,2,1395.84,1119.19
2016-11-16,1282.86,1282.04,1283.55,1275.54,-2.21,-0.17,2547.52,1289.28,1253.63,1217.98,78.08,73.76,86.74,2,1402.09,1124.2
2016-11-17,1278.25,1295.33,1297.44,1273.91,13.28,1.04,3022.28,1295.28,1256.83,1218.38,83.45,76.99,96.38,2,1407.39,1128.45
2016-11-18,1297.51,1286.05,1300.19,1283.61,-9.28,-0.72,3181.12,1298.97,1258.76,1218.55,82.49,78.82,89.84,2,1411.81,1131.99
2016-11-21,1284.34,1297.88,1309.98,1284.12,11.83,0.92,4616.79,1304.1,1260.44,1216.79,83.45,80.36,89.61,2,1417.02,1136.17
2016-11-22,1297.74,1309.58,1314.07,1297.74,11.7,0.9,5397.89,1311.44,1262.8,1214.17,86.54,82.42,94.78,2,1423.57,1141.42
2016-11-23,1310.43,1308.37,1321.84,1303.89,-1.21,-0.09,4618.25,1317.83,1265.6,1213.37,84.37,83.07,86.96,2,1430.9,1147.3
2016-11-24,1307.52,1310.84,1317.18,1306.19,2.47,0.19,3152.41,1323.73,1268.92,1214.1,82.2,82.78,81.04,2,1436.58,1151.85
2016-11-25,1313.68,1329.93,1330.68,1303.42,19.08,1.46,4077.59,1332.52,1273.46,1214.4,87.69,84.42,94.24,2,1442.61,1156.69
2016-11-28,1336.33,1353.33,1361.41,1335.65,23.41,1.76,6650.52,1345.07,1279.43,1213.79,88.72,85.85,94.45,2,1449.39,1162.13
2016-11-29,1347.0,1376.16,1393.5,1344.07,22.83,1.69,8018.33,1361.64,1286.23,1210.82,87.65,86.45,90.04,2,1459.6,1170.31
2016-11-30,1368.34,1356.67,1375.73,1351.35,-19.49,-1.42,5714.8,1368.77,1292.78,1216.79,80.59,84.5,72.78,2,1467.88,1176.95
2016-12-01,1357.48,1368.4,1375.84,1356.08,11.73,0.86,6008.51,1378.59,1298.82,1219.05,79.41,82.8,72.63,0,1475.99,1183.45
2016-12-02,1365.46,1359.97,1371.76,1352.56,-8.42,-0.62,5955.45,1384.69,1304.51,1224.32,74.6,80.07,63.67,0,1484.2,1190.03
2016-12-05,1336.18,1330.09,1343.36,1323.71,-29.88,-2.2,5999.41,1385.43,1308.47,1231.51,59.6,73.25,32.32,2,1487.77,1192.9
2016-12-06,1327.49,1322.48,1332.51,1321.2,-7.62,-0.57,3509.7,1384.46,1312.06,1239.66,46.79,64.43,11.51,2,1489.2,1194.05
2016-12-07,1321.97,1324.78,1325.26,1311.52,2.3,0.17,2993.06,1381.25,1316.18,1251.11,39.1,55.98,5.32,2,1491.02,1195.51
2016-12-08,1331.64,1324.79,1333.14,1322.44,0.01,0.0,3697.49,1379.16,1319.44,1259.72,31.46,47.81,-1.24,2,1492.57,1196.75
2016-12-09,1319.9,1345.84,1349.85,1317.93,21.05,1.59,6221.59,1380.16,1322.95,1265.74,34.93,43.52,17.75,2,1494.34,1198.16
2016-12-12,1342.46,1325.22,1348.9,1314.0,-20.62,-1.53,6204.93,1380.04,1324.6,1269.16,30.39,39.14,12.88,2,1491.22,1195.66
2016-12-13,1315.98,1324.07,1328.77,1307.44,-1.16,-0.09,3814.77,1378.87,1326.59,1274.31,28.36,35.55,13.99,2,1485.44,1191.03
2016-12-14,1318.46,1302.14,1323.14,1300.93,-21.93,-1.66,4363.43,1377.11,1327.6,1278.08,19.48,30.19,-1.95,2,1479.38,1186.17
2016-12-15,1294.44,1284.12,1301.53,1276.74,-18.02,-1.38,3681.65,1378.22,1327.04,1275.85,16.35,25.58,-2.1,2,1470.03,1178.67
2016-12-16,1280.36,1279.99,1285.22,1275.65,-4.13,-0.32,2829.99,1378.95,1326.73,1274.52,12.85,21.33,-4.12,2,1461.15,1171.55
2016-12-19,1278.8,1275.32,1285.7,1273.06,-4.67,-0.36,2185.49,1381.13,1325.6,1270.08,9.55,17.41,-6.17,2,1455.07,1166.68
2016-12-20,1275.14,1268.38,1276.45,1256.48,-6.93,-0.54,2713.51,1384.12,1323.54,1262.96,10.61,15.14,1.56,2,1449.07,1161.86
2016-12-21,1270.46,1289.28,1293.94,1269.8,20.9,1.65,3700.74,1384.68,1322.59,1260.5,18.79,16.36,23.64,2,1445.13,1158.7
2016-12-22,1286.73,1292.35,1294.23,1285.37,3.06,0.24,2875.19,1384.97,1321.67,1258.37,25.46,19.39,37.6,2,1441.52,1155.82
2016-12-23,1291.34,1288.36,1293.43,1282.23,-3.98,-0.31,3263.67,1384.38,1319.59,1254.8,31.67,23.49,48.05,2,1435.14,1150.7
2016-12-26,1279.33,1296.79,1298.4,1268.81,8.43,0.65,2887.62,1380.34,1316.76,1253.18,41.27,29.41,64.99,2,1431.99,1148.17
2016-12-27,1295.2,1290.39,1301.4,1289.6,-6.4,-0.49,2571.13,1370.8,1312.47,1254.15,52.61,37.14,83.53,2,1428.25,1145.17
2016-12-28,1289.28,1283.58,1291.17,1279.15,-6.8,-0.53,2201.09,1364.72,1308.82,1252.92,55.18,43.16,79.23,2,1426.19,1143.52
2016-12-29,1281.33,1285.76,1290.62,1278.23,2.17,0.17,2193.99,1354.21,1304.68,1255.16,58.51,48.28,78.99,2,1426.37,1143.67
2016-12-30,1286.33,1284.17,1291.35,1275.34,-1.59,-0.12,2428.42,1344.12,1300.9,1257.67,59.56,52.04,74.6,2,1426.84,1144.04
2017-01-03,1283.9,1295.09,1296.75,1283.24,10.92,0.85,2250.41,1340.28,1299.14,1258.01,66.58,56.89,85.98,2,1429.03,1145.8
2017-01-04,1294.62,1305.45,1307.17,1293.74,10.36,0.8,2551.56,1338.15,1298.29,1258.44,76.23,63.33,102.02,2,1433.15,1149.1
2017-01-05,1304.51,1309.43,1309.65,1300.57,3.98,0.31,2451.87,1335.87,1297.53,1259.18,83.97,70.21,111.49,2,1435.38,1150.89
2017-01-06,1308.12,1306.9,1312.52,1304.02,-2.53,-0.19,2491.77,1333.18,1296.63,1260.08,85.03,75.15,104.78,2,1437.0,1152.19
2017-01-09,1304.85,1315.26,1315.46,1304.2,8.36,0.64,2484.4,1325.3,1295.1,1264.9,89.85,80.05,109.46,2,1439.98,1154.58
2017-01-10,1313.42,1309.34,1318.27,1306.73,-5.92,-0.45,2265.28,1322.03,1294.31,1266.59,86.3,82.14,94.63,2,1441.38,1155.7
2017-01-11,1309.24,1302.2,1316.95,1299.25,-7.14,-0.54,2911.84,1317.69,1293.22,1268.74,78.39,80.89,73.4,2,1442.69,1156.75
2017-01-12,1298.54,1294.51,1308.64,1294.42,-7.69,-0.59,2497.1,1316.98,1292.83,1268.69,67.14,76.31,48.82,2,1443.9,1157.72
2017-01-13,1292.29,1299.61,1303.58,1290.94,5.1,0.39,2622.15,1317.58,1293.61,1269.64,60.34,70.98,39.05,2,1445.44,1158.95
2017-01-16,1297.91,1316.14,1319.31,1282.49,16.54,1.27,5253.94,1320.43,1295.42,1270.4,70.69,70.89,70.3,2,1448.99,1161.8
2017-01-17,1307.79,1311.75,1312.77,1303.1,-4.39,-0.33,1838.56,1321.43,1297.24,1273.05,73.62,71.8,77.26,2,1450.84,1163.28
2017-01-18,1310.48,1320.65,1324.71,1309.96,8.9,0.68,2155.48,1322.23,1299.85,1277.47,79.21,74.27,89.08,2,1452.52,1164.64
2017-01-19,1316.8,1314.41,1324.77,1311.57,-6.24,-0.47,2044.19,1323.79,1301.11,1278.42,77.97,75.5,82.91,2,1453.08,1165.08
2017-01-20,1312.5,1320.42,1321.63,1312.1,6.0,0.46,1630.37,1326.3,1302.51,1278.72,81.88,77.63,90.39,2,1454.58,1166.28
2017-01-23,1321.85,1323.08,1329.99,1319.62,2.66,0.2,2031.76,1328.71,1304.25,1279.78,83.07,79.44,90.33,2,1455.44,1166.98
2017-01-24,1323.21,1326.9,1330.3,1319.94,3.82,0.29,1837.26,1331.85,1305.75,1279.66,86.34,81.74,95.55,2,1457.39,1168.54
2017-01-25,1326.23,1333.8,1334.03,1325.4,6.9,0.52,1887.09,1335.71,1307.92,1280.13,90.75,84.75,102.75,2,1460.9,1171.35
2017-01-26,1333.37,1338.01,1338.99,1331.41,4.21,0.32,1966.65,1339.02,1310.64,1282.27,93.25,87.58,104.6,0,1465.73,1175.22
2017-02-03,1337.69,1327.96,1338.55,1327.16,-10.05,-0.75,1331.61,1339.65,1312.75,1285.86,85.26,86.81,82.16,0,1468.88,1177.75
2017-02-06,1329.44,1329.82,1334.4,1323.85,1.85,0.14,1967.32,1339.48,1315.04,1290.59,79.64,84.42,70.09,0,1470.39,1178.97
2017-02-07,1328.54,1329.03,1331.38,1323.87,-0.79,-0.06,1612.83,1340.09,1316.73,1293.37,74.32,81.05,60.86,2,1472.31,1180.5
2017-02-08,1326.81,1332.69,1332.82,1321.55,3.66,0.27,2090.04,1341.84,1318.1,1294.35,75.07,79.06,67.09,2,1473.65,1181.57
2017-02-09,1332.34,1338.81,1342.47,1331.09,6.12,0.46,2716.16,1344.58,1319.56,1294.55,78.04,78.72,76.68,2,1476.36,1183.75
2017-02-10,1338.92,1352.75,1357.26,1338.88,13.94,1.04,3997.38,1350.02,1321.86,1293.7,81.33,79.59,84.82,2,1479.95,1186.62
2017-02-13,1356.18,1358.58,1364.42,1354.67,5.83,0.43,3223.6,1356.2,1324.02,1291.85,83.01,80.73,87.58,2,1483.89,1189.78
2017-02-14,1358.4,1364.57,1364.71,1354.82,5.99,0.44,2539.62,1362.71,1326.78,1290.86,88.57,83.34,99.02,2,1488.07,1193.14
2017-02-15,1362.43,1359.85,1372.33,1357.72,-4.73,-0.35,3699.91,1366.48,1329.67,1292.86,84.19,83.62,85.31,2,1490.96,1195.45
2017-02-16,1360.58,1366.9,1367.69,1360.39,7.05,0.52,2657.39,1369.79,1333.29,1296.78,85.89,84.38,88.92,2,1494.17,1198.03
2017-02-17,1365.52,1350.66,1365.52,1349.57,-16.25,-1.19,2598.51,1369.6,1335.84,1302.07,76.37,81.71,65.69,2,1496.69,1200.05
2017-02-20,1350.33,1373.93,1374.75,1350.23,23.27,1.72,3449.46,1375.05,1338.73,1302.41,83.73,82.39,86.43,2,1501.58,1203.97
2017-02-21,1375.43,1374.39,1379.58,1371.1,0.46,0.03,2657.9,1379.13,1341.86,1304.59,85.59,83.45,89.86,2,1506.62,1208.01
2017-02-22,1373.94,1373.75,1374.5,1367.24,-0.64,-0.05,2021.36,1382.91,1344.52,1306.12,85.62,84.17,88.5,2,1511.18,1211.66
2017-02-23,1373.3,1368.46,1376.07,1362.76,-5.29,-0.39,2053.66,1384.34,1347.22,1310.09,78.06,82.14,69.91,2,1514.47,1214.3
2017-02-24,1365.05,1371.58,1372.42,1357.69,3.13,0.23,2755.93,1386.21,1349.78,1313.35,76.49,80.25,68.96,2,1516.56,1215.98
2017-02-27,1368.92,1360.65,1371.93,1358.28,-10.93,-0.8,2624.13,1386.21,1351.65,1317.1,63.3,74.6,40.69,2,1516.79,1216.16
2017-02-28,1361.12,1364.54,1366.49,1358.82,3.89,0.29,1823.14,1386.56,1353.54,1320.51,58.83,69.34,37.79,2,1516.78,1216.16
2017-03-01,1364.24,1368.87,1377.05,1362.41,4.33,0.32,2916.89,1387.65,1355.29,1322.93,60.66,66.45,49.07,2,1517.78,1216.96
2017-03-02,1371.72,1357.05,1373.65,1356.94,-11.82,-0.86,2335.83,1387.62,1356.24,1324.86,48.18,60.36,23.83,2,1516.69,1216.09
2017-03-03,1351.54,1352.59,1353.0,1346.65,-4.46,-0.33,1844.46,1386.13,1357.47,1328.81,38.13,52.95,8.5,2,1516.9,1216.26
2017-03-06,1350.77,1354.02,1356.81,1349.48,1.43,0.1,1999.7,1384.47,1358.68,1332.9,33.5,46.47,7.58,2,1514.69,1214.49
2017-03-07,1353.63,1354.18,1354.86,1349.4,0.16,0.01,1952.68,1382.0,1359.94,1337.88,30.59,41.18,9.42,2,1512.45,1212.69
2017-03-08,1352.93,1355.89,1359.28,1350.59,1.71,0.13,2462.69,1379.44,1361.1,1342.77,30.53,37.63,16.33,2,1510.47,1211.1
2017-03-09,1352.02,1345.41,1352.2,1338.72,-10.48,-0.77,2370.82,1378.33,1361.43,1344.53,26.17,33.81,10.89,2,1507.91,1209.05
2017-03-10,1344.22,1343.52,1347.25,1341.36,-1.88,-0.14,1756.78,1379.24,1360.97,1342.7,21.62,29.75,5.37,2,1504.8,1206.55
2017-03-13,1341.62,1354.18,1354.22,1334.63,10.65,0.79,2385.55,1379.23,1360.75,1342.26,29.78,29.76,29.82,2,1504.08,1205.97
2017-03-14,1353.6,1356.61,1359.96,1352.39,2.43,0.18,1861.46,1378.83,1360.35,1341.87,38.63,32.71,50.46,2,1503.2,1205.27
2017-03-15,1354.48,1358.11,1361.17,1351.59,1.5,0.11,1912.43,1378.77,1360.26,1341.76,55.24,40.22,85.28,2,1502.0,1204.31
2017-03-16,1361.46,1362.93,1369.6,1359.89,4.82,0.36,2472.0,1378.37,1360.07,1341.76,63.8,48.08,95.24,2,1502.66,1204.83
2017-03-17,1364.27,1348.85,1365.18,1346.45,-14.08,-1.03,2695.68,1378.48,1359.98,1341.47,56.09,50.75,66.77,2,1502.24,1204.5
2017-03-20,1353.99,1356.18,1358.26,1347.43,7.34,0.54,2209.38,1376.5,1359.09,1341.68,57.93,53.15,67.51,2,1502.48,1204.69
2017-03-21,1358.01,1364.35,1364.94,1354.59,8.17,0.6,2512.3,1374.74,1358.59,1342.43,66.95,57.75,85.36,2,1503.61,1205.6
2017-03-22,1357.62,1358.0,1368.08,1352.48,-6.36,-0.47,3159.12,1372.38,1357.8,1343.22,66.91,60.8,79.13,2,1503.84,1205.78
2017-03-23,1359.32,1362.44,1366.49,1350.64,4.45,0.33,2530.72,1371.41,1357.5,1343.58,71.12,64.24,84.87,2,1505.73,1207.3
2017-03-24,1362.58,1377.74,1384.27,1359.67,15.29,1.12,4237.28,1373.15,1357.81,1342.46,74.99,67.82,89.32,2,1509.53,1210.35
2017-03-27,1377.05,1373.9,1387.05,1372.4,-3.84,-0.28,3553.8,1375.32,1358.47,1341.61,72.53,69.39,78.8,2,1511.72,1212.1
2017-03-28,1374.16,1366.73,1374.28,1364.08,-7.17,-0.52,2437.86,1375.61,1358.58,1341.54,65.0,67.93,59.15,2,1512.84,1213.0
2017-03-29,1367.7,1372.13,1381.59,1364.5,5.4,0.4,3012.57,1376.22,1358.74,1341.26,64.42,66.76,59.74,2,1514.4,1214.25
2017-03-30,1370.2,1364.77,1375.91,1356.75,-7.36,-0.54,3278.56,1376.78,1359.13,1341.47,57.53,63.68,45.24,2,1514.6,1214.41
2017-03-31,1362.5,1369.0,1369.54,1357.2,4.23,0.31,2732.81,1377.84,1359.95,1342.06,55.17,60.84,43.81,2,1516.84,1216.21
2017-04-05,1378.67,1392.65,1393.36,1375.81,23.65,1.73,4458.33,1384.51,1361.88,1339.25,69.56,63.75,81.17,2,1520.89,1219.45
2017-04-06,1394.32,1403.5,1409.4,1389.7,10.85,0.78,4349.14,1393.02,1364.34,1335.67,76.36,67.95,93.17,2,1525.24,1222.94
2017-04-07,1401.9,1400.29,1406.13,1397.29,-3.21,-0.23,3358.69,1398.92,1366.56,1334.21,78.47,71.46,92.5,2,1529.93,1226.7
2017-04-10,1400.75,1399.47,1405.38,1396.68,-0.82,-0.06,3243.07,1403.1,1369.27,1335.44,79.36,74.09,89.9,2,1534.04,1230.0
2017-04-11,1395.93,1407.05,1408.68,1384.65,7.58,0.54,4149.45,1407.9,1372.44,1336.99,84.75,77.65,98.97,2,1537.29,1232.6
2017-04-12,1402.74,1400.47,1405.08,1393.06,-6.58,-0.47,3188.31,1411.17,1374.76,1338.34,84.18,79.82,92.9,2,1540.24,1234.97
2017-04-13,1395.13,1396.15,1398.18,1392.05,-4.32,-0.31,2316.17,1413.29,1376.74,1340.18,81.07,80.24,82.72,2,1543.51,1237.59
2017-04-14,1395.95,1386.42,1396.74,1381.22,-9.73,-0.7,2534.25,1413.89,1378.15,1342.41,72.7,77.73,62.66,2,1545.09,1238.86
2017-04-17,1383.95,1390.11,1390.66,1375.25,3.69,0.27,2653.73,1414.9,1379.51,1344.12,62.97,72.81,43.3,2,1547.91,1241.11
2017-04-18,1387.79,1379.88,1392.6,1379.56,-10.23,-0.73,2514.09,1413.54,1381.06,1348.59,46.5,64.04,11.43,2,1549.11,1242.08
2017-04-19,1375.12,1370.44,1377.17,1357.4,-9.44,-0.68,2837.73,1412.62,1381.77,1350.93,39.48,55.85,6.73,2,1546.65,1240.11
2017-04-20,1369.25,1378.71,1379.36,1367.21,8.27,0.6,2670.24,1412.33,1382.49,1352.65,40.17,50.62,19.26,2,1543.9,1237.9
2017-04-21,1379.27,1384.98,1387.03,1371.85,6.27,0.45,2695.18,1411.49,1383.84,1356.19,44.71,48.65,36.82,2,1542.2,1236.54
2017-04-24,1379.42,1366.86,1379.42,1348.03,-18.12,-1.31,3096.84,1411.09,1384.06,1357.04,40.81,46.04,30.35,1,1538.58,1233.64
2017-04-25,1360.52,1360.3,1364.7,1353.68,-6.56,-0.48,1868.93,1412.04,1383.19,1354.34,35.36,42.48,21.12,1,1533.39,1229.47
2017-04-26,1360.55,1354.13,1365.84,1353.25,-6.17,-0.45,2380.01,1413.51,1382.2,1350.9,27.75,37.57,8.11,1,1528.25,1225.35
2017-04-27,1349.66,1359.87,1360.57,1336.33,5.74,0.42,2682.26,1413.97,1381.86,1349.74,32.44,35.86,25.61,1,1524.22,1222.12
2017-04-28,1356.64,1355.97,1357.69,1346.6,-3.89,-0.29,2011.96,1414.87,1381.05,1347.23,33.26,34.99,29.8,1,1520.84,1219.41
2017-05-02,1355.18,1355.13,1362.98,1351.92,-0.84,-0.06,1675.21,1415.56,1380.57,1345.58,34.54,34.84,33.92,1,1516.96,1216.3
2017-05-03,1353.15,1348.83,1359.28,1345.74,-6.3,-0.46,1928.14,1416.91,1379.56,1342.21,31.24,33.64,26.44,1,1513.51,1213.53
2017-05-04,1345.33,1348.89,1356.2,1336.12,0.06,0.0,2405.05,1416.48,1377.37,1338.26,29.19,32.16,23.25,1,1511.12,1211.62
2017-05-05,1345.07,1348.74,1348.74,1333.73,-0.15,-0.01,2699.35,1413.71,1374.63,1335.56,30.41,31.58,28.08,1,1507.79,1208.95
2017-05-08,1342.44,1347.21,1347.82,1326.03,-1.53,-0.11,3198.25,1410.94,1371.98,1333.02,38.01,33.72,46.58,1,1503.6,1205.59
2017-05-09,1338.9,1338.2,1343.34,1332.27,-9.02,-0.67,1604.89,1408.38,1368.92,1329.45,35.53,34.32,37.94,1,1500.42,1203.04
2017-05-10,1339.14,1328.5,1345.73,1325.77,-9.7,-0.72,2062.45,1404.12,1364.99,1325.86,26.13,31.59,15.21,1,1496.89,1200.21
2017-05-11,1321.52,1341.36,1342.62,1318.76,12.86,0.97,2581.2,1398.86,1362.03,1325.2,34.46,32.55,38.28,1,1495.47,1199.07
2017-05-12,1338.39,1352.79,1355.65,1336.96,11.43,0.85,2566.08,1393.36,1359.87,1326.37,48.62,37.91,70.06,2,1494.68,1198.44
2017-05-15,1356.17,1352.97,1361.53,1350.66,0.18,0.01,2054.76,1389.49,1358.19,1326.9,59.08,44.96,87.31,2,1494.35,1198.17
2017-05-16,1348.84,1352.85,1352.85,1332.85,-0.12,-0.01,2304.73,1384.03,1356.33,1328.63,65.95,51.96,93.94,2,1494.1,1197.97
2017-05-17,1349.86,1343.71,1352.4,1342.4,-9.14,-0.67,1853.01,1380.51,1354.52,1328.54,63.41,55.78,78.69,2,1493.53,1197.51
2017-05-18,1335.29,1335.77,1341.36,1330.85,-7.94,-0.59,1497.31,1378.92,1352.79,1326.66,55.53,55.7,55.21,2,1492.07,1196.35
2017-05-19,1334.32,1335.58,1336.33,1330.39,-0.19,-0.01,1225.92,1374.9,1350.63,1326.36,50.13,53.84,42.71,2,1490.61,1195.18
2017-05-22,1334.34,1338.86,1340.87,1325.77,3.28,0.24,2094.27,1367.29,1348.33,1329.36,49.09,52.26,42.75,2,1489.69,1194.43
2017-05-23,1335.17,1354.28,1354.35,1332.97,15.43,1.15,2990.42,1364.91,1347.7,1330.48,60.41,54.97,71.27,2,1491.47,1195.86
2017-05-24,1349.37,1354.6,1354.75,1337.82,0.31,0.02,1979.46,1363.96,1347.41,1330.87,67.14,59.03,83.37,2,1494.37,1198.19
2017-05-25,1350.45,1376.09,1382.12,1349.25,21.49,1.59,4032.81,1369.11,1348.51,1327.91,74.53,64.2,95.2,2,1498.22,1201.28
2017-05-26,1374.61,1381.99,1384.93,1374.11,5.9,0.43,2612.7,1374.47,1349.62,1324.76,81.36,69.92,104.25,2,1501.46,1203.88
2017-05-31,1384.87,1390.73,1392.13,1377.01,8.74,0.63,2550.48,1381.94,1351.35,1320.76,86.87,75.57,109.48,2,1505.66,1207.24
2017-06-01,1386.93,1400.67,1401.86,1383.36,9.95,0.72,2586.95,1391.03,1353.63,1316.23,90.73,80.62,110.94,2,1510.96,1211.49
2017-06-02,1397.52,1393.36,1400.27,1391.24,-7.32,-0.52,1984.48,1396.97,1355.86,1314.75,90.09,83.78,102.72,2,1516.47,1215.91
2017-06-05,1388.82,1376.84,1389.32,1374.85,-16.52,-1.18,2423.71,1399.21,1357.26,1315.3,82.44,83.33,80.64,2,1521.03,1219.57
2017-06-06,1375.23,1382.92,1382.96,1372.64,6.09,0.44,1414.1,1402.16,1358.96,1315.77,79.13,81.93,73.52,2,1526.29,1223.78
2017-06-07,1382.66,1393.26,1394.09,1380.85,10.34,0.75,2163.35,1406.57,1361.27,1315.96,81.61,81.82,81.18,2,1532.33,1228.62
2017-06-08,1394.28,1398.26,1400.03,1389.89,5.0,0.36,1958.61,1411.0,1364.27,1317.54,85.46,83.03,90.3,2,1537.21,1232.54
2017-06-09,1399.12,1409.25,1414.28,1399.12,10.99,0.78,2978.39,1415.92,1368.31,1320.69,86.28,84.12,90.6,2,1543.27,1237.4
2017-06-12,1407.77,1406.75,1418.12,1403.73,-2.5,-0.18,2130.44,1420.31,1371.58,1322.85,82.52,83.58,80.39,2,1546.68,1240.13
2017-06-13,1404.06,1408.1,1408.51,1399.61,1.35,0.1,1594.75,1424.74,1374.34,1323.94,81.0,82.72,77.56,2,1549.58,1242.45
2017-06-14,1400.82,1386.41,1401.34,1383.81,-21.7,-1.54,2011.75,1425.68,1376.01,1326.35,64.09,76.51,39.25,2,1549.1,1242.07
2017-06-15,1384.52,1379.45,1388.21,1374.92,-6.96,-0.5,1650.73,1425.87,1377.34,1328.82,47.72,66.92,9.33,2,1546.74,1240.18
2017-06-16,1375.11,1370.25,1379.2,1367.46,-9.2,-0.67,1412.68,1424.84,1378.67,1332.5,33.65,55.83,-10.71,2,1544.18,1238.12
2017-06-19,1370.49,1379.09,1381.56,1369.46,8.83,0.64,1625.11,1422.61,1380.84,1339.07,30.09,47.25,-4.24,2,1544.43,1238.32
2017-06-20,1380.8,1372.95,1382.98,1370.9,-6.13,-0.44,1545.17,1419.23,1382.71,1346.19,23.67,39.39,-7.77,2,1543.32,1237.44
2017-06-21,1379.2,1385.81,1386.09,1370.25,12.85,0.94,1665.57,1415.53,1385.05,1354.57,27.85,35.54,12.47,2,1542.49,1236.77
2017-06-22,1384.43,1390.24,1405.16,1383.74,4.44,0.32,3669.12,1413.91,1386.85,1359.79,33.56,34.88,30.91,2,1541.6,1236.06
2017-06-23,1387.27,1396.73,1397.36,1378.26,6.49,0.47,2433.92,1411.89,1388.96,1366.03,46.14,38.63,61.15,2,1540.21,1234.94
2017-06-26,1396.94,1412.38,1417.08,1396.94,15.65,1.12,3482.94,1415.05,1390.77,1366.5,60.94,46.07,90.67,2,1540.84,1235.45
2017-06-27,1413.07,1419.02,1420.2,1407.63,6.64,0.47,2268.07,1419.45,1392.62,1365.8,73.21,55.12,109.4,2,1542.05,1236.42
2017-06-28,1415.91,1414.99,1427.98,1412.91,-4.03,-0.28,2700.88,1422.35,1393.84,1365.32,74.99,61.74,101.48,2,1545.22,1238.96
2017-06-29,1415.43,1419.14,1420.31,1412.3,4.15,0.29,1831.86,1425.23,1394.76,1364.29,78.29,67.26,100.36,2,1549.63,1242.49
2017-06-30,1412.47,1419.38,1419.75,1409.51,0.23,0.02,1753.5,1428.35,1396.06,1363.77,80.56,71.69,98.3,2,1555.08,1246.87
2017-07-03,1418.71,1419.4,1420.18,1411.86,0.02,0.0,1966.4,1430.74,1398.19,1365.64,82.09,75.16,95.95,0,1559.55,1250.45
2017-07-04,1418.52,1409.47,1418.52,1404.44,-9.93,-0.7,2208.39,1431.63,1399.52,1367.4,75.65,75.32,76.3,2,1563.61,1253.7
2017-07-05,1405.96,1420.77,1422.29,1405.33,11.3,0.8,2021.85,1434.15,1400.89,1367.63,78.93,76.52,83.75,2,1567.49,1256.82
2017-07-06,1419.14,1421.85,1424.03,1411.83,1.08,0.08,2175.89,1436.53,1402.07,1367.62,79.37,77.47,83.17,2,1571.0,1259.63
2017-07-07,1417.63,1428.48,1429.94,1414.25,6.63,0.47,2294.31,1439.26,1403.03,1366.8,84.34,79.76,93.49,2,1574.52,1262.45
2017-07-10,1421.25,1423.77,1428.95,1418.3,-4.71,-0.33,2491.28,1441.21,1403.88,1366.56,81.49,80.34,83.8,2,1575.79,1263.47
2017-07-11,1420.15,1426.38,1436.26,1418.66,2.62,0.18,3009.82,1443.36,1404.8,1366.23,77.31,79.33,73.28,2,1576.6,1264.12
2017-07-12,1426.44,1427.67,1438.0,1419.57,1.28,0.09,3450.25,1445.68,1406.86,1368.04,74.61,77.76,68.33,2,1578.01,1265.25
2017-07-13,1428.33,1446.64,1448.06,1428.31,18.98,1.33,3955.67,1450.57,1410.22,1369.87,81.99,79.17,87.64,2,1581.06,1267.7
2017-07-14,1444.71,1454.41,1454.68,1443.26,7.77,0.54,3159.53,1454.78,1414.43,1374.07,87.82,82.05,99.34,2,1584.95,1270.82
2017-07-17,1455.5,1459.45,1473.44,1429.7,5.04,0.35,5552.15,1459.91,1418.45,1376.98,85.03,83.04,89.0,0,1589.4,1274.38
2017-07-18,1449.76,1464.15,1464.26,1445.22,4.7,0.32,3788.44,1463.51,1423.01,1382.51,84.99,83.69,87.59,0,1595.47,1279.25
2017-07-19,1461.45,1477.85,1481.99,1459.7,13.7,0.94,4698.68,1470.97,1427.61,1384.25,87.96,85.12,93.64,0,1601.8,1284.33
2017-07-20,1474.69,1483.92,1484.36,1473.56,6.07,0.41,3590.45,1478.63,1432.29,1385.95,91.75,87.33,100.6,0,1608.69,1289.85
2017-07-21,1479.94,1480.44,1485.39,1476.45,-3.49,-0.24,2911.07,1484.31,1436.48,1388.64,92.03,88.89,98.29,0,1614.46,1294.48
2017-07-24,1476.37,1478.66,1485.53,1475.1,-1.78,-0.12,3405.68,1489.63,1439.79,1389.95,91.21,89.67,94.31,0,1620.55,1299.36
2017-07-25,1478.37,1474.08,1486.55,1468.33,-4.58,-0.31,3505.2,1493.56,1442.55,1391.53,87.01,88.78,83.46,2,1625.85,1303.61
2017-07-26,1475.97,1472.95,1483.83,1464.28,-1.13,-0.08,3686.54,1496.45,1445.44,1394.43,83.36,86.97,76.14,2,1630.87,1307.64
2017-07-27,1467.91,1469.92,1472.92,1456.47,-3.03,-0.21,3335.03,1498.55,1447.98,1397.41,79.16,84.37,68.74,2,1633.46,1309.71
2017-07-28,1464.51,1475.21,1476.52,1462.5,5.29,0.36,2491.44,1500.88,1450.77,1400.66,76.96,81.9,67.08,2,1635.77,1311.56
2017-07-31,1474.99,1487.32,1488.2,1474.53,12.11,0.82,3180.91,1504.52,1454.17,1403.82,83.71,82.5,86.14,2,1638.86,1314.04
2017-08-01,1487.76,1491.75,1493.15,1484.21,4.44,0.3,3037.0,1506.76,1458.28,1409.8,87.87,84.29,95.03,2,1641.92,1316.5
2017-08-02,1491.03,1486.59,1500.38,1484.97,-5.16,-0.34,3919.11,1508.33,1461.57,1414.82,81.45,83.34,77.65,2,1642.89,1317.27
2017-08-03,1484.51,1476.77,1493.08,1471.26,-9.82,-0.66,3674.65,1507.75,1464.32,1420.89,69.71,78.8,51.53,2,1642.1,1316.64
2017-08-04,1474.33,1467.0,1483.9,1466.33,-9.77,-0.66,3144.47,1506.44,1466.25,1426.05,54.47,70.69,22.02,2,1640.61,1315.44
2017-08-07,1466.46,1478.42,1480.34,1457.15,11.43,0.78,2744.42,1504.4,1468.98,1433.56,52.97,64.78,29.35,2,1640.58,1315.42
2017-08-08,1478.15,1479.04,1489.11,1473.71,0.61,0.04,2901.49,1501.35,1471.61,1441.87,52.45,60.67,36.0,2,1641.13,1315.86
2017-08-09,1477.47,1475.27,1477.47,1468.01,-3.77,-0.25,2602.85,1495.86,1473.99,1452.12,48.94,56.76,33.29,2,1641.39,1316.07
2017-08-10,1472.07,1471.02,1477.62,1457.48,-4.25,-0.29,2860.49,1493.22,1475.21,1457.2,43.32,52.28,25.4,2,1641.51,1316.17
2017-08-11,1457.88,1442.17,1461.08,1436.55,-28.85,-1.96,3559.17,1495.92,1474.6,1453.28,31.81,45.46,4.53,2,1637.84,1313.23
2017-08-14,1440.95,1452.37,1455.85,1438.09,10.2,0.71,2527.28,1496.76,1474.24,1451.73,29.47,40.13,8.16,2,1633.96,1310.12
2017-08-15,1451.7,1460.04,1466.25,1451.18,7.67,0.53,2571.58,1496.99,1474.04,1451.08,33.5,37.92,24.66,2,1630.44,1307.29
2017-08-16,1457.34,1447.77,1457.93,1441.43,-12.28,-0.84,2012.2,1498.09,1472.54,1446.98,29.45,35.1,18.15,2,1626.14,1303.84
2017-08-17,1455.5,1464.32,1464.76,1454.46,16.56,1.14,2478.85,1496.79,1471.56,1446.32,37.24,35.81,40.11,2,1624.75,1302.73
2017-08-18,1454.34,1463.36,1466.96,1452.11,-0.96,-0.06,2078.57,1495.83,1470.7,1445.57,41.83,37.82,49.86,2,1624.35,1302.41
2017-08-21,1468.77,1470.15,1470.9,1465.44,6.79,0.46,2040.94,1495.14,1470.28,1445.41,55.16,43.6,78.28,2,1623.43,1301.67
2017-08-22,1474.39,1478.56,1480.62,1469.89,8.41,0.57,2977.27,1495.57,1470.5,1445.43,68.55,51.91,101.81,2,1623.38,1301.63
2017-08-23,1474.86,1474.38,1480.24,1470.51,-4.18,-0.28,3455.81,1495.68,1470.57,1445.46,74.31,59.38,104.17,2,1623.28,1301.55
2017-08-24,1474.66,1465.39,1478.97,1462.71,-8.99,-0.61,2876.87,1495.56,1470.34,1445.13,70.94,63.23,86.35,2,1622.65,1301.05
2017-08-25,1466.1,1495.84,1496.0,1466.1,30.45,2.08,4335.68,1498.88,1471.38,1443.87,80.53,69.0,103.59,2,1628.61,1305.82
2017-08-28,1497.55,1502.45,1511.81,1495.99,6.61,0.44,4563.9,1502.08,1472.13,1442.19,82.59,73.53,100.7,2,1634.17,1310.28
2017-08-29,1504.61,1505.44,1510.02,1501.12,2.98,0.2,2862.43,1505.06,1472.82,1440.57,84.83,77.3,99.91,0,1639.21,1314.32
2017-08-30,1505.77,1505.44,1513.11,1501.96,0.0,0.0,3807.34,1508.56,1473.76,1438.96,85.7,80.1,96.9,0,1645.61,1319.45
2017-08-31,1505.64,1497.27,1507.06,1487.78,-8.17,-0.54,3761.13,1511.06,1474.78,1438.51,79.99,80.06,79.85,0,1649.27,1322.39
2017-09-01,1500.69,1497.95,1508.32,1494.68,0.68,0.04,4140.61,1513.76,1476.33,1438.9,76.63,78.92,72.06,2,1653.11,1325.47
2017-09-04,1501.59,1508.94,1509.43,1496.92,10.99,0.73,3304.31,1517.9,1477.86,1437.81,81.66,79.83,85.33,2,1657.41,1328.92
2017-09-05,1508.53,1510.17,1514.2,1503.55,1.23,0.08,2913.95,1521.87,1479.42,1436.96,85.17,81.61,92.28,2,1660.92,1331.73
2017-09-06,1503.47,1511.08,1519.39,1501.48,0.91,0.06,3378.5,1525.78,1481.21,1436.63,84.91,82.71,89.32,2,1665.0,1335.0
2017-09-07,1510.49,1503.68,1512.83,1503.17,-7.4,-0.49,2658.9,1528.19,1482.84,1437.49,73.38,79.6,60.93,2,1669.25,1338.41
2017-09-08,1505.09,1504.03,1513.11,1501.24,0.35,0.02,2450.49,1528.09,1485.93,1443.78,66.05,75.08,47.99,2,1670.16,1339.13
2017-09-11,1506.59,1505.53,1512.36,1500.71,1.5,0.1,3175.12,1528.59,1488.59,1448.58,62.75,70.97,46.31,2,1670.5,1339.41
2017-09-12,1508.45,1512.24,1518.56,1504.49,6.71,0.44,3357.72,1530.21,1491.2,1452.19,67.63,69.86,63.17,2,1671.25,1340.01
2017-09-13,1510.04,1511.43,1514.04,1503.89,-0.81,-0.05,2286.43,1528.82,1494.38,1459.94,67.68,69.13,64.78,2,1671.92,1340.55
2017-09-14,1512.52,1504.04,1515.86,1499.9,-7.39,-0.49,2966.61,1528.12,1496.37,1464.62,55.68,64.65,37.75,2,1672.67,1341.15
2017-09-15,1500.95,1493.69,1501.47,1490.54,-10.35,-0.69,3383.76,1525.86,1497.88,1469.91,40.76,56.69,8.91,2,1672.2,1340.77
2017-09-18,1494.71,1495.67,1505.98,1494.71,1.98,0.13,2908.36,1524.12,1499.16,1474.2,33.1,48.83,1.65,2,1670.72,1339.59
2017-09-19,1498.76,1493.29,1501.45,1486.22,-2.38,-0.16,2499.83,1523.2,1499.9,1476.59,29.35,42.34,3.39,2,1668.85,1338.09
2017-09-20,1491.6,1496.74,1503.37,1489.02,3.45,0.23,2465.24,1521.26,1501.02,1480.77,30.41,38.36,14.52,2,1667.26,1336.81
2017-09-21,1495.83,1493.8,1504.13,1491.43,-2.94,-0.2,2849.27,1515.02,1502.44,1489.86,28.09,34.94,14.39,2,1666.16,1335.93
2017-09-22,1488.95,1493.18,1496.13,1487.5,-0.62,-0.04,2434.32,1515.21,1502.3,1489.39,25.9,31.92,13.85,2,1664.96,1334.97
2017-09-25,1488.64,1487.91,1489.81,1483.59,-5.27,-0.35,2690.55,1515.93,1501.58,1487.22,21.73,28.53,8.13,2,1663.0,1333.4
2017-09-26,1484.58,1488.77,1491.38,1482.98,0.86,0.06,1666.58,1516.01,1500.74,1485.48,20.36,25.8,9.46,2,1660.4,1331.31
2017-09-27,1488.18,1489.17,1492.09,1486.93,0.4,0.03,1985.28,1515.83,1499.93,1484.03,22.54,24.72,18.19,2,1657.92,1329.33
2017-09-28,1490.21,1485.0,1490.58,1482.89,-4.18,-0.28,2020.75,1516.47,1499.32,1482.16,18.07,22.5,9.22,2,1655.81,1327.63
2017-09-29,1486.09,1486.77,1492.85,1485.13,1.78,0.12,1714.74,1516.76,1498.76,1480.75,18.14,21.05,12.32,2,1655.04,1327.02
2017-10-09,1517.43,1500.65,1520.36,1498.95,13.88,0.93,3450.23,1515.76,1498.34,1480.92,27.89,23.33,37.02,2,1655.6,1327.46
2017-10-10,1501.68,1496.27,1505.84,1483.18,-4.38,-0.29,2718.47,1514.21,1497.65,1481.08,30.5,25.72,40.06,2,1655.93,1327.73
2017-10-11,1493.76,1497.54,1501.26,1493.55,1.27,0.08,2345.71,1512.35,1496.97,1481.59,33.36,28.27,43.56,2,1656.02,1327.8
2017-10-12,1495.93,1499.94,1502.38,1492.65,2.4,0.16,2095.78,1511.92,1496.78,1481.65,37.41,31.31,49.6,2,1656.7,1328.34
2017-10-13,1499.97,1497.99,1503.41,1497.85,-1.95,-0.13,1753.84,1511.27,1496.48,1481.7,38.37,33.67,47.78,2,1657.23,1328.77
2017-10-16,1497.64,1501.08,1505.19,1495.88,3.1,0.21,2355.25,1510.62,1496.26,1481.9,41.76,36.37,52.56,2,1658.69,1329.94
2017-10-17,1498.15,1495.66,1501.19,1493.24,-5.42,-0.36,1541.58,1507.78,1495.43,1483.08,39.2,37.31,42.98,2,1659.46,1330.56
2017-10-18,1495.76,1503.02,1503.84,1494.28,7.36,0.49,2309.0,1505.6,1495.01,1484.42,43.92,39.52,52.74,2,1661.0,1331.79
2017-10-19,1501.47,1506.86,1506.95,1499.55,3.84,0.26,2438.1,1506.28,1495.15,1484.02,50.51,43.18,65.17,2,1663.42,1333.73
2017-10-20,1506.31,1513.09,1514.53,1504.8,6.23,0.41,1737.45,1509.68,1496.12,1482.56,65.48,50.61,95.2,2,1666.34,1336.08
2017-10-23,1514.81,1505.87,1515.2,1505.87,-7.22,-0.48,1995.03,1510.84,1496.63,1482.42,63.19,54.81,79.97,2,1666.92,1336.54
2017-10-24,1503.47,1522.09,1522.51,1503.47,16.22,1.08,2367.81,1515.99,1498.07,1480.15,74.99,61.54,101.91,2,1669.79,1338.84
2017-10-25,1519.76,1525.52,1527.87,1518.54,3.43,0.22,1913.94,1521.03,1499.51,1477.99,81.07,68.05,107.11,2,1672.89,1341.33
2017-10-26,1522.37,1527.76,1536.47,1519.12,2.23,0.15,3917.23,1525.8,1501.21,1476.62,80.66,72.25,97.48,2,1675.98,1343.81
2017-10-27,1527.63,1534.22,1538.53,1526.8,6.47,0.42,3845.57,1531.42,1503.26,1475.1,83.94,76.15,99.52,2,1680.0,1347.03
2017-10-30,1533.38,1532.62,1536.83,1513.2,-1.61,-0.1,4179.35,1535.46,1505.49,1475.52,84.84,79.04,96.43,0,1683.5,1349.84
2017-10-31,1527.41,1533.13,1536.66,1522.25,0.51,0.03,3293.5,1538.94,1507.71,1476.48,85.27,81.12,93.58,0,1687.66,1353.17
2017-11-01,1533.47,1530.56,1540.53,1526.46,-2.57,-0.17,4464.59,1541.31,1509.78,1478.26,81.22,81.15,81.34,0,1690.72,1355.62
2017-11-02,1528.42,1527.05,1528.62,1516.1,-3.51,-0.23,3380.25,1542.1,1511.88,1481.67,75.35,79.22,67.62,2,1692.96,1357.42
2017-11-03,1521.05,1522.08,1524.33,1502.93,-4.97,-0.32,3576.8,1541.85,1513.65,1485.45,67.21,75.22,51.2,2,1693.96,1358.22
2017-11-06,1518.47,1521.97,1523.75,1507.68,-0.11,-0.01,3088.77,1542.48,1514.72,1486.96,61.69,70.71,43.65,2,1695.75,1359.65
2017-11-07,1522.11,1533.6,1538.69,1520.8,11.63,0.76,4234.57,1544.15,1516.58,1489.02,68.31,69.91,65.13,2,1697.02,1360.68
2017-11-08,1531.72,1531.47,1540.45,1526.61,-2.13,-0.14,3570.95,1545.12,1518.28,1491.44,70.84,70.22,72.09,2,1697.69,1361.21
2017-11-09,1530.65,1538.34,1538.92,1529.45,6.87,0.45,2986.51,1547.01,1520.2,1493.39,78.62,73.02,89.82,2,1698.86,1362.15
2017-11-10,1535.17,1536.25,1540.49,1530.07,-2.09,-0.14,3960.78,1547.74,1522.11,1496.48,81.95,76.0,93.86,2,1699.08,1362.33
2017-11-13,1538.18,1547.8,1549.69,1538.18,11.55,0.75,4446.68,1550.5,1524.45,1498.4,86.62,79.54,100.79,2,1700.77,1363.68
2017-11-14,1547.69,1545.02,1553.29,1539.71,-2.78,-0.18,3817.76,1550.86,1526.92,1502.97,85.61,81.56,93.7,2,1702.09,1364.74
2017-11-15,1537.06,1535.94,1541.05,1530.01,-9.08,-0.59,3069.1,1550.11,1528.56,1507.01,78.92,80.68,75.4,2,1702.69,1365.22
2017-11-16,1530.57,1533.42,1539.63,1527.08,-2.52,-0.16,2920.67,1549.07,1529.89,1510.71,71.43,77.6,59.08,2,1703.39,1365.78
2017-11-17,1531.27,1555.53,1557.06,1530.41,22.11,1.44,5773.94,1552.63,1532.01,1511.4,79.54,78.25,82.14,2,1707.11,1368.76
2017-11-20,1545.3,1563.82,1564.19,1534.16,8.3,0.53,3928.63,1556.29,1534.91,1513.53,86.03,80.84,96.42,2,1711.75,1372.49
2017-11-21,1558.85,1574.57,1583.76,1556.72,10.75,0.69,5028.05,1564.2,1537.53,1510.87,85.28,82.32,91.21,2,1716.3,1376.13
2017-11-22,1581.93,1595.38,1599.96,1580.71,20.81,1.32,6268.16,1577.12,1541.03,1504.93,88.1,84.25,95.79,2,1723.39,1381.82
2017-11-23,1593.96,1558.46,1600.51,1548.52,-36.92,-2.31,5885.93,1578.88,1542.56,1506.24,72.98,80.49,57.95,2,1725.63,1383.61
2017-11-24,1552.0,1561.95,1564.45,1543.55,3.49,0.22,4088.04,1581.0,1543.95,1506.9,64.48,75.15,43.13,2,1728.48,1385.9
2017-11-27,1555.54,1547.53,1556.02,1539.04,-14.42,-0.92,4492.39,1581.4,1544.69,1507.99,52.27,67.52,21.76,2,1728.45,1385.87
2017-11-28,1539.96,1543.82,1544.9,1527.51,-3.71,-0.24,2847.81,1581.55,1545.23,1508.9,42.45,59.17,9.01,2,1728.32,1385.77
2017-11-29,1544.24,1553.76,1554.39,1533.76,9.95,0.64,3636.69,1582.24,1546.39,1510.53,40.28,52.87,15.11,2,1730.29,1387.35
2017-11-30,1549.62,1544.15,1557.57,1535.6,-9.61,-0.62,3312.83,1582.01,1547.24,1512.47,34.45,46.73,9.9,2,1731.49,1388.31
2017-12-01,1542.07,1539.21,1543.16,1529.34,-4.94,-0.32,2866.06,1581.15,1548.1,1515.05,28.31,40.59,3.75,2,1729.67,1386.86
2017-12-04,1535.59,1545.67,1548.1,1530.74,6.46,0.42,2495.72,1580.13,1549.28,1518.44,27.17,36.12,9.27,2,1727.66,1385.24
2017-12-05,1541.43,1561.38,1567.61,1541.32,15.71,1.02,5174.39,1581.06,1550.67,1520.28,33.58,35.27,30.19,2,1726.2,1384.07
2017-12-06,1553.22,1544.8,1553.22,1527.93,-16.58,-1.06,2811.83,1580.58,1551.34,1522.1,36.76,35.77,38.74,2,1720.58,1379.56
2017-12-07,1538.87,1534.35,1548.8,1524.57,-10.44,-0.67,2468.39,1580.78,1551.14,1521.5,32.08,34.54,27.16,2,1717.9,1377.42
2017-12-08,1529.09,1532.8,1536.33,1520.64,-1.55,-0.1,2220.99,1580.99,1550.97,1520.94,30.02,33.03,23.99,2,1714.67,1374.82
2017-12-11,1531.85,1547.21,1547.48,1530.43,14.4,0.94,2417.55,1580.98,1550.94,1520.9,38.87,34.98,46.65,2,1714.63,1374.8
2017-12-12,1544.79,1519.7,1545.33,1519.26,-27.51,-1.78,2190.16,1582.6,1549.67,1516.75,26.21,32.05,14.53,2,1711.96,1372.65
2017-12-13,1518.61,1535.9,1536.78,1516.83,16.2,1.07,1931.1,1582.6,1549.67,1516.74,29.99,31.37,27.25,2,1709.97,1371.06
2017-12-14,1536.01,1529.95,1539.24,1525.11,-5.95,-0.39,1835.19,1582.8,1549.5,1516.19,28.61,30.45,24.93,2,1708.4,1369.8
2017-12-15,1527.34,1511.95,1527.41,1508.38,-18.0,-1.18,2099.48,1584.26,1547.32,1510.37,21.08,27.33,8.59,2,1705.37,1367.37
2017-12-18,1513.81,1514.96,1520.19,1502.94,3.0,0.2,1762.19,1583.55,1544.87,1506.2,22.02,25.56,14.95,2,1701.96,1364.64
2017-12-19,1514.15,1533.42,1533.81,1513.75,18.46,1.22,1952.7,1579.27,1542.82,1506.36,36.84,29.32,51.87,2,1698.86,1362.15
2017-12-20,1532.57,1530.3,1539.15,1522.3,-3.12,-0.2,2435.24,1567.23,1539.56,1511.9,45.03,34.56,65.99,2,1697.25,1360.86
2017-12-21,1526.91,1541.15,1546.88,1523.65,10.86,0.71,2095.01,1564.99,1538.7,1512.4,58.62,42.58,90.7,2,1698.0,1361.46
2017-12-22,1540.55,1539.03,1545.59,1537.18,-2.12,-0.14,1571.93,1561.59,1537.55,1513.51,66.46,50.54,98.3,2,1698.7,1362.02
2017-12-25,1540.75,1541.41,1557.96,1536.41,2.38,0.15,2238.95,1560.92,1537.25,1513.57,67.61,56.23,90.38,2,1698.05,1361.5
2017-12-26,1539.28,1553.29,1553.83,1537.98,11.89,0.77,2282.1,1562.27,1537.72,1513.17,75.58,62.68,101.38,2,1701.78,1364.49
2017-12-27,1548.22,1538.39,1553.3,1532.89,-14.91,-0.96,2553.76,1560.38,1536.95,1513.52,71.86,65.74,84.11,2,1702.06,1364.71
2017-12-28,1536.36,1548.29,1551.46,1531.63,9.9,0.64,2733.65,1560.91,1537.16,1513.41,75.38,68.95,88.24,2,1704.09,1366.34
2017-12-29,1548.61,1555.94,1556.81,1547.55,7.65,0.49,2406.35,1563.11,1537.99,1512.87,82.07,73.32,99.55,2,1708.98,1370.26
2018-01-02,1560.76,1571.91,1577.05,1560.76,15.97,1.03,4055.74,1568.33,1539.31,1510.28,84.91,77.19,100.37,2,1715.3,1375.33
2018-01-03,1571.11,1583.34,1591.77,1569.18,11.43,0.73,3798.67,1573.99,1540.4,1506.82,85.82,80.06,97.32,2,1720.84,1379.77
2018-01-04,1582.91,1583.21,1583.56,1573.57,-0.13,-0.01,3177.46,1580.74,1542.32,1503.91,85.8,81.98,93.45,2,1726.71,1384.48
2018-01-05,1583.5,1586.2,1595.15,1577.4,2.98,0.19,3754.67,1587.59,1544.92,1502.24,85.84,83.26,90.98,2,1731.71,1388.49
2018-01-08,1594.11,1606.57,1614.66,1591.02,20.38,1.28,4364.91,1598.58,1548.61,1498.63,87.31,84.61,92.71,2,1739.21,1394.5
2018-01-09,1605.85,1607.37,1610.67,1601.1,0.8,0.05,3176.71,1607.75,1551.61,1495.47,88.61,85.95,93.95,2,1746.53,1400.37
2018-01-10,1604.43,1613.24,1618.18,1602.87,5.87,0.37,4540.18,1616.46,1556.29,1496.12,90.51,87.47,96.59,0,1753.19,1405.71
2018-01-11,1612.35,1615.09,1618.31,1601.17,1.85,0.11,3449.27,1624.79,1560.25,1495.71,92.15,89.03,98.4,0,1761.7,1412.53
2018-01-12,1613.16,1621.66,1624.96,1611.73,6.57,0.41,2993.61,1633.04,1564.84,1496.63,93.06,90.37,98.43,0,1769.84,1419.06
2018-01-15,1622.99,1616.13,1633.06,1612.11,-5.53,-0.34,4759.07,1637.2,1570.04,1502.89,86.54,89.09,81.42,0,1776.52,1424.42
2018-01-16,1611.84,1622.4,1623.19,1610.33,6.28,0.39,4211.35,1641.27,1575.42,1509.57,85.05,87.75,79.66,0,1782.13,1428.91
2018-01-17,1624.33,1630.39,1645.88,1619.24,7.99,0.49,6111.96,1647.3,1580.27,1513.23,82.49,86.0,75.49,0,1787.35,1433.1
2018-01-18,1634.1,1647.17,1648.17,1631.81,16.78,1.03,6493.62,1655.05,1586.11,1517.17,87.75,86.58,90.08,0,1794.45,1438.79
2018-01-19,1652.44,1654.79,1664.93,1647.07,7.63,0.46,6941.17,1663.65,1591.79,1519.94,86.54,86.56,86.48,0,1802.06,1444.9
2018-01-22,1652.74,1665.05,1667.48,1652.09,10.26,0.62,5586.08,1672.4,1598.09,1523.79,89.8,87.64,94.12,0,1808.56,1450.1
2018-01-23,1665.64,1685.96,1686.42,1665.64,20.9,1.26,6485.43,1684.15,1605.32,1526.49,93.02,89.44,100.19,0,1817.28,1457.1
2018-01-24,1690.07,1690.96,1698.81,1676.11,5.0,0.3,6362.1,1695.57,1612.2,1528.84,92.39,90.42,96.33,0,1825.91,1464.01
2018-01-25,1687.01,1689.92,1699.42,1669.79,-1.05,-0.06,5467.35,1702.47,1619.78,1537.09,91.37,90.74,92.64,0,1834.21,1470.67
2018-01-26,1683.31,1698.8,1708.45,1682.53,8.89,0.53,5419.16,1710.0,1627.3,1544.61,90.97,90.82,91.28,0,1842.77,1477.54
2018-01-29,1701.29,1679.76,1712.08,1673.17,-19.05,-1.12,4991.34,1712.34,1633.5,1554.65,82.38,88.0,71.12,2,1849.84,1483.2
2018-01-30,1674.16,1655.55,1679.81,1653.83,-24.21,-1.44,3828.21,1711.74,1637.68,1563.61,64.78,80.26,33.81,2,1853.52,1486.15
2018-01-31,1647.84,1661.88,1663.21,1641.0,6.33,0.38,4020.1,1711.97,1641.6,1571.24,52.98,71.17,16.6,2,1857.01,1488.96
2018-02-01,1664.9,1667.13,1675.45,1650.34,5.25,0.32,5397.53,1711.59,1645.8,1580.01,47.57,63.3,16.11,2,1859.23,1490.73
2018-02-02,1652.86,1678.88,1679.55,1641.8,11.75,0.7,3673.13,1711.68,1650.43,1589.19,49.48,58.69,31.05,2,1861.9,1492.88
2018-02-05,1657.15,1703.99,1704.18,1654.55,25.11,1.49,5187.21,1717.31,1655.31,1593.3,62.52,59.97,67.63,2,1866.22,1496.34
2018-02-06,1669.41,1670.7,1684.86,1660.21,-33.29,-1.95,7170.7,1716.72,1658.47,1600.23,55.61,58.52,49.8,2,1864.53,1494.98
2018-02-07,1689.75,1638.81,1698.43,1631.56,-31.89,-1.91,6811.37,1715.02,1659.75,1604.49,40.08,52.37,15.49,2,1858.74,1490.34
2018-02-08,1621.19,1598.07,1632.81,1574.97,-40.74,-2.49,5182.23,1717.32,1658.9,1600.48,32.33,45.69,5.62,2,1848.55,1482.17
2018-02-09,1553.99,1526.08,1556.71,1479.32,-71.99,-4.5,6570.58,1735.19,1654.12,1573.05,28.49,39.96,5.55,2,1829.37,1466.8
2018-02-12,1519.54,1528.69,1535.58,1511.42,2.61,0.17,3295.16,1746.47,1649.75,1553.03,26.31,35.41,8.11,2,1812.61,1453.35
2018-02-13,1541.28,1542.85,1561.57,1541.28,14.17,0.93,3217.79,1752.67,1645.77,1538.88,26.96,32.59,15.69,2,1800.1,1443.32
2018-02-14,1545.83,1548.8,1553.43,1535.91,5.94,0.39,1823.6,1756.56,1641.69,1526.83,28.27,31.15,22.51,2,1787.54,1433.26
2018-02-22,1569.3,1586.86,1588.3,1568.27,38.06,2.46,2612.46,1755.95,1638.68,1521.41,34.79,32.36,39.64,2,1778.63,1426.11
2018-02-23,1593.04,1602.55,1603.55,1585.14,15.69,0.99,2852.81,1754.11,1636.06,1518.02,41.94,35.56,54.71,2,1770.16,1419.32
2018-02-26,1612.18,1623.75,1625.21,1596.36,21.2,1.32,3515.04,1751.39,1634.0,1516.61,49.93,40.35,69.1,2,1761.25,1412.18
2018-02-27,1622.61,1599.51,1622.61,1594.16,-24.24,-1.49,3391.13,1745.45,1629.68,1513.91,59.39,46.7,84.78,2,1753.35,1405.84
2018-02-28,1584.74,1584.74,1593.98,1574.75,-14.77,-0.92,2671.82,1738.13,1624.37,1510.6,63.68,52.36,86.33,2,1747.35,1401.03
2018-03-01,1573.04,1583.73,1591.81,1570.12,-1.01,-0.06,2329.13,1729.97,1619.06,1508.15,63.64,56.12,78.67,2,1745.76,1399.75
2018-03-02,1570.28,1572.83,1579.61,1564.33,-10.9,-0.69,2329.08,1719.05,1612.76,1506.47,56.2,56.15,56.32,2,1750.95,1403.91
2018-03-05,1574.45,1577.08,1581.72,1567.42,4.25,0.27,2244.35,1710.33,1607.62,1504.92,52.84,55.04,48.43,2,1756.32,1408.22
2018-03-06,1581.05,1589.21,1589.91,1565.52,12.13,0.77,3003.16,1704.87,1604.31,1503.74,48.85,52.98,40.59,2,1761.47,1412.35
2018-03-07,1593.12,1582.31,1600.45,1577.56,-6.9,-0.43,2707.18,1697.71,1600.33,1502.94,42.41,49.46,28.32,2,1765.19,1415.33
2018-03-08,1579.61,1587.14,1587.77,1573.74,4.83,0.31,1987.15,1688.86,1596.33,1503.8,40.76,46.56,29.17,2,1765.22,1415.35
2018-03-09,1589.15,1591.97,1593.8,1584.73,4.82,0.3,2155.02,1676.41,1591.98,1507.56,42.98,45.37,38.22,2,1764.04,1414.41
2018-03-12,1598.07,1596.44,1602.65,1589.77,4.48,0.28,3129.65,1653.74,1586.61,1519.47,56.59,49.11,71.55,2,1761.01,1411.98
2018-03-13,1594.9,1589.95,1598.23,1587.04,-6.49,-0.41,2573.03,1637.61,1582.57,1527.53,60.01,52.74,74.55,2,1759.95,1411.13
2018-03-14,1584.71,1578.57,1586.14,1577.25,-11.38,-0.72,2110.87,1628.17,1579.56,1530.94,52.39,52.63,51.93,2,1759.26,1410.58
2018-03-15,1572.72,1582.2,1583.08,1572.72,3.62,0.23,1827.54,1626.66,1578.76,1530.87,49.9,51.72,46.27,2,1759.09,1410.45
2018-03-16,1581.4,1568.99,1585.39,1568.65,-13.2,-0.83,1815.65,1622.62,1580.91,1539.2,36.38,46.61,15.94,2,1758.67,1410.1
2018-03-19,1565.82,1568.78,1569.63,1556.56,-0.21,-0.01,1771.26,1617.66,1582.91,1548.16,33.09,42.1,15.08,2,1757.75,1409.36
2018-03-20,1559.21,1570.52,1572.27,1557.03,1.74,0.11,1725.26,1614.46,1584.3,1554.14,32.16,38.79,18.9,2,1755.67,1407.7
2018-03-21,1573.7,1562.95,1577.96,1554.93,-7.57,-0.48,2041.59,1612.33,1585.0,1557.68,27.04,34.87,11.38,2,1753.52,1405.98
2018-03-22,1562.15,1552.73,1565.18,1541.04,-10.22,-0.65,2048.66,1614.0,1583.3,1552.59,24.35,31.37,10.33,2,1749.7,1402.92
2018-03-23,1509.67,1517.55,1518.52,1486.34,-35.18,-2.26,4425.92,1619.8,1579.05,1538.29,25.53,29.42,17.76,2,1741.44,1396.29
2018-03-26,1498.97,1494.94,1498.97,1478.62,-22.61,-1.49,2789.05,1622.71,1572.61,1522.51,22.08,26.97,12.29,1,1730.18,1387.26
2018-03-27,1510.5,1501.33,1514.2,1490.41,6.39,0.43,2723.25,1625.01,1567.7,1510.38,21.81,25.25,14.93,1,1720.34,1379.37
2018-03-28,1485.9,1476.85,1498.55,1472.44,-24.49,-1.63,2322.21,1631.31,1562.3,1493.3,15.84,22.12,3.29,1,1709.05,1370.32
2018-03-29,1480.31,1495.05,1502.72,1460.55,18.2,1.23,2850.13,1632.0,1557.87,1483.74,20.36,21.53,18.01,1,1699.38,1362.56
2018-03-30,1495.75,1494.65,1500.55,1490.35,-0.39,-0.03,2304.9,1632.63,1553.96,1475.29,23.25,22.1,25.55,1,1691.12,1355.95
2018-04-02,1493.23,1486.31,1505.67,1485.62,-8.34,-0.56,2272.92,1632.58,1549.42,1466.27,22.81,22.34,23.76,1,1681.97,1348.61
2018-04-03,1472.64,1476.72,1481.8,1469.31,-9.6,-0.65,1905.14,1630.57,1543.8,1457.03,20.36,21.68,17.72,1,1671.56,1340.26
2018-04-04,1481.06,1473.95,1488.62,1473.05,-2.77,-0.19,1804.19,1628.33,1538.38,1448.43,21.28,21.55,20.74,1,1661.68,1332.34
2018-04-09,1471.44,1475.11,1479.64,1465.37,1.16,0.08,1728.84,1623.83,1532.78,1441.73,23.23,22.11,25.48,1,1653.06,1325.43
2018-04-10,1477.63,1504.58,1504.72,1476.85,29.47,2.0,2576.72,1616.0,1528.41,1440.82,42.84,29.02,70.49,2,1651.62,1324.27
2018-04-11,1507.89,1507.94,1514.95,1499.97,3.36,0.22,2691.18,1606.15,1523.98,1441.81,57.6,38.55,95.71,2,1653.07,1325.43
2018-04-12,1505.61,1490.58,1505.61,1489.42,-17.35,-1.15,1736.07,1596.51,1519.02,1441.52,56.8,44.63,81.14,2,1651.87,1324.47
2018-04-13,1498.27,1483.03,1500.82,1481.14,-7.55,-0.51,1565.58,1588.16,1514.24,1440.32,49.74,46.34,56.55,2,1652.56,1325.02
2018-04-16,1479.65,1458.03,1479.65,1450.95,-25.0,-1.69,2444.51,1578.87,1508.03,1437.19,36.85,43.17,24.2,2,1648.45,1321.73
2018-04-17,1459.8,1437.9,1462.12,1437.02,-20.13,-1.38,1895.67,1572.8,1501.47,1430.15,24.94,37.1,0.63,2,1642.15,1316.68
2018-04-18,1451.21,1441.83,1453.85,1425.06,3.93,0.27,2225.72,1563.91,1495.13,1426.34,22.85,32.35,3.85,2,1637.21,1312.72
2018-04-19,1443.76,1451.45,1456.39,1440.73,9.63,0.67,1742.69,1551.09,1489.17,1427.25,25.02,29.9,15.25,2,1634.41,1310.47
2018-04-20,1446.55,1436.32,1449.32,1425.75,-15.13,-1.04,2026.71,1538.91,1482.84,1426.77,20.85,26.89,8.79,2,1630.23,1307.12
2018-04-23,1432.23,1441.92,1445.12,1431.04,5.6,0.39,1880.54,1526.08,1477.3,1428.53,20.15,24.64,11.18,2,1626.55,1304.17
2018-04-24,1441.18,1468.28,1473.82,1441.18,26.35,1.83,2785.96,1520.08,1474.84,1429.59,31.32,26.87,40.23,2,1622.52,1300.94
2018-04-25,1461.6,1460.22,1466.74,1457.43,-8.05,-0.55,1768.65,1517.79,1473.1,1428.41,36.35,30.03,48.99,2,1617.22,1296.69
2018-04-26,1462.72,1448.49,1465.45,1440.65,-11.73,-0.8,1753.26,1514.4,1470.46,1426.52,38.54,32.87,49.89,2,1612.55,1292.94
2018-04-27,1452.28,1455.23,1455.67,1438.36,6.75,0.46,1819.03,1513.7,1469.38,1425.06,46.32,37.35,64.25,2,1609.46,1290.47
2018-05-02,1460.85,1459.67,1468.75,1455.39,4.43,0.3,1919.58,1510.49,1467.61,1424.73,54.54,43.08,77.46,2,1609.65,1290.62
2018-05-03,1456.45,1468.91,1470.7,1449.12,9.25,0.63,1749.31,1507.39,1466.32,1425.26,66.29,50.82,97.23,2,1613.09,1293.38
2018-05-04,1466.3,1466.79,1475.25,1464.21,-2.12,-0.14,1517.27,1505.38,1465.35,1425.31,71.83,57.82,99.84,2,1615.86,1295.6
2018-05-07,1468.14,1480.2,1480.71,1462.77,13.4,0.91,1710.54,1505.78,1465.52,1425.26,80.88,65.51,111.62,2,1619.05,1298.16
2018-05-08,1478.52,1491.28,1497.45,1477.98,11.08,0.75,2121.71,1508.06,1466.39,1424.72,83.77,71.59,108.12,2,1625.15,1303.05
2018-05-09,1490.64,1489.54,1493.62,1484.4,-1.73,-0.12,1317.28,1509.85,1467.11,1424.37,84.72,75.97,102.22,2,1630.44,1307.29
2018-05-10,1492.13,1493.63,1495.97,1486.98,4.08,0.27,1269.32,1507.61,1466.56,1425.51,87.66,79.86,103.24,2,1633.25,1309.54
2018-05-11,1496.11,1492.02,1498.15,1490.31,-1.61,-0.11,1738.24,1504.1,1465.77,1427.43,88.35,82.69,99.67,2,1636.78,1312.37
2018-05-14,1494.98,1503.98,1508.83,1494.98,11.96,0.8,1951.76,1506.89,1466.44,1425.98,89.53,84.97,98.64,2,1642.94,1317.31
2018-05-15,1507.45,1505.98,1508.03,1495.62,2.01,0.13,1585.85,1511.05,1467.58,1424.12,91.43,87.12,100.04,0,1648.57,1321.83
2018-05-16,1500.53,1492.28,1502.55,1491.18,-13.7,-0.91,1410.79,1513.81,1469.3,1424.78,82.31,85.52,75.89,2,1652.19,1324.73
2018-05-17,1492.18,1480.64,1493.8,1479.06,-11.64,-0.78,1187.83,1513.76,1471.43,1429.11,67.8,79.61,44.19,2,1653.49,1325.77
2018-05-18,1479.64,1493.33,1493.55,1472.84,12.68,0.86,1392.73,1515.06,1474.01,1432.95,64.18,74.47,43.6,2,1656.44,1328.14
2018-05-21,1503.19,1505.26,1509.9,1502.46,11.93,0.8,1861.15,1518.53,1476.7,1434.86,71.95,73.63,68.58,2,1659.22,1330.37
2018-05-22,1503.95,1494.3,1503.95,1487.45,-10.96,-0.73,1616.82,1517.71,1479.6,1441.49,67.27,71.51,58.78,2,1659.56,1330.64
2018-05-23,1489.76,1479.25,1490.08,1478.75,-15.05,-1.01,1647.5,1515.44,1481.46,1447.48,50.61,64.54,22.75,2,1658.41,1329.72
2018-05-24,1478.06,1469.92,1479.71,1468.55,-9.33,-0.63,1311.01,1515.41,1481.55,1447.68,34.84,54.64,-4.75,2,1655.78,1327.61
2018-05-25,1470.01,1472.37,1475.84,1465.46,2.45,0.17,1389.47,1514.88,1482.15,1449.43,28.41,45.9,-6.56,2,1653.6,1325.86
2018-05-28,1473.55,1471.36,1477.97,1465.11,-1.02,-0.07,1235.93,1512.66,1483.3,1453.93,23.59,38.46,-6.15,2,1649.98,1322.96
2018-05-29,1468.6,1468.57,1470.21,1456.41,-2.78,-0.19,1833.1,1511.29,1483.96,1456.64,23.31,33.41,3.1,2,1645.83,1319.63
2018-05-30,1452.55,1430.26,1452.55,1429.75,-38.31,-2.61,1633.35,1517.09,1482.49,1447.9,15.75,27.52,-7.8,2,1638.94,1314.11
2018-05-31,1438.58,1451.2,1453.68,1436.21,20.94,1.46,1761.19,1518.38,1481.61,1444.83,19.42,24.82,8.62,2,1635.68,1311.49
2018-06-01,1447.92,1442.55,1455.36,1437.89,-8.66,-0.6,1389.08,1520.49,1480.4,1440.3,18.7,22.78,10.53,2,1630.04,1306.97
2018-06-04,1450.23,1456.85,1459.99,1450.23,14.31,0.99,1533.83,1520.62,1479.23,1437.84,27.44,24.33,33.65,1,1624.67,1302.66
2018-06-05,1464.44,1469.76,1470.03,1457.6,12.91,0.89,1499.52,1519.35,1478.15,1436.95,44.99,31.22,72.52,2,1621.94,1300.48
2018-06-06,1468.48,1472.39,1474.99,1466.08,2.63,0.18,1476.42,1518.22,1477.29,1436.37,59.47,40.63,97.13,2,1621.18,1299.87
2018-06-07,1475.88,1472.84,1479.09,1470.72,0.45,0.03,1580.8,1516.52,1476.26,1435.99,68.76,50.01,106.25,2,1621.5,1300.13
2018-06-08,1466.64,1449.16,1466.64,1444.2,-23.68,-1.61,1811.92,1515.35,1474.11,1432.88,58.95,52.99,70.87,2,1618.93,1298.06
2018-06-11,1445.29,1450.34,1451.43,1439.63,1.18,0.08,1281.01,1511.51,1471.43,1431.36,53.21,53.06,53.51,2,1616.6,1296.19
2018-06-12,1449.37,1461.96,1463.11,1443.8,11.62,0.8,1347.65,1506.19,1469.23,1432.27,55.49,53.87,58.73,2,1615.86,1295.6
2018-06-13,1459.3,1455.5,1462.82,1450.26,-6.46,-0.44,1321.81,1503.22,1467.39,1431.56,51.24,53.0,47.73,2,1618.66,1297.85
2018-06-14,1449.81,1454.14,1460.35,1447.67,-1.37,-0.09,1378.63,1501.8,1466.07,1430.33,46.42,50.8,37.65,2,1618.99,1298.11
2018-06-15,1451.62,1454.7,1457.88,1444.7,0.56,0.04,1849.16,1497.88,1464.13,1430.39,43.68,48.43,34.17,2,1620.34,1299.19
2018-06-19,1436.75,1426.79,1438.74,1403.91,-27.9,-1.92,4011.19,1492.12,1460.21,1428.3,39.26,45.37,27.04,2,1617.0,1296.51
2018-06-20,1418.85,1419.1,1423.74,1404.62,-7.7,-0.54,1597.35,1489.12,1456.45,1423.78,32.91,41.22,16.29,2,1611.38,1292.01
2018-06-21,1419.53,1406.84,1435.47,1405.65,-12.26,-0.86,1635.26,1490.29,1452.83,1415.37,23.5,35.31,-0.13,2,1604.1,1286.17
2018-06-22,1398.1,1405.94,1406.49,1390.87,-0.9,-0.06,1366.64,1491.38,1449.63,1407.88,22.62,31.08,5.69,2,1596.68,1280.22
2018-06-25,1411.1,1379.82,1413.72,1379.29,-26.12,-1.86,1670.47,1495.29,1445.0,1394.71,15.29,25.82,-5.76,2,1588.98,1274.05
2018-06-26,1367.03,1360.83,1367.35,1344.47,-18.99,-1.38,1862.61,1500.18,1439.48,1378.77,14.8,22.14,0.11,2,1579.04,1266.08
2018-06-27,1358.39,1340.3,1362.18,1328.91,-20.53,-1.51,1882.35,1505.99,1433.06,1360.14,12.76,19.01,0.24,2,1565.54,1255.25
2018-06-28,1328.02,1319.71,1337.88,1315.8,-20.59,-1.54,1520.15,1515.65,1427.54,1339.42,9.42,15.82,-3.37,2,1550.47,1243.17
2018-06-29,1321.13,1343.75,1344.12,1320.62,24.04,1.82,1376.3,1516.72,1422.16,1327.61,13.86,15.16,11.25,1,1538.21,1233.34
2018-07-02,1341.05,1303.25,1341.72,1295.37,-40.5,-3.01,1795.0,1522.4,1415.2,1308.0,11.11,13.81,5.71,1,1521.4,1219.86
2018-07-03,1302.38,1298.75,1302.87,1271.74,-4.5,-0.34,2006.69,1523.94,1407.29,1290.64,12.91,13.51,11.7,1,1507.19,1208.47
2018-07-04,1294.65,1292.21,1305.0,1289.96,-6.54,-0.5,1331.36,1521.54,1398.42,1275.29,13.41,13.48,13.28,1,1493.11,1197.17
2018-07-05,1289.72,1291.26,1300.31,1278.57,-0.95,-0.07,1720.56,1515.99,1389.36,1262.73,13.52,13.49,13.58,1,1480.28,1186.89
2018-07-06,1290.16,1292.22,1301.97,1268.81,0.96,0.07,1547.25,1507.61,1380.33,1253.04,16.93,14.64,21.52,1,1467.65,1176.77
2018-07-09,1294.21,1324.06,1324.48,1294.21,31.84,2.46,1620.31,1499.49,1374.07,1248.65,31.01,20.1,52.85,2,1461.46,1171.8
2018-07-10,1327.05,1331.88,1333.67,1320.75,7.82,0.59,1452.6,1489.74,1368.15,1246.57,48.59,29.6,86.58,2,1458.25,1169.23
2018-07-11,1308.53,1306.42,1312.42,1297.39,-25.47,-1.91,1469.0,1476.75,1360.37,1244.0,49.04,36.08,74.97,2,1454.49,1166.21
2018-07-12,1304.16,1330.95,1336.04,1304.16,24.53,1.88,1884.54,1462.55,1354.15,1245.74,61.1,44.42,94.47,2,1455.74,1167.21
2018-07-13,1332.03,1334.41,1335.1,1326.5,3.46,0.26,1465.4,1446.58,1348.16,1249.74,73.26,54.03,111.72,2,1454.7,1166.38
2018-07-16,1329.81,1319.25,1333.33,1312.51,-15.16,-1.14,1585.37,1427.41,1341.39,1255.37,73.85,60.64,100.27,2,1456.48,1167.81
2018-07-17,1313.88,1309.86,1314.66,1301.74,-9.39,-0.71,1218.65,1413.02,1335.54,1258.06,69.59,63.62,81.52,2,1457.71,1168.79
2018-07-18,1310.96,1302.05,1318.78,1301.28,-7.82,-0.6,1278.81,1398.2,1329.69,1261.18,62.87,63.37,61.87,2,1458.8,1169.67
2018-07-19,1304.75,1296.16,1313.26,1292.91,-5.89,-0.45,1531.9,1384.2,1324.15,1264.11,44.43,57.06,19.17,2,1459.35,1170.11
2018-07-20,1295.99,1321.9,1327.69,1286.06,25.74,1.99,2487.47,1366.84,1319.95,1273.07,53.52,55.88,48.81,2,1462.64,1172.75
2018-07-23,1317.85,1354.77,1357.29,1314.41,32.87,2.49,3058.81,1360.14,1318.7,1277.26,67.83,59.86,83.78,2,1466.05,1175.48
2018-07-24,1360.57,1381.9,1388.5,1360.57,27.13,2.0,3826.6,1366.2,1319.75,1273.31,76.41,65.38,98.47,2,1471.6,1179.93
2018-07-25,1385.29,1377.43,1385.33,1372.91,-4.47,-0.32,2033.03,1373.8,1321.61,1269.42,80.67,70.48,101.06,2,1479.48,1186.25
2018-07-26,1380.82,1366.34,1385.72,1362.31,-11.09,-0.8,1967.03,1379.63,1323.94,1268.25,79.9,73.62,92.47,2,1483.41,1189.4
2018-07-27,1361.74,1355.91,1366.09,1354.72,-10.43,-0.76,1521.41,1381.35,1324.55,1267.75,76.0,74.41,79.17,2,1485.8,1191.32
2018-07-30,1357.05,1368.23,1377.48,1357.05,12.32,0.91,1953.93,1386.75,1327.8,1268.85,77.4,75.41,81.39,2,1491.24,1195.67
2018-07-31,1366.51,1367.72,1372.34,1355.45,-0.51,-0.04,1686.78,1391.06,1331.25,1271.44,78.17,76.33,81.86,2,1497.66,1200.82
2018-08-01,1376.51,1340.57,1381.52,1340.38,-27.16,-1.98,2236.58,1390.82,1333.66,1276.51,69.85,74.17,61.22,2,1501.93,1204.25
2018-08-02,1334.05,1317.32,1336.17,1297.33,-23.25,-1.73,2273.46,1389.31,1334.97,1280.62,53.88,67.41,26.82,2,1504.28,1206.14
2018-08-03,1314.01,1298.43,1319.57,1298.31,-18.89,-1.43,1624.07,1388.71,1335.28,1281.85,36.32,57.04,-5.13,2,1501.68,1204.05
2018-08-06,1299.95,1290.63,1314.05,1286.0,-7.8,-0.6,1805.81,1390.33,1333.61,1276.89,25.76,46.62,-15.95,2,1494.56,1198.34
2018-08-07,1296.49,1334.84,1335.07,1289.71,44.22,3.43,2350.25,1390.47,1333.75,1277.04,33.5,42.24,16.01,2,1489.33,1194.15
2018-08-08,1330.23,1318.2,1333.3,1317.0,-16.65,-1.25,1816.15,1390.15,1334.34,1278.54,33.57,39.35,22.0,2,1482.76,1188.88
2018-08-09,1313.24,1341.9,1345.33,1312.93,23.71,1.8,1986.31,1390.77,1334.89,1279.02,41.89,40.2,45.27,2,1480.05,1186.7
2018-08-10,1342.46,1341.73,1348.4,1333.79,-0.17,-0.01,1460.82,1391.21,1335.26,1279.3,47.37,42.59,56.94,2,1478.47,1185.44
2018-08-13,1327.81,1333.64,1335.47,1314.59,-8.09,-0.6,1776.11,1391.46,1335.98,1280.5,48.21,44.46,55.7,2,1474.63,1182.36
2018-08-14,1331.6,1327.88,1332.74,1320.69,-5.76,-0.43,1349.58,1391.21,1336.88,1282.55,54.51,47.81,67.91,2,1470.21,1178.82
2018-08-15,1327.32,1302.19,1329.0,1300.95,-25.69,-1.93,1476.62,1391.19,1336.88,1282.57,44.99,46.87,41.22,2,1465.95,1175.4
2018-08-16,1287.42,1298.53,1310.89,1280.74,-3.66,-0.28,1936.04,1390.97,1337.0,1283.04,38.76,44.17,27.94,2,1463.86,1173.73
2018-08-17,1308.58,1279.19,1310.59,1277.68,-19.35,-1.49,1581.23,1394.17,1334.87,1275.57,26.55,38.29,3.06,2,1461.73,1172.02
2018-08-20,1283.58,1291.52,1292.08,1271.64,12.33,0.96,1739.56,1393.13,1331.7,1270.28,26.33,34.31,10.38,2,1461.83,1172.1
2018-08-21,1292.58,1310.87,1315.77,1290.73,19.35,1.5,1810.82,1385.65,1328.15,1270.66,34.59,34.4,34.97,2,1459.17,1169.96
2018-08-22,1307.36,1299.35,1307.36,1295.83,-11.52,-0.88,1115.09,1378.33,1324.25,1270.17,35.09,34.63,36.02,2,1457.07,1168.29
2018-08-23,1298.66,1299.02,1305.64,1285.25,-0.33,-0.03,1283.49,1372.39,1320.88,1269.38,37.69,35.65,41.78,2,1452.32,1164.47
2018-08-24,1294.84,1300.82,1310.71,1287.07,1.8,0.14,1537.05,1367.7,1318.13,1268.56,41.05,37.45,48.24,2,1447.77,1160.83
2018-08-27,1307.84,1325.75,1325.75,1305.98,24.92,1.92,2092.54,1360.15,1316.0,1271.86,58.81,44.57,87.29,2,1446.9,1160.13
2018-08-28,1326.57,1331.1,1333.47,1326.06,5.35,0.4,1704.69,1352.2,1314.17,1276.14,71.26,53.47,106.85,2,1447.26,1160.41
2018-08-29,1327.22,1321.97,1329.61,1318.38,-9.13,-0.69,1246.61,1349.52,1313.24,1276.97,74.64,60.53,102.87,2,1449.45,1162.17
2018-08-30,1320.47,1305.6,1326.87,1305.19,-16.37,-1.24,1317.86,1349.03,1312.66,1276.29,68.07,63.04,78.13,2,1450.24,1162.8
2018-08-31,1301.62,1307.64,1316.89,1298.12,2.04,0.16,1927.65,1348.98,1313.12,1277.25,60.86,62.31,57.95,2,1453.39,1165.33
2018-09-03,1303.13,1294.72,1303.17,1283.97,-12.92,-0.99,1433.81,1348.72,1313.32,1277.93,47.81,57.48,28.47,2,1453.75,1165.62
2018-09-04,1294.45,1306.51,1310.28,1288.15,11.79,0.91,1437.84,1345.99,1311.91,1277.83,47.05,54.0,33.15,2,1453.27,1165.23
2018-09-05,1302.07,1281.02,1305.56,1281.02,-25.49,-1.95,1573.45,1346.52,1310.05,1273.57,31.37,46.46,1.19,2,1451.23,1163.6
2018-09-06,1277.44,1269.47,1289.46,1266.58,-11.55,-0.9,1542.96,1343.9,1306.43,1268.95,22.35,38.42,-9.79,2,1447.95,1160.97
2018-09-07,1272.04,1275.15,1286.11,1264.86,5.68,0.45,1425.69,1339.24,1303.1,1266.95,19.9,32.25,-4.8,2,1445.1,1158.68
2018-09-10,1274.46,1260.93,1279.86,1260.35,-14.22,-1.12,1349.02,1337.18,1299.46,1261.74,13.55,26.01,-11.39,2,1437.91,1152.92
2018-09-11,1260.92,1254.94,1264.68,1249.64,-5.99,-0.47,1357.67,1335.87,1295.81,1255.76,11.32,21.12,-8.28,2,1429.45,1146.14
2018-09-12,1250.11,1249.26,1257.64,1245.11,-5.68,-0.45,1259.67,1337.91,1293.17,1248.43,9.47,17.23,-6.05,1,1421.38,1139.67
2018-09-13,1263.35,1264.56,1266.85,1249.22,15.3,1.22,1482.46,1337.82,1291.47,1245.12,16.26,16.91,14.97,1,1416.83,1136.01
2018-09-14,1266.81,1265.7,1270.8,1263.21,1.14,0.09,1143.49,1338.22,1290.79,1243.37,21.37,18.4,27.32,2,1412.17,1132.28
2018-09-17,1260.83,1249.8,1260.83,1248.77,-15.91,-1.26,1017.12,1339.38,1288.71,1238.04,16.84,17.88,14.75,2,1407.18,1128.28
2018-09-18,1245.71,1284.55,1284.82,1245.61,34.76,2.78,1754.41,1337.05,1287.39,1237.74,40.87,25.54,71.52,2,1404.75,1126.33
2018-09-19,1280.85,1294.46,1302.53,1279.31,9.91,0.77,2125.28,1336.61,1287.15,1237.68,55.89,35.66,96.36,2,1406.24,1127.52
2018-09-20,1295.17,1295.25,1301.33,1292.32,0.79,0.06,1693.16,1336.27,1286.96,1237.65,66.37,45.9,107.32,2,1409.1,1129.82
2018-09-21,1298.02,1334.81,1334.96,1293.25,39.55,3.05,2966.88,1341.95,1288.66,1235.37,77.52,56.44,119.7,2,1415.72,1135.13
2018-09-25,1319.6,1321.1,1325.18,1316.93,-13.71,-1.03,1795.08,1341.1,1288.43,1235.75,79.87,64.25,111.12,2,1422.4,1140.48
2018-09-26,1323.07,1330.43,1344.99,1321.57,9.33,0.71,2302.7,1340.96,1288.39,1235.83,81.7,70.07,104.96,2,1430.78,1147.2
2018-09-27,1331.01,1329.19,1335.77,1324.21,-1.24,-0.09,1576.67,1342.33,1288.75,1235.18,82.5,74.21,99.08,2,1439.65,1154.32
2018-09-28,1329.76,1341.0,1344.41,1327.72,11.81,0.89,2092.87,1348.38,1290.52,1232.67,86.99,78.47,104.04,2,1448.14,1161.12
2018-10-08,1312.51,1289.56,1315.68,1283.98,-51.45,-3.84,2287.19,1346.94,1289.62,1232.3,72.74,76.56,65.09,2,1450.79,1163.24
2018-10-09,1287.21,1286.73,1295.41,1282.96,-2.83,-0.22,1503.0,1346.5,1289.22,1231.94,52.26,68.46,19.85,2,1454.89,1166.53
2018-10-10,1289.43,1294.09,1304.47,1283.78,7.36,0.57,1479.85,1345.38,1288.6,1231.82,40.82,59.25,3.97,2,1455.94,1167.38
2018-10-11,1259.85,1231.9,1269.23,1219.35,-62.2,-4.81,2680.42,1348.05,1286.14,1224.24,30.54,49.68,-7.73,2,1449.0,1161.81
2018-10-12,1231.11,1249.43,1254.38,1217.93,17.54,1.42,2137.68,1348.72,1285.14,1221.57,28.63,42.66,0.56,2,1443.91,1157.73
2018-10-15,1249.27,1227.61,1251.93,1225.24,-21.82,-1.75,1489.43,1351.04,1282.76,1214.49,21.62,35.65,-6.43,2,1432.02,1148.19
2018-10-16,1228.15,1218.13,1242.43,1215.17,-9.49,-0.77,1435.85,1353.99,1280.62,1207.26,15.18,28.83,-12.11,2,1420.59,1139.03
2018-10-17,1233.0,1235.93,1240.23,1217.42,17.8,1.46,1651.2,1354.82,1279.67,1204.53,15.47,24.37,-2.33,2,1410.1,1130.62
2018-10-18,1230.69,1205.38,1230.69,1205.13,-30.55,-2.47,1612.97,1358.39,1277.48,1196.57,10.39,19.71,-8.25,2,1396.35,1119.6
2018-10-19,1195.25,1233.7,1234.22,1188.9,28.32,2.35,2180.29,1358.93,1275.94,1192.95,19.85,19.76,20.03,2,1384.44,1110.05
2018-10-22,1240.47,1277.54,1289.98,1240.47,43.84,3.55,3069.83,1359.39,1276.53,1193.67,38.8,26.11,64.19,2,1383.11,1108.98
2018-10-23,1277.9,1249.17,1279.57,1243.59,-28.37,-2.22,2184.2,1359.4,1276.5,1193.6,45.74,32.65,71.92,2,1378.94,1105.64
2018-10-24,1248.53,1257.91,1277.91,1247.91,8.74,0.7,2296.08,1358.36,1275.17,1191.97,53.25,39.52,80.72,2,1374.92,1102.42
2018-10-25,1229.58,1261.45,1262.82,1225.6,3.54,0.28,1993.96,1356.42,1273.52,1190.61,59.43,46.15,85.97,2,1378.2,1105.05
2018-10-26,1265.21,1260.49,1272.95,1251.27,-0.96,-0.08,1919.31,1354.24,1271.78,1189.31,63.23,51.84,85.99,2,1379.43,1106.03
2018-10-29,1263.08,1234.46,1266.76,1227.75,-26.03,-2.07,1985.85,1345.4,1266.76,1188.12,57.17,53.62,64.28,2,1380.19,1106.64
2018-10-30,1237.89,1244.03,1253.9,1228.47,9.57,0.77,2042.71,1337.99,1262.91,1187.82,56.3,54.51,59.86,2,1383.07,1108.95
2018-10-31,1246.6,1261.66,1266.73,1243.94,17.64,1.42,2528.87,1327.87,1259.47,1191.07,61.53,56.85,70.88,2,1385.92,1111.24
2018-11-01,1272.28,1263.91,1278.17,1261.66,2.25,0.18,2594.19,1316.77,1256.2,1195.64,60.85,58.18,66.19,2,1392.42,1116.44
2018-11-02,1291.36,1299.4,1299.77,1277.14,35.49,2.81,3565.07,1304.97,1254.12,1203.28,73.74,63.37,94.47,2,1399.71,1122.29
2018-11-05,1292.47,1287.6,1294.48,1277.79,-11.8,-0.91,2122.63,1304.61,1254.03,1203.45,77.02,67.92,95.22,2,1400.83,1123.19
2018-11-06,1285.32,1280.96,1285.32,1270.95,-6.64,-0.52,1541.57,1303.63,1253.74,1203.85,76.23,70.69,87.3,2,1404.36,1126.02
2018-11-07,1283.21,1274.37,1292.43,1272.7,-6.59,-0.51,1991.32,1300.13,1252.75,1205.37,72.4,71.26,74.67,2,1406.18,1127.48
2018-11-08,1284.57,1268.42,1284.76,1267.21,-5.96,-0.47,1482.29,1301.41,1254.58,1207.74,67.09,69.87,61.53,2,1406.96,1128.1
2018-11-09,1261.7,1248.24,1261.7,1247.03,-20.18,-1.59,2157.66,1301.38,1254.52,1207.65,53.97,64.57,32.77,2,1405.6,1127.01
2018-11-12,1245.84,1262.23,1262.85,1245.49,13.99,1.12,1660.81,1301.54,1256.25,1210.96,46.9,58.68,23.34,2,1408.68,1129.48
2018-11-13,1247.01,1268.86,1273.99,1246.31,6.63,0.53,1982.61,1300.82,1258.79,1216.75,45.62,54.32,28.2,2,1411.44,1131.69
2018-11-14,1272.55,1263.57,1275.45,1261.55,-5.28,-0.42,2029.64,1300.9,1260.17,1219.43,41.51,50.05,24.43,2,1411.65,1131.86
2018-11-15,1262.02,1277.25,1277.32,1261.85,13.68,1.08,1704.99,1296.41,1263.76,1231.12,49.29,49.8,48.26,2,1413.13,1133.05
2018-11-16,1278.62,1278.93,1286.35,1269.86,1.67,0.13,2011.77,1296.2,1266.02,1235.85,56.6,52.07,65.68,2,1410.86,1131.23
2018-11-19,1281.09,1291.96,1291.96,1277.16,13.04,1.02,1973.57,1298.63,1266.74,1234.86,70.74,58.29,95.63,2,1411.34,1131.62
2018-11-20,1283.41,1268.28,1289.51,1267.09,-23.68,-1.83,1876.0,1298.55,1267.7,1236.85,63.5,60.03,70.46,2,1409.93,1130.49
2018-11-21,1258.89,1271.3,1274.09,1258.22,3.02,0.24,1427.59,1298.92,1268.37,1237.82,60.85,60.3,61.95,2,1409.59,1130.21
2018-11-22,1273.19,1268.13,1273.52,1263.06,-3.17,-0.25,1161.61,1299.09,1268.7,1238.32,56.81,59.14,52.15,2,1409.56,1130.19
2018-11-23,1265.96,1242.25,1268.47,1242.16,-25.88,-2.04,1556.82,1300.14,1267.79,1235.44,37.93,52.07,9.66,2,1408.9,1129.66
2018-11-26,1245.94,1240.73,1252.31,1237.48,-1.52,-0.12,1177.85,1299.25,1268.1,1236.96,27.28,43.8,-5.78,2,1406.51,1127.74
2018-11-27,1244.46,1236.46,1247.35,1234.01,-4.27,-0.34,1120.53,1300.19,1267.73,1235.26,19.59,35.73,-12.69,2,1402.91,1124.86
2018-11-28,1236.95,1248.36,1249.24,1233.0,11.9,0.96,1143.08,1300.52,1267.06,1233.6,21.75,31.07,3.1,2,1401.23,1123.5
2018-11-29,1255.76,1238.28,1258.0,1238.28,-10.08,-0.81,1413.47,1301.51,1265.78,1230.04,17.48,26.54,-0.64,2,1396.9,1120.04
2018-11-30,1236.11,1248.89,1248.89,1234.52,10.61,0.86,1427.08,1296.15,1263.25,1230.35,21.03,24.7,13.68,2,1393.57,1117.36
2018-12-03,1277.28,1277.67,1281.44,1265.88,28.78,2.3,2580.5,1294.45,1262.76,1231.06,44.76,31.39,71.5,2,1391.98,1116.09
2018-12-04,1275.95,1285.87,1285.87,1273.14,8.2,0.64,1835.66,1295.33,1263.0,1230.68,63.17,41.98,105.55,2,1393.93,1117.66
2018-12-05,1270.23,1278.21,1282.79,1268.6,-7.66,-0.6,1506.44,1295.83,1263.19,1230.56,70.62,51.53,108.8,2,1394.7,1118.27
2018-12-06,1265.87,1254.77,1268.18,1253.61,-23.44,-1.83,1559.0,1295.25,1262.51,1229.77,60.8,54.62,73.17,2,1393.22,1117.08
2018-12-07,1257.3,1260.01,1262.93,1256.19,5.23,0.42,1148.98,1295.21,1263.1,1230.99,57.57,55.6,61.49,2,1395.19,1118.66
2018-12-10,1250.72,1250.46,1259.42,1245.63,-9.55,-0.76,1361.48,1295.09,1262.51,1229.93,49.39,53.53,41.1,2,1396.27,1119.53
2018-12-11,1252.68,1253.09,1256.06,1249.12,2.63,0.21,949.54,1294.41,1261.72,1229.03,44.98,50.68,33.58,2,1398.11,1121.01
2018-12-12,1262.39,1257.85,1262.39,1254.39,4.76,0.38,1029.26,1294.16,1261.44,1228.72,45.13,48.83,37.73,2,1399.17,1121.85
2018-12-13,1261.06,1280.2,1285.7,1258.55,22.35,1.78,2276.44,1294.62,1261.58,1228.55,58.72,52.13,71.91,2,1403.82,1125.58
2018-12-14,1274.3,1260.75,1277.4,1260.75,-19.44,-1.52,1922.2,1292.73,1260.68,1228.62,51.67,51.98,51.07,2,1405.14,1126.64
2018-12-17,1260.15,1268.21,1269.12,1257.1,7.46,0.59,1559.88,1288.43,1259.49,1230.55,53.23,52.39,54.91,2,1404.09,1125.8
2018-12-18,1262.02,1257.2,1270.99,1250.91,-11.01,-0.87,1527.77,1287.6,1258.93,1230.26,45.11,49.97,35.4,2,1400.9,1123.25
2018-12-19,1260.25,1249.48,1262.4,1247.43,-7.72,-0.61,1365.4,1286.21,1257.84,1229.48,33.28,44.4,11.03,2,1397.71,1120.69
2018-12-20,1247.13,1231.45,1252.24,1222.22,-18.03,-1.44,1972.47,1286.16,1256.01,1225.86,27.03,38.61,3.87,2,1395.13,1118.61
2018-12-21,1226.43,1220.72,1228.2,1212.54,-10.74,-0.87,1745.28,1288.34,1254.93,1221.53,21.75,32.99,-0.74,2,1390.76,1115.12
2018-12-24,1214.83,1221.46,1223.85,1212.59,0.74,0.06,1252.08,1289.97,1253.97,1217.97,18.56,28.18,-0.68,2,1387.55,1112.54
2018-12-25,1210.85,1208.82,1213.54,1186.52,-12.64,-1.03,1725.45,1293.02,1252.59,1212.16,19.87,25.41,8.79,2,1382.63,1108.6
2018-12-26,1206.82,1205.42,1214.74,1203.05,-3.4,-0.28,1149.89,1295.8,1250.44,1205.08,20.18,23.67,13.2,2,1376.81,1103.93
2018-12-27,1219.0,1203.19,1221.09,1202.53,-2.23,-0.18,1618.11,1298.31,1248.69,1199.07,20.03,22.46,15.18,2,1368.26,1097.08
2018-12-28,1205.65,1212.34,1217.91,1204.62,9.15,0.76,1528.29,1298.94,1246.86,1194.77,23.54,22.82,24.99,1,1362.89,1092.77
2019-01-02,1212.09,1196.22,1214.56,1189.04,-16.12,-1.33,1402.49,1297.28,1242.79,1188.29,19.96,21.86,16.14,1,1354.9,1086.36
2019-01-03,1193.43,1201.98,1208.68,1190.9,5.76,0.48,1330.87,1292.08,1238.59,1185.1,21.15,21.62,20.19,1,1348.77,1081.45
2019-01-04,1191.68,1226.81,1227.65,1189.66,24.84,2.07,1927.83,1286.5,1236.02,1185.54,46.32,29.86,79.24,2,1346.25,1079.43
2019-01-07,1234.36,1236.01,1238.91,1227.38,9.2,0.75,1906.8,1284.83,1235.08,1185.34,62.37,40.69,105.72,2,1346.76,1079.83
2019-01-08,1235.02,1231.05,1235.32,1229.2,-4.96,-0.4,1392.01,1282.06,1233.64,1185.21,69.91,50.43,108.87,2,1347.91,1080.75
2019-01-09,1238.03,1238.55,1254.84,1237.32,7.51,0.61,2093.24,1280.92,1233.04,1185.16,71.69,57.52,100.03,2,1349.8,1082.27
2019-01-10,1236.32,1229.82,1238.78,1228.74,-8.73,-0.7,1415.45,1278.87,1231.88,1184.88,68.45,61.16,83.03,2,1352.13,1084.14
2019-01-11,1232.22,1238.25,1240.49,1230.23,8.42,0.69,1318.21,1276.48,1230.9,1185.32,70.56,64.3,83.1,2,1355.78,1087.07
2019-01-14,1237.42,1229.01,1237.83,1227.34,-9.23,-0.75,1159.94,1267.91,1228.34,1188.76,67.29,65.29,71.28,2,1358.64,1089.36
2019-01-15,1231.16,1243.74,1244.97,1228.29,14.73,1.2,1487.14,1264.91,1227.49,1190.06,72.52,67.7,82.15,2,1362.13,1092.16
2019-01-16,1242.61,1243.53,1245.94,1239.05,-0.21,-0.02,1200.54,1259.63,1226.25,1192.87,75.89,70.43,86.82,2,1367.38,1096.37
2019-01-17,1245.99,1238.42,1250.05,1237.77,-5.12,-0.41,1340.54,1256.11,1225.31,1194.51,64.03,68.3,55.48,2,1371.43,1099.61
2019-01-18,1244.45,1261.16,1262.2,1243.07,22.74,1.84,2035.37,1258.87,1225.9,1192.92,75.02,70.54,83.99,2,1375.24,1102.67
2019-01-21,1262.18,1264.05,1271.72,1259.96,2.89,0.23,1722.34,1264.43,1227.53,1190.62,77.59,72.89,86.99,2,1378.35,1105.16
2019-01-22,1263.41,1248.47,1263.47,1245.97,-15.59,-1.23,1258.6,1266.76,1228.91,1191.07,67.6,71.12,60.54,2,1380.28,1106.71
2019-01-23,1246.85,1248.16,1254.17,1244.51,-0.3,-0.02,1154.37,1268.83,1230.25,1191.67,60.7,67.65,46.8,2,1381.35,1107.57
2019-01-24,1250.75,1248.66,1251.29,1237.23,0.49,0.04,1394.51,1270.3,1232.24,1194.18,56.48,63.93,41.59,2,1383.44,1109.25
2019-01-25,1251.12,1259.91,1266.75,1250.59,11.26,0.9,1770.18,1272.76,1234.97,1197.18,61.92,63.26,59.25,2,1385.85,1111.17
2019-01-28,1266.47,1260.96,1277.53,1257.31,1.05,0.08,1561.32,1274.29,1237.85,1201.42,60.91,62.48,57.78,2,1389.39,1114.02
2019-01-29,1259.76,1265.16,1267.71,1246.33,4.2,0.33,1556.64,1276.81,1240.5,1204.18,63.71,62.89,65.35,2,1391.77,1115.92
2019-01-30,1262.04,1258.4,1268.72,1257.08,-6.76,-0.53,1260.91,1274.46,1243.6,1212.75,59.98,61.92,56.11,2,1393.42,1117.25
2019-01-31,1262.27,1267.71,1273.99,1260.86,9.31,0.74,1747.88,1272.94,1246.89,1220.84,65.2,63.01,69.57,2,1396.67,1119.85
2019-02-01,1274.61,1279.2,1279.69,1264.86,11.49,0.91,1437.43,1277.43,1249.51,1221.59,76.41,67.48,94.29,2,1398.68,1121.46
2019-02-11,1274.3,1290.04,1290.51,1273.14,10.83,0.85,1738.13,1284.5,1252.21,1219.93,83.98,72.98,105.99,2,1401.56,1123.77
2019-02-12,1289.71,1300.02,1300.21,1287.91,9.98,0.77,1850.21,1292.57,1255.66,1218.75,89.22,78.39,110.88,2,1407.28,1128.36
2019-02-13,1301.38,1321.3,1325.36,1295.78,21.28,1.64,2925.58,1305.59,1259.8,1214.01,91.1,82.63,108.04,2,1415.4,1134.87
2019-02-14,1317.82,1319.62,1324.37,1312.65,-1.68,-0.13,1958.13,1314.81,1264.29,1213.77,91.65,85.64,103.67,0,1423.28,1141.19
2019-02-15,1315.33,1292.93,1315.68,1291.71,-26.69,-2.02,2081.89,1317.53,1267.02,1216.52,80.75,84.01,74.24,0,1426.94,1144.13
2019-02-18,1301.78,1324.18,1324.18,1301.78,31.25,2.42,2545.35,1324.93,1271.78,1218.63,86.59,84.87,90.04,0,1433.96,1149.75
2019-02-19,1327.28,1320.08,1332.47,1313.25,-4.1,-0.31,2626.93,1331.06,1275.6,1220.14,85.29,85.01,85.86,2,1440.06,1154.64
2019-02-20,1323.64,1325.83,1328.8,1316.69,5.76,0.43,2367.65,1337.22,1279.71,1222.21,86.92,85.65,89.47,2,1447.54,1160.64
2019-02-21,1326.75,1320.02,1338.55,1316.56,-5.81,-0.44,2681.58,1340.57,1283.79,1227.01,81.84,84.38,76.76,2,1453.35,1165.3
2019-02-22,1317.9,1336.72,1336.72,1308.73,16.69,1.26,2668.35,1347.78,1287.57,1227.36,86.69,85.15,89.77,2,1459.73,1170.42
2019-02-25,1350.7,1415.24,1415.52,1350.7,78.52,5.87,6635.92,1376.03,1295.13,1214.23,91.05,87.12,98.92,2,1473.63,1181.56
2019-02-26,1419.38,1414.71,1442.66,1408.13,-0.52,-0.04,6320.33,1396.68,1303.44,1210.2,87.86,87.36,88.86,2,1486.36,1191.77
2019-02-27,1414.87,1418.41,1442.63,1404.6,3.69,0.26,5735.38,1414.11,1311.96,1209.8,86.55,87.09,85.47,2,1497.14,1200.41
2019-02-28,1419.2,1405.31,1422.39,1400.84,-13.09,-0.92,3427.89,1425.3,1319.79,1214.28,82.2,85.46,75.67,2,1506.65,1208.04
2019-03-01,1413.73,1430.07,1430.07,1399.38,24.75,1.76,3912.42,1440.36,1328.3,1216.23,85.0,85.31,84.38,2,1521.87,1220.24
2019-03-04,1439.4,1443.47,1472.72,1434.68,13.4,0.94,6641.96,1455.62,1337.42,1219.22,84.05,84.89,82.38,0,1535.11,1230.86
2019-03-05,1439.04,1448.88,1449.18,1430.16,5.41,0.37,4905.48,1469.38,1346.61,1223.83,84.52,84.77,84.03,0,1549.41,1242.32
2019-03-06,1448.97,1464.03,1464.03,1444.84,15.15,1.04,5155.65,1482.8,1356.89,1230.98,87.92,85.82,92.11,0,1564.75,1254.62
2019-03-07,1459.71,1444.93,1460.01,1435.28,-19.1,-1.3,5308.06,1490.24,1365.75,1241.26,84.35,85.33,82.4,0,1578.62,1265.74
2019-03-08,1419.46,1378.28,1421.17,1377.15,-66.65,-4.61,4937.07,1488.74,1370.7,1252.66,56.63,75.76,18.36,2,1583.23,1269.44
2019-03-11,1380.15,1411.3,1412.11,1380.15,33.02,2.39,3868.83,1489.97,1376.77,1263.56,49.66,67.06,14.87,2,1582.79,1269.09
2019-03-12,1427.3,1424.29,1441.35,1411.85,12.99,0.92,5060.73,1492.22,1382.98,1273.74,49.55,61.23,26.2,2,1583.86,1269.94
2019-03-13,1421.58,1418.09,1431.77,1411.44,-6.2,-0.43,4364.75,1494.24,1387.82,1281.4,47.31,56.59,28.76,2,1583.82,1269.91
2019-03-14,1413.29,1405.54,1428.08,1395.9,-12.55,-0.88,3450.78,1494.02,1392.12,1290.21,41.44,51.54,21.25,2,1583.85,1269.93
2019-03-15,1409.62,1422.28,1434.6,1409.2,16.74,1.19,3395.64,1490.41,1398.58,1306.76,44.94,49.34,36.15,2,1582.98,1269.24
2019-03-18,1427.24,1460.01,1460.01,1419.18,37.73,2.65,4902.53,1494.23,1405.37,1316.52,61.75,53.48,78.3,2,1584.82,1270.71
2019-03-19,1461.97,1452.62,1467.96,1444.4,-7.39,-0.5,3511.42,1493.92,1412.0,1330.08,68.87,58.61,89.4,2,1585.23,1271.04
2019-03-20,1448.23,1450.49,1454.9,1432.07,-2.14,-0.15,3216.49,1491.49,1418.23,1344.98,72.84,63.35,91.8,2,1583.73,1269.84
2019-03-21,1455.19,1444.98,1457.45,1444.19,-5.51,-0.38,3277.16,1483.0,1424.48,1365.97,73.17,66.62,86.25,2,1583.73,1269.84
2019-03-22,1444.24,1444.05,1445.91,1428.8,-0.93,-0.06,2803.21,1472.8,1429.85,1386.9,71.05,68.1,76.95,2,1591.04,1275.69
2019-03-25,1425.69,1414.75,1433.22,1414.07,-29.3,-2.03,3819.81,1472.81,1429.82,1386.84,56.09,64.1,40.07,2,1591.42,1276.0
2019-03-26,1421.5,1395.36,1423.01,1390.98,-19.4,-1.37,2986.58,1473.98,1428.86,1383.73,39.29,55.83,6.21,2,1588.21,1273.43
2019-03-27,1403.15,1411.07,1411.52,1394.58,15.71,1.12,2504.64,1474.06,1428.49,1382.92,34.89,48.85,6.98,2,1587.43,1272.8
2019-03-28,1405.02,1401.75,1413.22,1395.83,-9.31,-0.66,2483.0,1474.27,1428.31,1382.35,27.92,41.87,0.03,2,1587.01,1272.47
2019-03-29,1404.4,1448.95,1450.31,1403.48,47.19,3.37,4394.59,1476.09,1429.26,1382.42,43.72,42.49,46.18,2,1589.97,1274.84
2019-04-01,1459.13,1490.02,1492.49,1459.13,41.07,2.83,5803.78,1485.15,1431.58,1378.01,61.67,48.88,87.24,2,1593.3,1277.51
2019-04-02,1495.64,1492.49,1499.03,1486.77,2.47,0.17,4752.99,1493.2,1433.76,1374.33,72.43,56.73,103.82,2,1597.72,1281.06
2019-04-03,1485.14,1520.93,1522.58,1480.14,28.44,1.91,5201.29,1506.16,1436.61,1367.06,81.2,64.89,113.83,2,1605.54,1287.33
2019-04-04,1541.6,1546.85,1557.2,1532.86,25.92,1.7,5753.43,1526.26,1441.7,1357.15,85.39,71.72,112.73,2,1616.85,1296.39
2019-04-08,1557.37,1541.77,1565.17,1527.58,-5.08,-0.33,5942.51,1539.77,1449.88,1359.99,85.78,76.41,104.53,2,1627.7,1305.09
2019-04-09,1539.14,1538.39,1546.91,1526.29,-3.38,-0.22,4060.7,1552.09,1456.23,1360.38,85.29,79.37,97.13,2,1641.42,1316.09
2019-04-10,1528.65,1539.66,1549.77,1522.81,1.27,0.08,3727.65,1563.21,1462.0,1360.8,85.17,81.3,92.91,2,1657.44,1328.94
2019-04-11,1539.98,1514.22,1548.5,1511.92,-25.44,-1.65,3497.73,1568.35,1466.81,1365.27,79.61,80.74,77.35,2,1668.89,1338.12
2019-04-12,1512.28,1514.9,1519.37,1499.35,0.68,0.04,2734.67,1571.79,1472.28,1372.77,70.6,77.36,57.09,2,1681.45,1348.19
2019-04-15,1538.33,1514.59,1554.75,1514.11,-0.31,-0.02,4545.95,1575.26,1476.89,1378.53,60.57,71.77,38.19,2,1688.73,1354.03
2019-04-16,1509.87,1552.36,1552.5,1502.96,37.77,2.49,5181.1,1584.82,1481.51,1378.2,68.69,70.74,64.6,2,1695.65,1359.58
2019-04-17,1549.69,1556.06,1562.98,1541.3,3.69,0.24,3784.16,1593.96,1486.68,1379.4,74.52,72.0,79.55,2,1702.71,1365.24
2019-04-18,1557.84,1549.31,1562.06,1545.87,-6.74,-0.43,3086.88,1600.87,1491.62,1382.38,74.98,72.99,78.95,2,1705.86,1367.76
2019-04-19,1548.52,1561.58,1565.85,1537.75,12.27,0.79,2980.46,1608.55,1497.45,1386.36,81.18,75.72,92.09,2,1707.5,1369.07
2019-04-22,1564.05,1519.86,1564.05,1516.47,-41.72,-2.67,4261.36,1609.94,1501.24,1392.55,64.4,71.95,49.3,2,1705.06,1367.12
2019-04-23,1521.06,1511.56,1527.22,1506.6,-8.3,-0.54,3237.42,1607.31,1506.08,1404.86,49.05,64.32,18.53,2,1702.09,1364.73
2019-04-24,1516.81,1514.0,1518.94,1491.92,2.44,0.16,2592.03,1599.57,1512.02,1424.46,42.66,57.1,13.78,2,1699.24,1362.45
2019-04-25,1507.73,1474.1,1507.73,1471.23,-39.9,-2.63,3034.43,1591.82,1515.17,1438.51,29.45,47.88,-7.41,2,1694.78,1358.88
2019-04-26,1467.32,1443.99,1473.04,1443.02,-30.11,-2.04,2886.92,1582.84,1517.28,1451.72,19.9,38.55,-17.42,2,1686.91,1352.57
2019-04-29,1447.99,1443.77,1464.67,1439.85,-0.22,-0.01,2882.49,1583.69,1517.02,1450.35,14.3,30.47,-18.03,2,1679.05,1346.27
2019-04-30,1445.39,1460.63,1461.86,1444.05,16.86,1.17,2471.61,1585.74,1515.55,1445.36,15.03,25.32,-5.55,2,1668.87,1338.1
2019-05-06,1410.51,1375.5,1416.73,1356.93,-85.13,-5.83,4427.36,1602.47,1509.7,1416.93,12.98,21.21,-3.47,2,1648.83,1322.03
2019-05-07,1382.72,1381.3,1389.44,1362.92,5.8,0.42,2560.77,1610.81,1502.72,1394.63,12.58,18.33,1.07,1,1630.18,1307.08
2019-05-08,1357.95,1361.76,1380.32,1354.04,-19.54,-1.41,2171.9,1615.63,1493.47,1371.3,9.87,15.51,-1.41,1,1608.0,1289.3
2019-05-09,1352.6,1335.66,1361.14,1334.06,-26.1,-1.92,2121.61,1621.05,1483.16,1345.27,6.87,12.63,-4.65,1,1587.55,1272.9
2019-05-10,1350.56,1375.85,1378.66,1327.88,40.19,3.01,2762.49,1618.01,1475.03,1332.05,13.47,12.91,14.59,2,1572.49,1260.82
2019-05-13,1357.99,1354.5,1367.13,1352.35,-21.35,-1.55,1965.74,1614.67,1465.78,1316.88,15.09,13.64,18.0,2,1554.78,1246.63
2019-05-14,1339.91,1348.22,1360.95,1339.84,-6.27,-0.46,2007.92,1613.0,1457.48,1301.95,15.02,14.1,16.86,2,1540.81,1235.43
2019-05-15,1357.09,1368.34,1373.71,1357.09,20.11,1.49,2080.53,1607.96,1450.15,1292.34,20.08,16.09,28.05,2,1532.41,1228.69
2019-05-16,1366.99,1376.16,1377.06,1364.65,7.82,0.57,2145.2,1601.27,1443.23,1285.19,31.5,21.23,52.04,2,1524.91,1222.67
2019-05-17,1376.81,1343.35,1376.81,1339.38,-32.8,-2.38,2033.47,1588.19,1432.78,1277.36,29.38,23.94,40.24,2,1511.89,1212.24
2019-05-20,1341.15,1332.31,1346.14,1321.2,-11.05,-0.82,2251.75,1572.02,1421.59,1271.15,25.85,24.58,28.39,2,1507.1,1208.39
2019-05-21,1332.92,1352.24,1359.75,1331.73,19.94,1.5,1964.38,1552.95,1411.73,1270.52,35.24,28.13,49.45,2,1503.87,1205.81
2019-05-22,1353.12,1345.88,1354.66,1341.87,-6.36,-0.47,1779.16,1526.86,1400.95,1275.04,37.81,31.36,50.71,2,1502.11,1204.39
2019-05-23,1341.33,1329.53,1341.33,1325.35,-16.35,-1.21,1941.86,1508.41,1391.43,1274.46,30.18,30.96,28.6,2,1501.43,1203.85
2019-05-24,1330.44,1330.8,1340.72,1325.53,1.27,0.09,1629.86,1488.25,1382.39,1276.54,25.85,29.26,19.02,2,1496.43,1199.84
2019-05-27,1327.09,1339.05,1342.56,1313.2,8.25,0.62,1955.51,1462.03,1373.65,1285.27,30.72,29.75,32.68,2,1494.71,1198.46
2019-05-28,1336.84,1352.94,1355.71,1334.89,13.89,1.04,2574.36,1443.3,1367.59,1291.88,41.23,33.57,56.53,2,1495.24,1198.88
2019-05-29,1340.33,1343.27,1351.47,1336.98,-9.68,-0.72,1739.53,1430.24,1362.55,1294.87,43.24,36.8,56.13,2,1492.45,1196.65
2019-05-30,1337.01,1337.42,1339.74,1328.26,-5.85,-0.43,1853.73,1414.47,1357.24,1300.0,46.17,39.92,58.67,2,1488.15,1193.2
2019-05-31,1336.52,1333.11,1343.45,1331.0,-4.31,-0.32,1671.58,1383.89,1350.86,1317.83,45.04,41.63,51.86,2,1487.02,1192.29
2019-06-03,1334.48,1334.86,1347.08,1326.71,1.75,0.13,1936.59,1380.52,1348.83,1317.14,47.01,43.42,54.19,2,1487.3,1192.52
2019-06-04,1333.05,1324.65,1334.14,1318.3,-10.21,-0.76,1607.2,1375.63,1345.99,1316.36,40.32,42.39,36.18,2,1484.24,1190.06
2019-06-05,1333.87,1324.18,1337.1,1321.24,-0.47,-0.03,1857.08,1374.28,1344.12,1313.96,35.49,40.09,26.29,2,1481.83,1188.13
2019-06-06,1325.76,1314.69,1325.76,1312.23,-9.49,-0.72,1597.24,1375.69,1343.07,1310.45,25.54,35.24,6.16,2,1480.18,1186.81
2019-06-10,1320.95,1328.27,1335.68,1319.6,13.58,1.03,1769.11,1370.19,1340.69,1311.19,29.33,33.27,21.44,2,1479.9,1186.59
2019-06-11,1334.96,1361.42,1362.34,1334.96,33.15,2.49,2837.6,1371.33,1341.03,1310.74,52.27,39.6,77.61,2,1482.38,1188.58
2019-06-12,1357.89,1353.68,1359.08,1350.04,-7.74,-0.57,1817.71,1371.95,1341.31,1310.66,62.42,47.21,92.84,2,1482.47,1188.64
2019-06-13,1352.33,1347.72,1352.33,1338.33,-5.96,-0.44,1601.22,1368.51,1340.28,1312.05,65.22,53.21,89.24,2,1482.96,1189.04
2019-06-14,1349.45,1336.83,1354.51,1334.42,-10.89,-0.81,1924.82,1361.25,1338.31,1315.37,59.85,55.42,68.69,2,1482.89,1188.99
2019-06-17,1337.66,1339.54,1346.77,1335.5,2.71,0.2,1340.66,1360.95,1338.12,1315.29,58.06,56.3,61.58,2,1483.61,1189.56
2019-06-18,1341.56,1340.04,1344.21,1333.59,0.5,0.04,1282.46,1361.19,1338.51,1315.82,57.21,56.61,58.41,2,1484.18,1190.02
2019-06-19,1365.03,1358.82,1369.91,1357.46,18.79,1.4,2439.95,1362.48,1338.83,1315.19,65.06,59.42,76.34,2,1487.98,1193.06
2019-06-20,1359.74,1388.53,1393.54,1357.27,29.71,2.19,3159.86,1372.98,1340.97,1308.95,74.45,64.43,94.48,2,1495.12,1198.79
2019-06-21,1389.67,1390.82,1398.03,1385.95,2.29,0.16,2523.44,1382.22,1344.03,1305.85,79.24,69.37,98.98,2,1503.57,1205.56
2019-06-24,1390.42,1391.95,1394.05,1386.7,1.13,0.08,1658.63,1390.04,1347.09,1304.14,83.01,73.92,101.21,2,1510.64,1211.23
2019-06-25,1390.86,1374.2,1390.96,1363.36,-17.76,-1.27,2375.37,1393.19,1348.85,1304.5,76.35,74.73,79.59,2,1512.06,1212.37
2019-06-26,1368.75,1374.9,1378.35,1364.67,0.7,0.05,1493.83,1395.71,1349.95,1304.18,72.27,73.91,68.99,2,1514.41,1214.26
2019-06-27,1377.24,1381.1,1388.87,1375.54,6.2,0.45,2000.15,1399.43,1351.84,1304.24,72.75,73.52,71.22,2,1518.12,1217.23
2019-06-28,1380.34,1374.79,1380.34,1365.79,-6.31,-0.46,1448.14,1401.82,1353.7,1305.59,69.81,72.29,64.87,2,1522.33,1220.61
2019-07-01,1395.98,1401.44,1403.23,1392.4,26.65,1.94,2534.94,1408.5,1357.12,1305.75,78.58,74.38,86.97,2,1529.2,1226.12
2019-07-02,1403.96,1407.17,1409.19,1398.58,5.72,0.41,2328.09,1415.41,1360.74,1306.07,84.42,77.73,97.81,2,1536.65,1232.09
2019-07-03,1404.21,1404.73,1408.16,1395.93,-2.44,-0.17,2231.88,1419.98,1364.74,1309.5,86.37,80.61,97.89,2,1541.75,1236.18
2019-07-04,1405.89,1405.42,1417.4,1400.25,0.7,0.05,2368.84,1423.46,1368.8,1314.15,83.52,81.58,87.41,2,1543.62,1237.68
2019-07-05,1406.16,1403.4,1407.91,1397.15,-2.02,-0.14,1546.91,1423.86,1373.24,1322.62,80.38,81.18,78.78,2,1545.02,1238.8
2019-07-08,1398.38,1366.25,1398.53,1359.0,-37.15,-2.65,2211.24,1421.54,1375.14,1328.73,57.73,73.36,26.45,2,1542.17,1236.51
2019-07-09,1364.61,1361.76,1370.03,1356.94,-4.5,-0.33,1379.62,1421.54,1375.15,1328.77,41.14,62.62,-1.82,2,1540.79,1235.41
2019-07-10,1366.69,1353.7,1367.44,1350.01,-8.06,-0.59,1177.15,1421.54,1375.16,1328.77,29.25,51.5,-15.24,2,1538.43,1233.52
2019-07-11,1360.53,1357.23,1369.08,1352.61,3.53,0.26,1171.71,1421.06,1375.63,1330.2,23.07,42.02,-14.83,2,1535.78,1231.39
2019-07-12,1356.4,1363.05,1367.22,1351.87,5.82,0.43,1321.84,1419.22,1376.94,1334.66,21.83,35.29,-5.09,2,1534.48,1230.35
2019-07-15,1359.71,1368.98,1375.13,1341.81,5.93,0.43,1665.26,1417.3,1378.41,1339.53,26.54,32.37,14.86,2,1530.88,1227.46
2019-07-16,1368.38,1368.14,1372.48,1365.65,-0.84,-0.06,1058.36,1414.9,1379.82,1344.74,29.3,31.35,25.2,2,1526.55,1223.99
2019-07-17,1367.4,1368.01,1372.69,1362.46,-0.13,-0.01,1149.3,1414.48,1380.28,1346.08,32.75,31.82,34.61,2,1522.47,1220.72
2019-07-18,1362.82,1355.72,1362.83,1355.21,-12.28,-0.9,1142.01,1414.21,1378.64,1343.06,30.01,31.21,27.59,2,1516.95,1216.3
2019-07-19,1360.98,1367.99,1375.35,1360.98,12.27,0.9,1473.44,1412.9,1377.5,1342.09,46.02,36.15,65.77,2,1513.02,1213.14
2019-07-22,1366.81,1354.94,1368.37,1350.28,-13.05,-0.95,1528.27,1411.7,1375.65,1339.59,43.73,38.68,53.84,2,1511.77,1212.14
2019-07-23,1352.6,1359.14,1360.77,1350.8,4.19,0.31,1302.84,1411.66,1374.89,1338.13,46.38,41.24,56.64,2,1511.48,1211.9
2019-07-24,1363.79,1369.13,1376.1,1363.26,10.0,0.73,1601.82,1411.45,1374.6,1337.75,57.48,46.65,79.12,2,1513.19,1213.28
2019-07-25,1369.38,1373.61,1374.7,1366.42,4.47,0.33,1537.31,1410.96,1374.23,1337.5,69.23,54.18,99.33,2,1515.01,1214.74
2019-07-26,1369.24,1379.17,1381.69,1368.5,5.56,0.4,1553.15,1411.24,1374.45,1337.66,76.81,61.72,106.99,2,1516.8,1216.17
2019-07-29,1380.54,1379.24,1382.82,1376.21,0.08,0.01,1438.63,1408.09,1373.34,1338.59,80.87,68.11,106.41,2,1517.93,1217.08
2019-07-30,1379.37,1383.8,1388.22,1379.37,4.56,0.33,1455.61,1403.72,1372.17,1340.62,83.37,73.19,103.71,2,1519.67,1218.48
2019-07-31,1377.95,1371.77,1377.95,1367.72,-12.03,-0.87,1607.23,1398.31,1370.52,1342.73,74.46,73.62,76.14,2,1520.09,1218.81
2019-08-01,1367.18,1361.32,1370.73,1358.1,-10.46,-0.76,1621.82,1391.26,1368.32,1345.38,59.34,68.86,40.3,2,1520.71,1219.31
2019-08-02,1338.41,1339.66,1342.02,1334.47,-21.66,-1.59,1943.4,1385.22,1365.13,1345.04,42.78,60.16,8.01,2,1517.57,1216.79
2019-08-05,1333.17,1312.0,1333.85,1311.85,-27.66,-2.07,1836.58,1393.05,1362.42,1331.78,28.58,49.64,-13.52,2,1512.8,1212.97
2019-08-06,1291.94,1290.12,1294.86,1272.87,-21.87,-1.67,2310.89,1402.8,1358.84,1314.87,24.04,41.1,-10.09,2,1505.14,1206.82
2019-08-07,1296.57,1285.95,1298.41,1285.95,-4.17,-0.32,1716.93,1409.71,1355.45,1301.19,19.81,34.01,-8.59,2,1495.91,1199.42
2019-08-08,1294.64,1303.06,1305.07,1292.11,17.11,1.33,2101.5,1411.59,1352.74,1293.89,21.93,29.98,5.83,2,1488.08,1193.14
2019-08-09,1308.38,1294.78,1309.19,1292.66,-8.28,-0.63,1693.77,1413.1,1349.33,1285.55,20.95,26.97,8.91,2,1478.71,1185.63
2019-08-12,1292.73,1307.08,1307.14,1292.57,12.3,0.95,1385.1,1411.87,1346.23,1280.59,24.82,26.25,21.95,2,1470.7,1179.21
2019-08-13,1298.65,1296.57,1299.28,1294.05,-10.51,-0.8,1452.01,1410.88,1342.65,1274.43,24.62,25.71,22.44,2,1461.02,1171.45
2019-08-14,1310.4,1301.71,1312.05,1301.09,5.14,0.4,1641.98,1408.74,1339.34,1269.93,30.31,27.24,36.46,2,1453.24,1165.21
2019-08-15,1279.76,1302.71,1303.24,1276.51,1.0,0.08,1753.59,1407.42,1336.69,1265.95,36.52,30.34,48.89,2,1446.73,1159.99
2019-08-16,1304.51,1302.32,1310.65,1298.27,-0.39,-0.03,1474.02,1404.12,1333.4,1262.69,49.4,36.69,74.82,2,1442.59,1156.67
2019-08-19,1306.87,1324.11,1324.45,1303.02,21.79,1.67,2391.78,1401.97,1331.86,1261.75,66.03,46.47,105.15,2,1443.93,1157.75
2019-08-20,1321.41,1323.19,1328.98,1321.26,-0.92,-0.07,1965.05,1399.12,1330.06,1261.01,73.68,55.54,109.95,2,1447.6,1160.69
2019-08-21,1318.97,1319.44,1324.19,1318.35,-3.75,-0.28,1473.81,1394.38,1327.58,1260.78,76.39,62.49,104.19,2,1451.32,1163.67
2019-08-22,1323.36,1319.97,1323.98,1315.04,0.53,0.04,1273.79,1388.31,1324.9,1261.49,78.54,67.84,99.93,2,1453.2,1165.18
2019-08-23,1320.77,1323.34,1326.55,1318.82,3.37,0.26,1427.73,1380.42,1322.11,1263.79,82.11,72.6,101.13,2,1456.37,1167.72
2019-08-26,1301.75,1307.17,1311.17,1300.63,-16.17,-1.22,1697.84,1370.86,1318.5,1266.15,74.22,73.14,76.38,2,1456.38,1167.73
2019-08-27,1315.19,1327.09,1333.37,1315.06,19.92,1.52,2356.78,1358.92,1315.67,1272.42,79.13,75.13,87.12,2,1459.77,1170.44
2019-08-28,1327.55,1319.99,1331.79,1318.7,-7.1,-0.53,1593.71,1347.98,1313.08,1278.18,73.38,74.55,71.04,2,1461.8,1172.07
2019-08-29,1320.97,1319.1,1322.6,1310.23,-0.89,-0.07,1594.08,1338.21,1310.97,1283.73,67.72,72.27,58.63,2,1463.61,1173.53
2019-08-30,1326.5,1314.41,1326.57,1310.59,-4.69,-0.36,1711.81,1333.65,1309.71,1285.76,59.18,67.91,41.72,2,1464.96,1174.61
2019-09-02,1318.0,1330.97,1334.36,1317.24,16.56,1.26,1892.45,1336.33,1310.65,1284.98,69.44,68.42,71.47,2,1465.72,1175.22
2019-09-03,1332.76,1335.87,1336.14,1327.9,4.89,0.37,1894.57,1339.04,1312.94,1286.84,79.37,72.07,93.97,2,1467.13,1176.34
2019-09-04,1334.75,1358.46,1358.46,1334.64,22.6,1.69,2696.71,1346.52,1316.57,1286.61,86.25,76.8,105.15,2,1471.46,1179.82
2019-09-05,1365.46,1367.11,1380.98,1365.46,8.65,0.64,3294.75,1356.25,1319.77,1283.29,85.08,79.56,96.12,2,1476.69,1184.01
2019-09-06,1372.39,1375.34,1376.55,1367.69,8.23,0.6,1985.94,1365.73,1323.8,1281.86,87.39,82.17,97.85,2,1482.46,1188.64
2019-09-09,1386.3,1379.46,1388.49,1374.24,4.12,0.3,2291.85,1375.06,1327.42,1279.77,87.75,84.03,95.19,2,1490.49,1195.07
2019-09-10,1382.97,1374.64,1383.02,1369.95,-4.82,-0.35,2261.59,1380.96,1331.32,1281.68,85.93,84.66,88.47,2,1495.76,1199.31
2019-09-11,1377.55,1372.27,1378.82,1369.65,-2.37,-0.17,2071.33,1385.59,1334.85,1284.11,83.68,84.34,82.37,0,1501.57,1203.96
2019-09-12,1378.18,1383.48,1384.65,1371.2,11.21,0.82,1915.73,1391.57,1338.89,1286.2,86.78,85.15,90.03,0,1508.71,1209.69
2019-09-16,1385.84,1379.55,1385.84,1374.14,-3.93,-0.28,1728.96,1395.47,1342.75,1290.03,86.27,85.52,87.76,0,1515.94,1215.49
2019-09-17,1375.88,1354.92,1375.88,1352.39,-24.63,-1.79,1774.41,1396.54,1344.29,1292.04,70.06,80.37,49.45,2,1518.6,1217.62
2019-09-18,1359.11,1356.28,1362.69,1354.96,1.36,0.1,1344.53,1397.51,1345.94,1294.38,50.3,70.35,10.21,2,1520.87,1219.43
2019-09-19,1361.09,1358.57,1361.18,1350.42,2.29,0.17,1220.24,1398.25,1347.9,1297.55,40.67,60.45,1.1,2,1520.88,1219.44
2019-09-20,1363.15,1359.83,1363.35,1356.4,1.26,0.09,1928.91,1398.8,1349.89,1300.99,35.35,52.09,1.88,2,1520.07,1218.8
2019-09-23,1356.61,1343.16,1356.66,1336.15,-16.68,-1.23,1468.98,1398.38,1350.88,1303.39,28.27,44.15,-3.48,2,1516.5,1215.93
2019-09-24,1343.7,1341.45,1350.64,1338.78,-1.71,-0.13,1270.53,1395.95,1352.6,1309.24,22.4,36.9,-6.59,2,1512.28,1212.55
2019-09-25,1338.57,1332.44,1338.57,1330.91,-9.01,-0.67,1406.52,1395.65,1352.86,1310.08,15.86,29.89,-12.18,2,1507.6,1208.79
2019-09-26,1337.1,1330.01,1341.85,1329.5,-2.43,-0.18,2086.6,1394.81,1353.37,1311.92,10.88,23.55,-14.47,2,1502.91,1205.03
2019-09-27,1331.59,1327.41,1331.59,1322.98,-2.6,-0.19,1514.82,1394.0,1353.78,1313.57,10.04,19.05,-7.97,1,1496.68,1200.04
2019-09-30,1324.24,1316.56,1329.29,1315.92,-10.85,-0.82,1182.56,1393.69,1353.89,1314.09,7.15,15.08,-8.73,1,1489.69,1194.44
2019-10-08,1316.56,1324.28,1330.54,1316.56,7.73,0.59,1625.42,1394.22,1353.55,1312.88,10.64,13.6,4.72,1,1486.29,1191.71
2019-10-09,1318.27,1331.89,1334.64,1316.27,7.6,0.57,1719.96,1394.41,1353.36,1312.3,18.32,15.17,24.6,2,1483.58,1189.54
2019-10-10,1331.89,1341.04,1342.08,1330.68,9.15,0.69,1419.0,1393.8,1352.48,1311.17,32.76,21.04,56.22,2,1481.64,1187.98
2019-10-11,1344.63,1354.34,1357.27,1341.15,13.3,0.99,1869.61,1392.63,1351.85,1311.06,52.81,31.63,95.18,2,1481.03,1187.49
2019-10-14,1364.1,1370.89,1382.89,1364.0,16.55,1.22,2845.88,1391.94,1351.62,1311.31,62.57,41.94,103.82,2,1484.1,1189.96
2019-10-15,1370.43,1360.11,1370.43,1358.59,-10.78,-0.79,1685.13,1389.14,1350.66,1312.17,63.71,49.2,92.73,2,1486.18,1191.62
2019-10-16,1364.77,1357.59,1373.27,1355.25,-2.52,-0.19,1725.4,1386.86,1349.8,1312.75,63.21,53.87,81.9,2,1488.97,1193.86
2019-10-17,1358.1,1355.84,1361.27,1352.01,-1.75,-0.13,1255.63,1384.71,1348.98,1313.25,62.01,56.58,72.87,2,1491.83,1196.16
2019-10-18,1360.31,1336.43,1363.83,1333.86,-19.41,-1.43,1664.2,1379.0,1346.63,1314.26,51.43,54.86,44.55,2,1492.84,1196.96
2019-10-21,1334.93,1339.75,1342.06,1331.47,3.31,0.25,1535.61,1373.36,1344.64,1315.92,46.03,51.92,34.26,2,1495.41,1199.02
2019-10-22,1343.04,1340.53,1343.04,1330.4,0.78,0.06,1355.2,1372.29,1343.92,1315.55,37.12,46.99,17.39,2,1497.21,1200.47
2019-10-23,1338.75,1334.57,1341.67,1331.13,-5.96,-0.44,1443.08,1370.89,1342.83,1314.78,27.4,40.46,1.27,2,1497.51,1200.71
2019-10-24,1336.48,1334.94,1341.64,1331.1,0.37,0.03,1549.11,1368.94,1341.65,1314.37,21.15,34.02,-4.6,2,1496.83,1200.16
2019-10-25,1336.25,1338.03,1339.08,1324.89,3.09,0.23,1482.03,1366.57,1340.56,1314.56,23.15,30.4,8.66,2,1495.02,1198.71
2019-10-28,1337.27,1343.54,1344.33,1335.52,5.51,0.41,1847.08,1366.59,1340.58,1314.57,28.28,29.69,25.47,2,1491.99,1196.28
2019-10-29,1343.92,1336.41,1343.92,1336.09,-7.13,-0.53,1411.3,1366.4,1340.33,1314.26,28.72,29.37,27.42,2,1489.36,1194.17
2019-10-30,1335.24,1328.62,1336.65,1324.92,-7.79,-0.58,1454.9,1366.49,1340.14,1313.78,22.34,27.02,12.96,2,1486.14,1191.59
2019-10-31,1332.09,1327.03,1332.81,1322.57,-1.59,-0.12,1584.02,1366.6,1339.99,1313.38,21.72,25.26,14.66,2,1482.94,1189.03
2019-11-01,1325.9,1346.28,1347.8,1322.01,19.26,1.45,1912.86,1367.03,1340.93,1314.84,45.85,32.12,73.31,2,1484.04,1189.9
2019-11-04,1349.5,1358.23,1358.33,1349.5,11.95,0.89,2122.58,1367.61,1343.02,1318.43,63.81,42.68,106.06,2,1486.09,1191.55
2019-11-05,1358.79,1366.79,1376.41,1353.84,8.55,0.63,2619.13,1370.23,1345.14,1320.05,69.98,51.78,106.37,2,1489.0,1193.89
2019-11-06,1368.1,1360.82,1369.38,1355.81,-5.96,-0.44,2034.56,1371.79,1346.59,1321.39,70.43,58.0,95.3,2,1491.92,1196.22
2019-11-07,1361.11,1360.42,1366.46,1355.75,-0.41,-0.03,1543.1,1373.32,1347.56,1321.8,70.49,62.16,87.15,2,1494.74,1198.49
2019-11-08,1369.29,1355.13,1371.29,1354.59,-5.29,-0.39,1814.28,1373.4,1347.6,1321.8,67.29,63.87,74.12,2,1496.64,1200.01
2019-11-11,1348.67,1329.85,1348.67,1328.41,-25.28,-1.86,1867.79,1370.11,1345.55,1320.98,49.66,59.14,30.72,2,1495.12,1198.79
2019-11-12,1332.13,1334.76,1336.42,1327.12,4.91,0.37,1339.05,1368.31,1344.28,1320.24,40.92,53.06,16.64,2,1494.94,1198.65
2019-11-13,1336.11,1328.96,1336.11,1324.01,-5.8,-0.43,1409.94,1366.95,1342.85,1318.74,31.54,45.89,2.84,2,1494.98,1198.68
2019-11-14,1331.05,1326.73,1333.69,1324.38,-2.23,-0.17,1304.3,1365.7,1341.39,1317.09,22.76,38.18,-8.09,2,1494.94,1198.65
2019-11-15,1328.4,1317.89,1328.4,1317.71,-8.84,-0.67,1415.5,1366.79,1340.46,1314.14,15.27,30.54,-15.27,2,1491.79,1196.12
2019-11-18,1316.32,1328.97,1331.17,1311.9,11.08,0.84,1403.33,1366.72,1339.92,1313.13,19.76,26.95,5.39,2,1488.55,1193.52
2019-11-19,1323.62,1333.28,1333.55,1322.82,4.32,0.32,1410.74,1366.51,1339.56,1312.61,25.17,26.36,22.81,2,1484.83,1190.54
2019-11-20,1330.44,1317.65,1330.44,1316.01,-15.63,-1.17,1345.15,1367.25,1338.72,1310.18,20.01,24.24,11.55,2,1480.03,1186.69
2019-11-21,1313.19,1314.25,1317.0,1306.31,-3.4,-0.26,1288.59,1368.13,1337.68,1307.23,19.59,22.69,13.38,2,1474.91,1182.58
2019-11-22,1316.62,1314.16,1323.71,1308.35,-0.09,-0.01,1725.72,1368.61,1336.49,1304.36,21.75,22.38,20.49,2,1470.36,1178.94
2019-11-25,1315.39,1342.85,1342.98,1315.39,28.69,2.18,2459.86,1368.55,1336.45,1304.36,47.71,30.82,81.5,2,1471.8,1180.1
2019-11-26,1345.35,1340.2,1345.35,1334.97,-2.65,-0.2,2202.38,1368.78,1336.64,1304.51,60.75,40.8,100.64,2,1472.41,1180.58
2019-11-27,1337.93,1331.53,1338.1,1329.44,-8.68,-0.65,1477.79,1368.81,1336.79,1304.77,62.03,47.88,90.34,2,1472.69,1180.81
2019-11-28,1331.28,1326.9,1337.59,1323.44,-4.62,-0.35,1243.74,1368.81,1336.78,1304.76,58.93,51.56,73.68,2,1472.71,1180.82
2019-11-29,1325.73,1318.64,1328.25,1315.06,-8.26,-0.62,1213.66,1368.05,1335.4,1302.76,49.82,50.98,47.49,2,1472.8,1180.89
2019-12-02,1320.62,1317.84,1328.17,1315.06,-0.8,-0.06,1287.0,1365.11,1333.38,1301.65,43.06,48.34,32.49,2,1471.56,1179.9
2019-12-03,1314.81,1317.43,1317.47,1309.3,-0.41,-0.03,1154.63,1359.38,1330.91,1302.45,38.2,44.96,24.68,2,1469.8,1178.49
2019-12-04,1312.52,1308.45,1313.44,1305.46,-8.98,-0.68,1379.0,1354.84,1328.29,1301.75,27.96,39.29,5.31,2,1468.78,1177.67
2019-12-05,1312.92,1313.11,1316.36,1307.76,4.66,0.36,1284.45,1348.78,1325.93,1303.08,25.04,34.54,6.02,2,1468.65,1177.57
2019-12-06,1314.97,1317.39,1317.39,1310.36,4.28,0.32,1347.84,1342.8,1324.04,1305.28,26.66,31.91,16.15,2,1469.01,1177.86
2019-12-09,1318.76,1322.7,1322.74,1314.87,5.31,0.4,1701.92,1342.26,1323.68,1305.11,35.38,33.07,40.0,2,1466.78,1176.06
2019-12-10,1320.55,1319.37,1321.11,1317.3,-3.33,-0.25,1251.4,1340.85,1322.92,1304.98,38.02,34.72,44.61,2,1464.46,1174.21
2019-12-11,1322.51,1328.53,1330.8,1320.42,9.16,0.69,1667.62,1340.8,1322.89,1304.98,55.69,41.71,83.66,2,1464.13,1173.94
2019-12-12,1329.06,1325.66,1329.06,1323.12,-2.87,-0.22,1289.49,1340.71,1322.84,1304.97,63.7,49.04,93.02,2,1463.99,1173.83
2019-12-13,1338.6,1350.76,1351.9,1337.05,25.1,1.89,2432.34,1345.92,1324.48,1303.05,74.98,57.69,109.57,2,1467.56,1176.69
2019-12-16,1351.81,1356.34,1356.43,1346.15,5.58,0.41,1951.67,1351.37,1325.85,1300.34,83.26,66.21,117.36,2,1471.83,1180.12
2019-12-17,1356.62,1372.95,1381.64,1353.62,16.61,1.22,2920.72,1360.51,1327.84,1295.16,84.92,72.45,109.87,2,1477.99,1185.06
2019-12-18,1372.71,1366.25,1375.39,1363.96,-6.7,-0.49,1972.39,1366.58,1330.27,1293.95,82.75,75.88,96.49,2,1484.41,1190.2
2019-12-19,1370.77,1370.9,1376.25,1366.75,4.65,0.34,1807.02,1372.66,1333.1,1293.53,83.14,78.3,92.81,0,1490.82,1195.35
2019-12-20,1372.59,1365.05,1374.31,1363.81,-5.86,-0.43,1640.84,1376.53,1335.64,1294.75,80.16,78.92,82.65,0,1496.11,1199.59
2019-12-23,1365.38,1348.43,1368.23,1346.92,-16.62,-1.22,1690.84,1377.08,1335.92,1294.76,68.69,75.51,55.06,2,1498.97,1201.88
2019-12-24,1348.57,1356.75,1357.66,1347.59,8.32,0.62,1538.15,1378.87,1336.75,1294.63,64.95,71.99,50.87,2,1503.12,1205.2
2019-12-25,1355.72,1357.04,1359.62,1351.78,0.29,0.02,1384.71,1380.98,1338.02,1295.07,58.24,67.41,39.91,2,1506.28,1207.74
2019-12-26,1356.52,1367.35,1367.35,1355.8,10.31,0.76,1482.32,1384.5,1340.05,1295.6,58.74,64.52,47.18,2,1510.91,1211.45
2019-12-27,1365.75,1371.28,1385.28,1365.75,3.93,0.29,2351.61,1387.97,1342.68,1297.39,60.33,63.12,54.74,2,1513.19,1213.28
2019-12-30,1369.12,1383.93,1383.99,1365.02,12.65,0.92,2569.54,1393.15,1345.98,1298.82,72.38,66.21,84.72,2,1516.25,1215.73
2019-12-31,1381.28,1388.61,1388.87,1376.89,4.68,0.34,2076.58,1398.27,1349.54,1300.82,81.38,71.27,101.61,2,1517.99,1217.13
2020-01-02,1399.18,1407.81,1417.47,1399.18,19.2,1.38,3621.88,1405.67,1354.51,1303.35,83.02,75.18,98.7,2,1522.6,1220.83
2020-01-03,1412.04,1405.54,1413.38,1402.15,-2.27,-0.16,2646.78,1411.18,1359.13,1307.08,83.04,77.8,93.53,2,1526.45,1223.91
2020-01-06,1398.01,1392.75,1407.39,1385.72,-12.79,-0.91,3209.14,1413.2,1362.9,1312.6,76.9,77.5,75.71,2,1529.52,1226.37
2020-01-07,1395.92,1400.64,1402.24,1393.94,7.89,0.57,2199.14,1416.1,1366.8,1317.49,76.06,77.02,74.14,2,1535.32,1231.02
2020-01-08,1393.19,1382.4,1393.86,1378.25,-18.24,-1.3,2514.56,1414.56,1369.95,1325.34,65.09,73.04,49.17,2,1538.17,1233.3
2020-01-09,1394.68,1397.01,1398.63,1390.64,14.61,1.06,2243.62,1415.17,1373.37,1331.58,63.72,69.94,51.29,2,1542.6,1236.86
2020-01-10,1398.85,1390.64,1399.44,1385.15,-6.37,-0.46,1907.29,1412.8,1376.62,1340.44,58.76,66.21,43.86,2,1545.19,1238.93
2020-01-13,1391.9,1396.72,1396.72,1383.08,6.08,0.44,1834.12,1414.06,1378.92,1343.78,55.46,62.63,41.13,2,1548.01,1241.2
2020-01-14,1399.7,1400.42,1408.32,1399.7,3.71,0.27,2593.71,1415.85,1381.12,1346.4,55.82,60.36,46.74,2,1549.84,1242.67
2020-01-15,1397.3,1383.13,1398.05,1380.59,-17.29,-1.23,2020.52,1416.16,1381.63,1347.1,41.84,54.19,17.15,2,1549.23,1242.18
2020-01-16,1386.64,1378.67,1388.46,1376.39,-4.46,-0.32,2054.95,1416.09,1382.25,1348.41,30.28,46.22,-1.61,2,1546.0,1239.58
2020-01-17,1380.24,1373.42,1381.26,1369.16,-5.25,-0.38,1653.72,1416.07,1382.38,1348.69,23.81,38.75,-6.07,2,1542.43,1236.73
2020-01-20,1374.31,1382.99,1383.01,1369.42,9.57,0.7,1930.25,1416.01,1383.28,1350.54,27.65,35.05,12.84,2,1541.35,1235.86
2020-01-21,1377.76,1358.01,1377.76,1357.15,-24.98,-1.81,2187.13,1414.67,1383.76,1352.84,18.99,29.69,-2.42,2,1536.62,1232.06
2020-01-22,1352.46,1359.43,1362.13,1338.93,1.42,0.1,2053.0,1414.35,1383.89,1353.43,22.51,27.3,12.93,2,1534.07,1230.02
2020-01-23,1349.36,1317.93,1350.86,1310.15,-41.5,-3.05,2793.07,1422.41,1381.93,1341.45,17.65,24.08,4.78,2,1525.29,1222.98
2020-02-03,1194.39,1208.01,1217.14,1194.39,-109.91,-8.34,3827.97,1459.94,1373.97,1287.99,13.89,20.68,0.29,2,1505.02,1206.73
2020-02-04,1183.46,1220.91,1224.51,1183.46,12.89,1.07,3742.07,1475.31,1366.45,1257.59,15.08,18.81,7.6,1,1485.5,1191.08
2020-02-05,1225.1,1232.59,1246.27,1218.35,11.68,0.96,2898.21,1481.94,1358.88,1235.82,18.04,18.56,17.01,1,1466.87,1176.14
2020-02-06,1236.38,1244.77,1249.15,1224.57,12.18,0.99,2787.65,1483.46,1351.69,1219.92,22.27,19.79,27.22,1,1451.52,1163.83
2020-02-07,1236.54,1245.18,1245.59,1226.59,0.42,0.03,2164.52,1480.45,1343.56,1206.67,25.15,21.58,32.3,2,1436.7,1151.95
2020-02-10,1236.41,1255.36,1256.4,1232.81,10.18,0.82,2293.37,1474.97,1336.05,1197.12,29.1,24.09,39.14,2,1423.59,1141.44
2020-02-11,1259.41,1265.05,1270.77,1253.31,9.68,0.77,2501.95,1469.31,1329.66,1190.01,34.62,27.6,48.67,2,1410.5,1130.94
2020-02-12,1263.63,1275.5,1275.68,1259.51,10.45,0.83,2138.28,1460.98,1323.41,1185.84,41.41,32.2,59.82,2,1401.35,1123.6
2020-02-13,1277.5,1269.53,1285.64,1268.96,-5.97,-0.47,2682.79,1454.45,1317.76,1181.08,55.68,40.03,86.99,2,1391.37,1115.6
2020-02-14,1268.08,1281.65,1282.67,1267.77,12.11,0.95,2474.96,1444.49,1312.0,1179.5,69.16,49.74,107.99,2,1387.34,1112.37
2020-02-17,1281.23,1310.32,1310.35,1281.23,28.67,2.24,2936.9,1435.47,1307.98,1180.49,79.43,59.63,119.01,2,1398.7,1121.48
2020-02-18,1307.84,1305.47,1312.36,1295.85,-4.85,-0.37,2556.12,1424.23,1303.42,1182.6,83.67,67.65,115.71,2,1408.08,1129.0
2020-02-19,1300.88,1298.82,1307.46,1296.25,-6.65,-0.51,2804.69,1410.65,1298.34,1186.02,83.85,73.05,105.46,0,1415.43,1134.9
2020-02-20,1302.85,1317.58,1319.11,1296.5,18.76,1.44,3026.37,1400.93,1295.06,1189.19,88.64,78.25,109.44,0,1423.52,1141.38
2020-02-21,1316.45,1322.8,1327.62,1315.15,5.22,0.4,2850.32,1391.93,1292.27,1192.6,90.27,82.25,106.29,0,1432.13,1148.29
2020-02-24,1317.72,1313.62,1321.33,1307.08,-9.18,-0.69,3198.89,1382.39,1289.28,1196.16,86.66,83.72,92.53,0,1438.6,1153.47
2020-02-25,1294.13,1304.73,1307.18,1276.99,-8.89,-0.68,3577.26,1368.44,1285.36,1202.29,78.36,81.93,71.21,0,1443.0,1157.0
2020-02-26,1288.8,1311.07,1327.24,1286.78,6.34,0.49,5257.22,1360.19,1283.02,1205.84,76.35,80.07,68.92,2,1446.95,1160.17
2020-02-27,1315.02,1312.96,1322.13,1308.45,1.89,0.14,3354.14,1351.02,1280.69,1210.37,74.58,78.24,67.27,2,1451.77,1164.03
2020-02-28,1286.04,1279.8,1308.67,1276.81,-33.16,-2.53,4387.44,1347.01,1278.79,1210.57,51.68,69.39,16.27,2,1451.57,1163.87
2020-03-02,1289.73,1335.91,1339.83,1289.73,56.11,4.38,4705.83,1349.53,1285.18,1220.83,65.72,68.17,60.82,2,1454.41,1166.15
2020-03-03,1356.92,1336.58,1360.06,1328.9,0.67,0.05,4667.33,1351.87,1290.96,1230.06,67.74,68.02,67.18,2,1457.86,1168.91
2020-03-04,1328.53,1342.61,1343.76,1327.1,6.02,0.45,3211.7,1355.12,1296.47,1237.81,71.51,69.19,76.15,2,1462.72,1172.81
2020-03-05,1353.95,1361.7,1364.29,1347.16,19.09,1.42,4219.87,1362.48,1302.31,1242.14,80.02,72.8,94.46,2,1467.62,1176.74
2020-03-06,1347.45,1335.94,1353.13,1335.58,-25.76,-1.89,3257.42,1362.63,1306.85,1251.07,75.88,73.82,79.98,2,1469.08,1177.91
2020-03-09,1315.35,1301.11,1317.11,1298.99,-34.83,-2.61,3877.34,1359.8,1309.14,1258.48,59.84,69.16,41.2,2,1467.69,1176.79
2020-03-10,1289.94,1327.63,1329.26,1286.21,26.52,2.04,3470.38,1359.25,1312.27,1265.29,59.26,65.86,46.06,2,1470.23,1178.83
2020-03-11,1329.19,1314.18,1336.25,1314.18,-13.45,-1.01,2805.39,1358.05,1314.2,1270.35,53.75,61.82,37.59,2,1470.57,1179.11
2020-03-12,1299.41,1296.0,1303.19,1284.84,-18.19,-1.38,2693.88,1355.31,1315.52,1275.74,40.51,54.72,12.1,2,1468.69,1177.6
2020-03-13,1243.58,1283.4,1293.64,1242.69,-12.6,-0.97,3518.44,1355.1,1315.61,1276.12,38.17,49.2,16.1,2,1469.09,1177.92
2020-03-16,1291.95,1242.1,1291.95,1241.32,-41.3,-3.22,3365.3,1363.08,1312.2,1261.33,25.66,41.35,-5.74,2,1458.68,1169.57
2020-03-17,1246.76,1243.08,1261.24,1210.84,0.98,0.08,3049.27,1368.21,1309.08,1249.96,24.11,35.61,1.11,2,1448.3,1161.25
2020-03-18,1248.53,1216.26,1260.0,1216.26,-26.82,-2.16,2807.98,1376.57,1304.95,1233.33,17.34,29.52,-7.01,2,1434.28,1150.0
2020-03-19,1213.52,1197.93,1220.74,1173.34,-18.33,-1.51,3434.86,1384.09,1298.97,1213.85,16.59,25.21,-0.64,1,1416.1,1135.43
2020-03-20,1209.42,1210.43,1214.73,1193.39,12.5,1.04,2596.92,1385.95,1293.35,1200.76,18.65,23.02,9.91,1,1402.17,1124.26
2020-03-23,1177.57,1171.2,1189.37,1168.1,-39.23,-3.24,2214.64,1392.4,1286.23,1180.06,13.05,19.7,-0.25,1,1387.75,1112.7
2020-03-24,1191.15,1201.22,1202.34,1178.67,30.02,2.56,2450.19,1393.05,1281.06,1169.06,16.87,18.76,13.1,1,1373.71,1101.45
2020-03-25,1224.96,1229.27,1231.58,1215.38,28.05,2.33,2671.79,1390.24,1276.97,1163.69,27.49,21.67,39.13,2,1364.29,1093.89
2020-03-26,1220.72,1218.57,1224.53,1215.5,-10.7,-0.87,1965.42,1386.99,1272.25,1157.5,31.91,25.08,45.57,2,1355.69,1087.0
2020-03-27,1233.41,1230.4,1245.86,1225.08,11.83,0.97,2766.03,1385.88,1269.78,1153.67,43.57,31.24,68.22,2,1349.81,1082.28
2020-03-30,1216.69,1230.4,1234.18,1214.54,0.0,0.0,2553.46,1377.66,1264.5,1151.35,51.64,38.04,78.84,2,1348.51,1081.24
2020-03-31,1238.58,1222.25,1238.85,1219.35,-8.15,-0.66,2182.72,1368.29,1258.78,1149.28,57.64,44.58,83.77,2,1346.2,1079.39
2020-04-01,1219.06,1208.64,1229.9,1207.36,-13.61,-1.11,2010.33,1356.53,1252.09,1147.64,55.81,48.32,70.78,2,1345.35,1078.71
2020-04-02,1200.72,1220.03,1220.03,1198.08,11.39,0.94,1678.86,1337.26,1245.0,1152.75,59.46,52.03,74.32,2,1347.81,1080.67
2020-04-03,1215.63,1207.97,1216.21,1204.29,-12.06,-0.99,1484.99,1322.08,1238.6,1155.13,54.18,52.75,57.04,2,1347.53,1080.46
2020-04-07,1225.25,1230.18,1232.03,1221.65,22.2,1.84,2342.06,1313.48,1235.06,1156.64,58.51,54.67,66.2,2,1354.08,1085.7
2020-04-08,1224.37,1226.83,1231.84,1219.08,-3.35,-0.27,1796.19,1295.96,1230.02,1164.08,59.07,56.14,64.93,2,1356.92,1087.98
2020-04-09,1232.07,1229.64,1236.6,1228.66,2.82,0.23,1732.5,1279.27,1225.79,1172.31,61.4,57.89,68.41,2,1356.97,1088.02
2020-04-10,1229.48,1217.46,1232.09,1213.79,-12.18,-0.99,1676.46,1264.6,1221.86,1179.13,56.78,57.52,55.29,2,1356.84,1087.92
2020-04-13,1210.18,1211.59,1215.74,1206.78,-5.88,-0.48,1240.91,1250.5,1218.27,1186.05,48.9,54.64,37.4,2,1354.75,1086.24
2020-04-14,1216.61,1228.9,1228.96,1214.33,17.32,1.43,1649.31,1248.36,1217.61,1186.86,59.27,56.18,65.43,2,1354.59,1086.11
2020-04-15,1228.51,1219.95,1229.63,1217.69,-8.95,-0.73,1520.31,1244.95,1216.46,1187.97,58.44,56.94,61.44,2,1354.33,1085.91
2020-04-16,1213.36,1224.72,1225.62,1212.74,4.77,0.39,1542.93,1245.59,1216.88,1188.16,60.03,57.97,64.17,2,1356.12,1087.34
2020-04-17,1231.13,1235.74,1243.61,1228.23,11.02,0.9,2449.54,1247.22,1218.77,1190.32,66.23,60.72,77.25,2,1357.86,1088.74
2020-04-20,1237.99,1239.24,1241.18,1233.31,3.5,0.28,1962.75,1249.73,1220.21,1190.69,73.53,64.99,90.61,2,1361.33,1091.52
2020-04-21,1234.37,1229.0,1235.29,1220.24,-10.24,-0.83,1775.66,1242.41,1223.1,1203.79,69.13,66.37,74.65,2,1361.2,1091.41
2020-04-22,1221.04,1232.44,1232.59,1218.62,3.44,0.28,1526.73,1241.54,1224.66,1207.78,69.31,67.35,73.23,2,1361.82,1091.91
2020-04-23,1235.93,1226.07,1236.5,1224.7,-6.37,-0.52,1714.02,1241.26,1224.5,1207.74,63.67,66.12,58.75,2,1361.43,1091.59
2020-04-24,1224.92,1216.85,1226.62,1214.09,-9.22,-0.75,1411.23,1241.31,1224.42,1207.52,46.88,59.71,21.23,2,1361.36,1091.54
2020-04-27,1219.09,1221.9,1229.02,1217.75,5.05,0.42,1658.85,1240.69,1223.99,1207.29,41.15,53.52,16.39,2,1362.5,1092.46
2020-04-28,1220.74,1212.03,1221.41,1191.91,-9.87,-0.81,1872.74,1240.27,1223.07,1205.87,40.4,49.15,22.91,2,1360.63,1090.96
2020-04-29,1210.22,1221.34,1222.95,1208.97,9.3,0.77,1670.68,1240.24,1223.03,1205.81,45.91,48.07,41.59,2,1360.79,1091.08
2020-04-30,1228.97,1242.11,1244.8,1228.97,20.77,1.7,2078.04,1242.49,1224.7,1206.91,62.24,52.79,81.15,2,1362.72,1092.63
2020-05-06,1232.8,1249.62,1250.83,1232.56,7.51,0.6,2704.95,1246.86,1226.18,1205.5,74.15,59.91,102.61,2,1364.26,1093.86
2020-05-07,1249.14,1241.8,1249.34,1238.16,-7.82,-0.63,1767.58,1247.84,1227.87,1207.9,77.65,65.83,101.31,2,1364.54,1094.09
2020-05-08,1245.03,1247.11,1252.01,1243.96,5.31,0.43,1823.02,1250.37,1228.72,1207.06,82.39,71.35,104.47,2,1366.55,1095.7
2020-05-11,1250.84,1249.02,1258.15,1244.0,1.91,0.15,1961.79,1253.19,1229.83,1206.47,83.66,75.45,100.09,2,1368.39,1097.18
2020-05-12,1248.24,1240.77,1248.24,1233.68,-8.26,-0.66,1605.42,1254.22,1230.38,1206.54,80.36,77.09,86.91,2,1370.02,1098.49
2020-05-13,1235.82,1243.12,1244.26,1232.15,2.35,0.19,1478.66,1255.35,1231.67,1207.98,79.34,77.84,82.35,2,1372.94,1100.82
2020-05-14,1238.67,1228.74,1238.67,1228.25,-14.37,-1.16,1492.63,1254.41,1232.52,1210.64,66.3,73.99,50.9,2,1373.7,1101.43
2020-05-15,1233.06,1225.26,1234.92,1224.22,-3.48,-0.28,1308.12,1254.4,1232.34,1210.28,45.22,64.4,6.85,2,1375.17,1102.61
2020-05-18,1227.6,1220.89,1229.16,1219.38,-4.37,-0.36,1600.71,1254.35,1232.39,1210.43,31.44,53.42,-12.5,2,1375.12,1102.57
2020-05-19,1231.4,1229.88,1232.04,1226.11,8.99,0.74,1482.35,1254.36,1232.65,1210.93,29.99,45.61,-1.24,2,1373.76,1101.48
2020-05-20,1225.38,1220.53,1225.38,1217.5,-9.35,-0.76,1320.19,1254.17,1231.89,1209.6,22.48,37.9,-8.36,2,1370.53,1098.89
2020-05-21,1223.94,1206.86,1223.94,1205.25,-13.67,-1.12,1394.7,1254.77,1230.27,1205.76,16.0,30.6,-13.2,2,1366.65,1095.78
2020-05-22,1205.96,1183.37,1206.09,1181.99,-23.49,-1.95,1653.7,1259.91,1227.99,1196.06,11.36,24.19,-14.29,2,1359.58,1090.11
2020-05-25,1185.78,1184.59,1187.99,1179.24,1.22,0.1,1305.94,1262.59,1225.59,1188.59,10.32,19.56,-8.18,2,1352.43,1084.38
2020-05-26,1189.94,1195.02,1196.25,1188.53,10.43,0.88,1252.88,1263.36,1224.04,1184.72,15.73,18.28,10.62,1,1347.35,1080.31
2020-05-27,1195.58,1193.36,1198.34,1190.17,-1.66,-0.14,1409.05,1264.32,1222.87,1181.41,18.94,18.5,19.81,1,1341.82,1075.88
2020-05-28,1193.92,1196.57,1206.02,1187.72,3.22,0.27,1552.38,1264.62,1221.6,1178.58,23.57,20.19,30.32,2,1338.25,1073.01
2020-05-29,1192.42,1191.12,1193.85,1187.38,-5.45,-0.46,1594.6,1265.43,1220.55,1175.68,23.21,21.2,27.24,2,1334.46,1069.97
2020-06-01,1196.6,1216.11,1217.19,1196.6,24.99,2.1,1895.94,1265.2,1220.29,1175.38,42.11,28.17,69.99,2,1333.93,1069.55
2020-06-02,1215.42,1225.33,1227.03,1212.47,9.22,0.76,1996.63,1263.32,1219.45,1175.59,60.22,38.85,102.96,2,1333.43,1069.14
2020-06-03,1227.63,1223.03,1233.55,1221.99,-2.3,-0.19,1891.51,1259.81,1218.12,1176.44,67.02,48.24,104.59,2,1333.7,1069.37
2020-06-04,1228.07,1219.43,1228.07,1214.8,-3.6,-0.29,1572.7,1257.27,1217.01,1176.75,69.35,55.28,97.49,2,1335.1,1070.49
2020-06-05,1221.62,1219.96,1221.65,1211.35,0.53,0.04,1439.35,1253.52,1215.65,1177.78,69.75,60.1,89.06,2,1339.16,1073.74
2020-06-08,1224.42,1224.02,1228.23,1221.87,4.06,0.33,1872.63,1249.31,1214.4,1179.48,72.96,64.39,90.09,2,1343.54,1077.25
2020-06-09,1224.86,1228.93,1229.5,1221.06,4.91,0.4,1384.57,1247.28,1213.81,1180.33,78.64,69.14,97.63,2,1347.3,1080.27
2020-06-10,1229.32,1220.5,1229.35,1217.49,-8.44,-0.69,1556.67,1243.54,1212.68,1181.81,76.34,71.54,85.93,2,1350.31,1082.68
2020-06-11,1218.9,1208.08,1220.91,1206.21,-12.42,-1.02,1897.36,1241.66,1211.64,1181.62,61.25,68.11,47.53,2,1351.59,1083.71
2020-06-12,1192.15,1206.47,1208.39,1189.93,-1.61,-0.13,2426.73,1240.13,1210.7,1181.28,53.47,63.23,33.96,2,1353.3,1085.08
2020-06-15,1200.78,1191.58,1203.55,1191.58,-14.89,-1.23,1918.61,1239.4,1209.24,1179.08,36.91,54.45,1.81,2,1350.57,1082.89
2020-06-16,1201.49,1210.27,1210.48,1199.57,18.69,1.57,1934.62,1236.91,1208.26,1179.61,41.74,50.22,24.79,2,1348.9,1081.55
2020-06-17,1211.47,1211.74,1213.55,1205.3,1.47,0.12,1665.33,1235.96,1207.82,1179.67,46.2,48.88,40.84,2,1347.65,1080.55
2020-06-18,1209.51,1222.5,1225.61,1207.4,10.76,0.89,2226.5,1237.46,1208.6,1179.74,58.24,52.0,70.71,2,1347.99,1080.82
2020-06-19,1223.81,1231.66,1233.9,1223.17,9.17,0.75,2276.53,1239.09,1211.01,1182.93,70.46,58.15,95.08,2,1349.29,1081.86
2020-06-22,1231.05,1225.64,1231.73,1223.39,-6.02,-0.49,2127.92,1239.04,1213.07,1187.09,74.04,63.45,95.24,2,1349.47,1082.01
2020-06-23,1223.41,1221.18,1224.34,1217.68,-4.46,-0.36,1674.04,1239.19,1214.37,1189.55,73.05,66.65,85.86,2,1348.61,1081.32
2020-06-24,1221.25,1224.41,1226.18,1220.77,3.22,0.26,1746.06,1239.13,1215.93,1192.73,74.84,69.38,85.76,2,1349.04,1081.66
2020-06-29,1221.23,1215.79,1223.19,1212.16,-8.61,-0.7,2028.67,1238.32,1216.89,1195.45,68.96,69.24,68.41,2,1349.9,1082.35
2020-06-30,1216.87,1220.48,1224.78,1216.48,4.69,0.39,1647.17,1236.26,1218.36,1200.45,66.28,68.25,62.33,2,1351.45,1083.6
2020-07-01,1221.66,1244.14,1244.88,1218.42,23.66,1.94,3032.24,1240.85,1219.76,1198.67,76.9,71.13,88.42,2,1357.29,1088.28
2020-07-02,1241.28,1270.34,1271.97,1239.62,26.2,2.1,4519.82,1252.5,1222.01,1191.51,83.76,75.34,100.58,2,1363.95,1093.62
2020-07-03,1275.11,1294.86,1294.86,1275.11,24.52,1.93,5063.58,1269.64,1225.6,1181.56,89.17,79.95,107.61,2,1373.18,1101.02
2020-07-06,1311.21,1374.8,1377.67,1311.21,79.94,6.17,8460.68,1311.74,1233.37,1154.99,92.2,84.03,108.54,2,1390.09,1114.57
2020-07-07,1398.34,1365.27,1414.65,1365.27,-9.54,-0.69,7971.09,1337.46,1240.63,1143.81,86.67,84.91,90.19,2,1404.92,1126.46
2020-07-08,1360.38,1383.3,1389.64,1352.66,18.03,1.32,6660.36,1363.22,1248.6,1133.98,85.95,85.26,87.34,2,1422.42,1140.5
2020-07-09,1381.86,1392.54,1393.05,1370.1,9.24,0.67,6248.88,1386.92,1256.78,1126.64,87.0,85.84,89.31,2,1441.44,1155.75
2020-07-10,1381.83,1353.25,1381.83,1349.77,-39.29,-2.82,5730.97,1398.91,1263.42,1127.92,81.0,84.23,74.55,2,1455.74,1167.21
2020-07-13,1356.74,1381.68,1387.49,1350.85,28.43,2.1,5544.99,1414.37,1272.1,1129.82,81.73,83.4,78.41,2,1474.15,1181.98
2020-07-14,1381.25,1372.46,1389.15,1352.51,-9.22,-0.67,5754.81,1425.72,1280.39,1135.07,79.79,82.19,74.98,2,1491.02,1195.5
2020-07-15,1377.92,1348.16,1380.62,1342.85,-24.3,-1.77,4959.82,1430.4,1288.22,1146.04,70.64,78.34,55.24,2,1502.57,1204.76
2020-07-16,1349.62,1298.47,1358.01,1297.63,-49.69,-3.69,4572.19,1430.27,1292.63,1155.0,47.33,68.01,5.99,2,1505.69,1207.27
2020-07-17,1298.63,1299.02,1311.84,1287.9,0.55,0.04,3119.01,1429.54,1297.0,1164.46,34.48,56.83,-10.22,2,1506.15,1207.64
2020-07-20,1308.21,1354.42,1354.42,1306.64,55.4,4.26,4564.33,1433.75,1303.59,1173.43,44.07,52.58,27.06,2,1503.89,1205.82
2020-07-21,1361.67,1351.25,1365.64,1345.23,-3.17,-0.23,3555.71,1436.92,1309.57,1182.22,49.47,51.54,45.31,2,1502.34,1204.57
2020-07-22,1348.39,1350.79,1370.83,1344.67,-0.46,-0.03,3731.08,1438.27,1315.83,1193.39,53.68,52.25,56.54,2,1498.73,1201.68
2020-07-23,1339.7,1342.85,1351.44,1316.46,-7.93,-0.59,4099.66,1436.8,1321.91,1207.03,53.88,52.8,56.04,2,1493.21,1197.26
2020-07-24,1336.81,1295.75,1342.66,1289.63,-47.1,-3.51,4147.97,1432.17,1325.48,1218.79,38.5,48.03,19.45,2,1486.83,1192.14
2020-07-27,1300.63,1296.87,1305.91,1288.58,1.12,0.09,2682.47,1424.8,1329.54,1234.27,28.89,41.65,3.38,2,1477.41,1184.59
2020-07-28,1306.68,1303.03,1313.83,1294.73,6.16,0.47,2643.76,1415.93,1333.66,1251.39,25.34,36.22,3.6,2,1469.71,1178.41
2020-07-29,1300.28,1330.13,1330.51,1294.87,27.1,2.08,2979.42,1409.34,1337.96,1266.59,33.87,35.43,30.74,2,1467.71,1176.81
2020-07-30,1333.57,1329.68,1340.06,1325.46,-0.45,-0.03,2660.52,1405.41,1340.93,1276.45,39.24,36.7,44.31,2,1471.17,1179.59
2020-07-31,1326.91,1333.69,1346.65,1317.92,4.01,0.3,3084.32,1403.94,1342.87,1281.8,44.44,39.28,54.76,2,1475.02,1182.67
2020-08-03,1345.01,1365.24,1365.31,1345.01,31.55,2.37,3607.23,1402.59,1342.39,1282.19,60.69,46.42,89.25,2,1476.22,1183.64
2020-08-04,1372.25,1373.86,1382.92,1361.08,8.61,0.63,4816.31,1403.79,1342.82,1281.86,70.59,54.48,102.83,2,1478.73,1185.65
2020-08-05,1367.63,1375.48,1376.14,1355.25,1.62,0.12,3632.9,1402.45,1342.43,1282.42,77.77,62.24,108.82,2,1481.47,1187.85
2020-08-06,1379.61,1381.22,1385.51,1360.32,5.74,0.42,3471.95,1400.17,1341.87,1283.56,83.7,69.39,112.32,2,1485.73,1191.26
2020-08-07,1372.14,1363.49,1374.82,1349.1,-17.73,-1.28,3480.68,1401.25,1342.38,1283.5,81.05,73.28,96.59,2,1493.25,1197.29
2020-08-10,1357.25,1368.96,1378.65,1352.52,5.47,0.4,4151.76,1399.16,1341.74,1284.32,81.28,75.95,91.95,2,1501.25,1203.71
2020-08-11,1369.77,1354.21,1383.84,1351.66,-14.75,-1.08,3936.8,1396.83,1340.83,1284.83,72.08,74.66,66.93,2,1506.93,1208.26
2020-08-12,1352.25,1353.7,1357.24,1329.06,-0.52,-0.04,3816.1,1397.3,1341.11,1284.91,65.7,71.67,53.76,2,1509.55,1210.36
2020-08-13,1359.27,1354.58,1361.45,1350.55,0.88,0.06,2606.14,1396.82,1343.91,1291.0,58.87,67.41,41.8,2,1512.31,1212.57
2020-08-14,1352.67,1366.3,1367.19,1343.27,11.72,0.86,2592.94,1396.78,1347.28,1297.77,61.24,65.35,53.01,2,1515.93,1215.48
2020-08-17,1371.84,1400.62,1407.16,1370.66,34.32,2.51,4758.18,1404.25,1349.59,1294.92,71.37,67.36,79.39,2,1519.86,1218.63
2020-08-18,1400.47,1395.79,1401.47,1388.65,-4.83,-0.34,3478.37,1410.08,1351.81,1293.54,76.06,70.26,87.66,2,1522.29,1220.58
2020-08-19,1395.86,1387.53,1404.5,1386.6,-8.26,-0.59,3589.23,1413.95,1353.65,1293.34,75.66,72.06,82.87,2,1523.63,1221.65
2020-08-20,1381.6,1372.08,1387.4,1367.55,-15.45,-1.11,3131.6,1415.71,1355.11,1294.51,68.8,70.97,64.46,2,1522.62,1220.84
2020-08-21,1378.01,1375.43,1380.54,1365.49,3.35,0.24,2292.0,1413.75,1359.09,1304.44,65.66,69.2,58.57,2,1523.94,1221.9
2020-08-24,1377.58,1377.72,1382.43,1370.32,2.29,0.17,2211.84,1410.22,1363.14,1316.06,64.54,67.65,58.33,2,1524.91,1222.68
2020-08-25,1378.45,1364.09,1382.09,1360.91,-13.64,-0.99,2175.45,1404.36,1366.19,1328.02,53.89,63.06,35.55,2,1526.01,1223.56
2020-08-26,1361.91,1344.35,1365.86,1339.62,-19.73,-1.45,2249.62,1402.82,1366.9,1330.98,38.26,54.79,5.19,2,1524.97,1222.73
2020-08-27,1345.11,1354.43,1355.33,1338.11,10.08,0.75,1917.94,1400.36,1368.14,1335.92,33.39,47.66,4.84,2,1524.96,1222.71
2020-08-28,1352.89,1377.51,1379.84,1350.11,23.08,1.7,2450.27,1398.6,1370.33,1342.06,42.04,45.79,34.55,2,1526.2,1223.71
2020-08-31,1384.76,1364.06,1392.24,1364.01,-13.45,-0.98,3206.48,1398.59,1370.27,1341.95,41.06,44.21,34.75,2,1522.14,1220.46
2020-09-01,1361.11,1373.68,1373.7,1358.89,9.62,0.7,2157.5,1398.58,1370.26,1341.95,49.27,45.9,56.03,2,1519.69,1218.49
2020-09-02,1375.11,1367.83,1376.1,1356.81,-5.85,-0.43,2380.14,1398.11,1369.88,1341.65,51.15,47.65,58.16,2,1517.5,1216.74
2020-09-03,1370.87,1364.8,1379.17,1360.6,-3.03,-0.22,2327.51,1396.87,1369.06,1341.24,50.54,48.61,54.39,2,1516.69,1216.09
2020-09-04,1345.69,1354.45,1356.68,1343.3,-10.34,-0.76,1875.9,1397.05,1368.61,1340.16,43.75,46.99,37.28,2,1514.36,1214.22
2020-09-07,1354.02,1338.75,1364.21,1335.87,-15.7,-1.16,2319.73,1398.37,1367.1,1335.82,30.87,41.62,9.38,2,1510.04,1210.75
2020-09-08,1343.94,1357.98,1359.05,1342.78,19.23,1.44,2266.93,1398.29,1367.28,1336.27,33.66,38.96,23.04,2,1509.36,1210.21
2020-09-09,1344.97,1338.04,1351.33,1331.31,-19.94,-1.47,2441.89,1399.57,1366.5,1333.44,26.12,34.68,8.99,2,1508.66,1209.65
2020-09-10,1349.35,1336.95,1351.34,1332.78,-1.09,-0.08,2403.01,1400.78,1365.62,1330.46,20.5,29.95,1.59,2,1506.72,1208.09
2020-09-11,1333.62,1335.96,1337.74,1322.71,-1.0,-0.07,1826.41,1401.56,1364.1,1326.64,21.49,27.13,10.2,2,1502.11,1204.39
2020-09-14,1340.8,1340.06,1344.27,1332.62,4.1,0.31,1638.22,1395.94,1361.07,1326.21,24.57,26.28,21.15,2,1499.44,1202.26
2020-09-15,1339.57,1351.5,1352.27,1333.7,11.44,0.85,1743.72,1390.05,1358.86,1327.67,33.38,28.64,42.84,2,1496.98,1200.28
2020-09-16,1349.52,1352.44,1359.83,1343.77,0.94,0.07,1870.0,1385.47,1357.11,1328.74,46.13,34.47,69.45,2,1495.27,1198.91
2020-09-17,1349.35,1351.63,1358.42,1342.0,-0.81,-0.06,1702.18,1383.68,1356.08,1328.49,53.98,40.98,80.0,2,1493.81,1197.74
2020-09-18,1352.34,1382.08,1383.82,1350.63,30.45,2.25,3264.97,1385.07,1356.42,1327.76,68.37,50.11,104.9,2,1496.88,1200.2
2020-09-21,1386.33,1374.59,1386.87,1371.04,-7.5,-0.54,2264.52,1384.48,1356.26,1328.04,72.54,57.58,102.44,2,1500.86,1203.39
2020-09-22,1363.46,1352.28,1370.16,1348.82,-22.31,-1.62,1961.93,1383.71,1355.67,1327.63,63.72,59.63,71.9,2,1500.22,1202.88
2020-09-23,1355.9,1356.14,1360.65,1351.57,3.86,0.29,1606.65,1383.81,1356.26,1328.71,59.85,59.7,60.14,2,1502.23,1204.49
2020-09-24,1347.52,1328.77,1347.52,1327.16,-27.37,-2.02,1977.53,1385.02,1354.98,1324.93,40.8,53.4,15.59,2,1501.32,1203.77
2020-09-25,1333.9,1324.51,1335.59,1318.85,-4.26,-0.32,1530.33,1383.29,1352.33,1321.36,29.97,45.59,-1.27,2,1500.05,1202.75
2020-09-28,1327.59,1329.22,1336.62,1325.8,4.72,0.36,1412.78,1382.61,1350.58,1318.55,25.06,38.75,-2.31,2,1498.85,1201.78
2020-09-29,1334.71,1329.88,1336.96,1328.6,0.65,0.05,1391.73,1379.79,1348.39,1316.99,22.11,33.2,-0.07,2,1496.45,1199.86
2020-09-30,1331.38,1324.85,1335.82,1317.2,-5.03,-0.38,1638.87,1377.91,1346.24,1314.58,18.4,28.27,-1.33,2,1493.39,1197.4
2020-10-09,1346.51,1356.99,1360.33,1346.13,32.14,2.43,1909.64,1376.78,1345.85,1314.93,31.31,29.28,35.35,2,1493.98,1197.88
2020-10-12,1364.37,1391.33,1391.46,1363.66,34.34,2.53,2923.92,1384.32,1347.7,1311.07,54.15,37.57,87.3,2,1495.01,1198.7
2020-10-13,1388.86,1395.34,1398.09,1381.51,4.02,0.29,2020.69,1392.33,1350.53,1308.72,68.3,47.81,109.27,2,1497.31,1200.55
2020-10-14,1392.7,1385.4,1392.7,1381.79,-9.95,-0.71,1897.18,1396.31,1351.9,1307.49,73.64,56.42,108.07,2,1500.99,1203.5
2020-10-15,1386.93,1384.32,1390.8,1380.3,-1.08,-0.08,2041.47,1400.28,1354.21,1308.14,76.75,63.2,103.85,2,1504.12,1206.0
2020-10-16,1383.72,1386.3,1393.0,1380.09,1.98,0.14,2513.55,1404.06,1356.68,1309.3,79.64,68.68,101.57,2,1510.5,1211.12
2020-10-19,1393.37,1377.91,1404.34,1376.5,-8.39,-0.6,2729.56,1406.01,1358.78,1311.54,76.32,71.22,86.5,2,1516.43,1215.88
2020-10-20,1374.07,1383.6,1384.35,1369.9,5.69,0.41,1881.77,1408.55,1360.95,1313.36,76.28,72.91,83.02,2,1522.47,1220.72
2020-10-21,1383.9,1388.91,1390.98,1378.34,5.31,0.38,2320.54,1411.71,1362.82,1313.94,75.35,73.72,78.6,2,1529.02,1225.97
2020-10-22,1384.45,1380.55,1384.93,1370.97,-8.35,-0.6,1876.84,1413.46,1364.23,1315.0,64.07,70.51,51.21,2,1535.2,1230.93
2020-10-23,1379.22,1376.41,1391.49,1373.5,-4.14,-0.3,2505.66,1414.61,1365.47,1316.33,49.02,63.34,20.36,2,1537.36,1232.66
2020-10-26,1374.8,1374.12,1376.14,1363.78,-2.29,-0.17,2558.97,1413.8,1365.07,1316.35,41.17,55.95,11.62,2,1535.45,1231.12
2020-10-27,1367.48,1369.97,1371.49,1363.09,-4.15,-0.3,1970.49,1413.43,1364.84,1316.25,33.01,48.31,2.42,2,1532.63,1228.87
2020-10-28,1375.93,1379.71,1383.09,1364.57,9.74,0.71,2207.06,1414.85,1366.21,1317.57,35.44,44.02,18.28,2,1532.0,1228.36
2020-10-29,1369.32,1394.77,1399.38,1368.42,15.06,1.09,2248.24,1418.08,1368.14,1318.21,49.22,45.75,56.17,2,1533.16,1229.29
2020-10-30,1396.78,1369.08,1398.97,1364.74,-25.69,-1.84,3041.07,1416.71,1370.16,1323.6,38.32,43.27,28.41,2,1531.25,1227.76
2020-11-02,1373.31,1372.61,1380.17,1367.14,3.54,0.26,2594.5,1414.14,1372.56,1330.98,34.29,40.28,22.31,2,1530.66,1227.29
2020-11-03,1379.41,1392.66,1394.03,1378.29,20.05,1.46,2640.72,1413.07,1375.74,1338.4,50.02,43.53,63.01,2,1531.67,1228.09
2020-11-04,1391.98,1403.72,1406.02,1388.06,11.06,0.79,2223.07,1412.22,1379.43,1346.64,64.89,50.65,93.39,2,1533.31,1229.41
2020-11-05,1416.09,1431.69,1431.69,1414.53,27.96,1.99,2703.03,1414.96,1384.77,1354.58,76.6,59.3,111.19,2,1538.99,1233.96
2020-11-06,1432.39,1439.96,1440.82,1424.21,8.28,0.58,3018.49,1424.94,1388.92,1352.9,84.03,67.54,117.0,2,1546.04,1239.62
2020-11-09,1449.16,1467.84,1468.42,1449.16,27.88,1.94,3794.02,1442.58,1392.74,1342.91,89.17,74.75,118.0,2,1556.44,1247.96
2020-11-10,1479.08,1463.21,1479.14,1456.9,-4.64,-0.32,3408.53,1454.7,1396.14,1337.58,88.14,79.21,105.98,2,1566.79,1256.26
2020-11-11,1460.35,1460.63,1471.85,1453.36,-2.58,-0.18,3690.69,1464.56,1399.9,1335.23,86.7,81.71,96.68,2,1575.77,1263.46
2020-11-12,1460.86,1461.57,1468.37,1455.46,0.95,0.06,2340.97,1473.29,1403.76,1334.23,85.9,83.11,91.5,0,1583.19,1269.4
2020-11-13,1456.48,1447.6,1456.48,1437.65,-13.98,-0.96,2736.37,1478.38,1406.83,1335.27,80.18,82.13,76.27,2,1591.91,1276.39
2020-11-16,1456.88,1466.29,1466.29,1443.82,18.69,1.29,3054.7,1485.96,1411.25,1336.53,82.08,82.11,82.02,2,1602.3,1284.73
2020-11-17,1462.37,1470.84,1474.54,1458.25,4.55,0.31,2963.73,1493.47,1415.61,1337.74,83.77,82.67,85.98,2,1610.98,1291.69
2020-11-18,1469.46,1470.95,1481.0,1461.83,0.11,0.01,3620.29,1500.12,1419.71,1339.3,83.28,82.87,84.1,2,1618.44,1297.67
2020-11-19,1471.45,1475.83,1479.23,1463.34,4.88,0.33,2585.05,1506.32,1424.47,1342.63,84.88,83.54,87.56,2,1623.34,1301.6
2020-11-20,1474.22,1494.49,1495.39,1473.25,18.66,1.26,2799.57,1514.5,1430.38,1346.25,89.4,85.49,97.21,2,1629.4,1306.45
2020-11-23,1493.72,1516.28,1526.34,1492.6,21.8,1.46,4341.77,1525.34,1437.49,1349.63,89.15,86.71,94.03,2,1634.77,1310.76
2020-11-24,1515.07,1510.81,1518.64,1506.1,-5.47,-0.36,3067.83,1532.18,1444.53,1356.87,86.93,86.79,87.22,2,1640.06,1315.0
2020-11-25,1518.41,1486.09,1518.52,1486.09,-24.72,-1.64,3248.05,1533.96,1449.85,1365.73,76.16,83.24,61.99,2,1642.88,1317.27
2020-11-26,1482.78,1482.79,1485.41,1468.42,-3.3,-0.22,2751.64,1535.54,1454.25,1372.96,66.52,77.67,44.21,2,1645.24,1319.16
2020-11-27,1488.55,1503.03,1503.03,1481.66,20.24,1.36,3997.42,1534.8,1460.94,1387.09,66.27,73.87,51.06,2,1651.39,1324.09
2020-11-30,1507.73,1498.13,1531.08,1497.56,-4.9,-0.32,6150.91,1530.56,1467.22,1403.88,61.65,69.79,45.36,2,1654.93,1326.92
2020-12-01,1497.45,1520.37,1521.6,1491.78,22.24,1.48,3738.25,1531.07,1473.61,1416.14,69.16,69.58,68.32,2,1660.42,1331.33
2020-12-02,1520.72,1518.3,1528.58,1511.53,-2.07,-0.14,3253.33,1530.27,1479.34,1428.4,72.64,70.6,76.72,2,1665.68,1335.54
2020-12-03,1517.77,1510.11,1517.77,1505.44,-8.19,-0.54,2754.91,1530.88,1483.26,1435.63,70.61,70.6,70.61,2,1669.48,1338.6
2020-12-04,1509.72,1504.38,1509.72,1491.47,-5.73,-0.38,2663.59,1530.53,1486.48,1442.42,66.2,69.14,60.33,2,1670.58,1339.48
2020-12-07,1503.59,1482.05,1504.53,1479.57,-22.32,-1.48,2742.91,1530.47,1487.19,1443.91,51.38,63.22,27.72,2,1666.78,1336.43
2020-12-08,1483.05,1476.65,1490.04,1470.72,-5.41,-0.36,2202.52,1530.03,1487.86,1445.69,38.63,55.02,5.85,2,1662.99,1333.39
2020-12-09,1479.41,1462.41,1484.89,1462.14,-14.23,-0.96,2268.33,1529.9,1487.95,1446.0,25.89,45.31,-12.96,2,1660.36,1331.28
2020-12-10,1462.65,1457.97,1464.5,1452.54,-4.44,-0.3,2356.4,1530.2,1487.77,1445.34,19.56,36.73,-14.77,2,1657.61,1329.07
2020-12-11,1460.83,1444.15,1462.19,1429.65,-13.82,-0.95,2995.8,1530.7,1487.6,1444.49,17.93,30.46,-7.14,2,1651.07,1323.83
2020-12-14,1443.43,1442.31,1443.81,1431.9,-1.84,-0.13,2609.76,1533.0,1486.4,1439.8,16.22,25.71,-2.78,2,1644.88,1318.86
2020-12-15,1443.3,1446.74,1447.88,1435.69,4.43,0.31,2790.92,1534.51,1485.19,1435.88,17.28,22.9,6.03,2,1636.7,1312.31
2020-12-16,1448.92,1452.6,1457.28,1446.11,5.85,0.4,2328.14,1535.27,1484.27,1433.28,21.07,22.29,18.63,2,1629.41,1306.46
2020-12-17,1451.92,1472.32,1474.55,1447.99,19.72,1.36,3246.83,1535.23,1484.1,1432.97,33.04,25.87,47.38,2,1625.22,1303.1
2020-12-18,1472.26,1479.15,1487.37,1471.56,6.83,0.46,3421.86,1534.28,1483.33,1432.39,49.35,33.7,80.65,2,1622.41,1300.86
2020-12-21,1478.46,1480.59,1483.33,1469.36,1.45,0.1,3306.23,1530.2,1481.55,1432.89,62.32,43.24,100.48,2,1622.25,1300.73
2020-12-22,1473.06,1440.18,1473.67,1438.3,-40.42,-2.73,3699.64,1527.9,1478.02,1428.13,47.63,44.7,53.48,2,1618.2,1297.48
2020-12-23,1439.78,1460.3,1463.04,1439.61,20.12,1.4,2885.27,1527.04,1476.73,1426.41,49.45,46.29,55.78,2,1617.97,1297.29
2020-12-24,1462.13,1457.49,1467.74,1453.41,-2.81,-0.19,2212.41,1526.37,1475.46,1424.55,48.35,46.97,51.09,2,1617.92,1297.25
2020-12-25,1455.27,1485.42,1485.61,1453.15,27.93,1.92,2932.92,1524.14,1474.58,1425.02,64.31,52.75,87.42,2,1622.5,1300.92
2020-12-28,1488.55,1492.21,1502.9,1486.39,6.79,0.46,3529.38,1523.35,1474.29,1425.22,70.69,58.73,94.61,2,1628.04,1305.36
2020-12-29,1495.0,1476.74,1495.0,1475.56,-15.47,-1.04,3292.06,1516.43,1472.1,1427.78,66.96,61.47,77.93,2,1631.37,1308.03
2020-12-30,1477.15,1480.07,1488.76,1475.98,3.33,0.22,3053.24,1509.38,1470.19,1431.0,66.19,63.05,72.49,2,1634.42,1310.48
2020-12-31,1483.91,1504.33,1504.94,1482.41,24.26,1.64,3656.28,1507.98,1469.9,1431.82,77.16,67.75,95.97,2,1637.97,1313.33
2021-01-04,1503.73,1517.75,1523.17,1497.49,13.42,0.89,4718.45,1511.42,1470.57,1429.73,82.64,72.71,102.5,2,1642.25,1316.76
2021-01-05,1511.28,1521.88,1523.66,1499.79,4.13,0.27,5148.65,1518.96,1472.56,1426.17,87.72,77.72,107.73,2,1646.84,1320.44
2021-01-06,1523.54,1539.22,1539.32,1518.52,17.34,1.14,4994.15,1530.45,1475.69,1420.93,91.78,82.4,110.52,2,1657.83,1329.25
2021-01-07,1543.1,1563.2,1563.2,1540.58,23.98,1.56,5576.15,1547.01,1480.73,1414.45,94.52,86.44,110.67,0,1669.25,1338.41
2021-01-08,1560.9,1581.03,1581.03,1556.93,17.83,1.14,4693.64,1565.31,1486.88,1408.46,96.35,89.74,109.55,0,1682.97,1349.4
2021-01-11,1584.6,1564.01,1596.62,1556.68,-17.02,-1.08,4894.32,1575.53,1492.88,1410.23,88.58,89.36,87.04,0,1691.69,1356.4
2021-01-12,1557.92,1599.65,1599.65,1557.1,35.63,2.28,4432.07,1592.13,1500.74,1409.35,92.39,90.37,96.43,0,1703.61,1365.96
2021-01-13,1605.87,1620.22,1634.98,1605.51,20.57,1.29,7100.66,1611.02,1509.42,1407.82,91.7,90.81,93.48,0,1719.54,1378.73
2021-01-14,1612.78,1616.29,1635.32,1609.14,-3.93,-0.24,6889.67,1625.74,1517.6,1409.47,89.87,90.5,88.6,0,1734.66,1390.85
2021-01-15,1615.12,1590.5,1615.76,1577.4,-25.79,-1.59,6178.08,1634.0,1523.51,1413.03,82.22,87.74,71.19,0,1744.23,1398.52
2021-01-18,1582.93,1609.47,1613.07,1581.43,18.97,1.19,4683.2,1644.57,1530.03,1415.48,80.77,85.42,71.48,0,1754.41,1406.69
2021-01-19,1605.42,1587.7,1605.42,1580.61,-21.77,-1.35,4759.37,1650.2,1535.38,1420.57,70.43,80.42,50.44,2,1761.71,1412.54
2021-01-20,1585.98,1587.96,1595.48,1580.26,0.26,0.02,3980.96,1650.96,1542.77,1434.58,60.21,73.68,33.26,2,1767.12,1416.88
2021-01-21,1590.24,1598.59,1607.2,1582.33,10.64,0.67,4153.71,1653.49,1549.69,1445.88,57.9,68.42,36.87,2,1771.05,1420.03
2021-01-22,1595.27,1584.22,1595.27,1575.03,-14.37,-0.9,4196.87,1651.7,1556.02,1460.35,50.16,62.33,25.81,2,1771.41,1420.32
2021-01-25,1581.01,1585.84,1593.46,1571.63,1.62,0.1,4047.32,1651.79,1561.04,1470.3,40.88,55.18,12.27,2,1773.83,1422.26
2021-01-26,1579.14,1565.14,1582.1,1562.33,-20.7,-1.31,3301.25,1649.76,1564.69,1479.62,28.53,46.3,-7.0,2,1770.0,1419.19
2021-01-27,1563.46,1572.52,1573.43,1559.97,7.38,0.47,3324.16,1644.38,1569.48,1494.58,26.52,39.71,0.15,2,1764.7,1414.94
2021-01-28,1551.13,1528.18,1552.29,1524.37,-44.34,-2.82,3236.59,1637.68,1571.89,1506.09,19.11,32.84,-8.35,2,1754.92,1407.1
2021-01-29,1536.6,1514.93,1538.65,1497.93,-13.25,-0.87,3183.44,1636.16,1572.42,1508.67,17.93,27.87,-1.96,2,1746.54,1400.37
2021-02-01,1507.1,1522.59,1523.99,1500.76,7.66,0.5,2897.64,1635.61,1572.66,1509.71,19.47,25.07,8.28,2,1736.89,1392.64
2021-02-02,1526.36,1534.63,1536.62,1525.34,12.04,0.79,3056.02,1634.41,1573.29,1512.18,24.18,24.77,22.99,2,1731.0,1387.92
2021-02-03,1533.81,1527.37,1540.08,1524.03,-7.26,-0.47,3524.72,1635.33,1572.7,1510.07,26.2,25.25,28.1,1,1724.28,1382.53
2021-02-04,1519.19,1507.06,1519.55,1492.73,-20.31,-1.33,3335.94,1638.71,1569.9,1501.08,22.21,24.24,18.16,1,1714.12,1374.38
2021-02-05,1511.73,1511.97,1525.61,1509.73,4.91,0.32,3637.8,1639.47,1566.44,1493.41,21.98,23.48,18.98,1,1706.1,1367.95
2021-02-08,1511.74,1527.87,1530.06,1505.74,15.9,1.05,3217.17,1639.58,1564.64,1489.69,29.17,25.38,36.75,1,1699.66,1362.79
2021-02-09,1529.55,1557.55,1557.92,1526.65,29.68,1.94,3184.09,1635.77,1562.53,1489.29,52.59,34.45,88.87,2,1698.82,1362.12
2021-02-10,1556.87,1568.17,1573.55,1556.68,10.63,0.68,3138.06,1628.32,1559.93,1491.53,66.17,45.02,108.47,2,1698.34,1361.73
2021-02-18,1600.97,1592.19,1605.49,1586.95,24.01,1.53,4281.76,1623.87,1558.72,1493.57,73.52,54.52,111.51,2,1705.44,1367.43
2021-02-19,1588.2,1615.61,1615.61,1584.74,23.42,1.47,4747.56,1628.41,1559.98,1491.54,82.35,63.8,119.44,2,1716.62,1376.39
2021-02-22,1626.9,1613.79,1638.81,1613.79,-1.82,-0.11,6359.33,1629.28,1560.19,1491.11,82.52,70.04,107.49,2,1726.74,1384.5
2021-02-23,1605.96,1601.63,1619.41,1595.76,-12.16,-0.75,4806.99,1631.34,1560.89,1490.44,79.86,73.31,92.96,2,1734.18,1390.47
2021-02-24,1605.77,1582.45,1612.03,1567.92,-19.18,-1.2,4599.39,1630.68,1560.62,1490.55,72.46,73.03,71.32,2,1740.29,1395.37
2021-02-25,1599.29,1603.99,1615.99,1593.28,21.54,1.36,5213.11,1631.57,1560.89,1490.2,72.92,72.99,72.77,2,1751.05,1403.99
2021-02-26,1572.16,1564.43,1584.48,1563.03,-39.56,-2.47,4261.73,1629.8,1559.9,1489.99,59.84,68.61,42.3,2,1756.87,1408.66
2021-03-01,1574.3,1592.93,1593.42,1567.21,28.5,1.82,3629.0,1630.74,1560.25,1489.76,54.61,63.94,35.94,2,1764.09,1414.45
2021-03-02,1599.59,1569.73,1599.75,1560.4,-23.2,-1.46,3658.77,1631.06,1560.48,1489.89,40.37,56.08,8.94,2,1765.45,1415.54
2021-03-03,1565.46,1598.41,1598.84,1565.28,28.68,1.83,3792.36,1634.12,1561.77,1489.43,43.07,51.75,25.72,2,1768.8,1418.23
2021-03-04,1583.81,1564.35,1588.77,1558.81,-34.05,-2.13,4236.76,1634.27,1563.58,1492.89,31.02,44.84,3.39,2,1765.71,1415.75
2021-03-05,1544.44,1559.35,1569.02,1543.33,-5.01,-0.32,3531.92,1632.94,1565.8,1498.67,27.7,39.13,4.85,2,1759.47,1410.74
2021-03-08,1569.12,1534.24,1582.74,1534.24,-25.11,-1.61,3771.86,1632.2,1566.39,1500.57,18.47,32.24,-9.08,1,1750.64,1403.66
2021-03-09,1534.5,1524.7,1555.02,1498.79,-9.54,-0.62,4340.19,1632.8,1565.89,1498.98,19.68,28.05,2.94,1,1742.1,1396.82
2021-03-10,1535.75,1509.88,1536.09,1508.27,-14.82,-0.97,3030.91,1634.33,1565.02,1495.7,16.78,24.3,1.75,1,1734.04,1390.36
2021-03-11,1513.47,1543.06,1543.06,1513.47,33.19,2.2,3284.94,1631.74,1566.82,1501.89,25.8,24.8,27.82,1,1727.28,1384.94
2021-03-12,1547.82,1563.69,1564.8,1538.02,20.63,1.34,4364.27,1629.31,1569.4,1509.49,38.63,29.41,57.07,2,1727.2,1384.87
2021-03-15,1559.95,1556.91,1573.34,1544.38,-6.78,-0.43,3956.76,1628.01,1570.85,1513.69,45.12,34.65,66.06,2,1723.2,1381.66
2021-03-16,1556.56,1571.12,1571.34,1551.24,14.2,0.91,3212.67,1628.37,1571.53,1514.7,56.87,42.05,86.51,2,1723.35,1381.79
2021-03-17,1565.65,1564.98,1572.19,1555.17,-6.14,-0.39,2851.48,1628.26,1571.37,1514.48,64.2,49.44,93.72,2,1719.64,1378.81
2021-03-18,1568.38,1567.15,1574.63,1562.47,2.17,0.14,2553.88,1626.22,1570.12,1514.02,69.94,56.27,97.28,2,1719.95,1379.06
2021-03-19,1551.33,1539.24,1555.35,1531.05,-27.92,-1.78,3134.12,1619.83,1566.3,1512.77,64.41,58.98,75.25,2,1717.72,1377.27
2021-03-22,1540.61,1566.74,1567.24,1540.61,27.5,1.79,3101.76,1612.86,1563.95,1515.04,72.31,63.42,90.07,2,1721.33,1380.16
2021-03-23,1566.27,1544.69,1566.27,1535.06,-22.05,-1.41,2745.81,1607.47,1561.1,1514.73,65.22,64.02,67.62,2,1723.55,1381.94
2021-03-24,1535.43,1510.12,1539.23,1507.36,-34.57,-2.24,2835.23,1607.75,1557.49,1507.22,44.85,57.63,19.28,2,1723.57,1381.97
2021-03-25,1505.46,1510.27,1520.15,1502.35,0.16,0.01,2236.19,1602.32,1552.8,1503.28,33.55,49.6,1.44,2,1719.94,1379.05
2021-03-26,1516.7,1534.42,1538.05,1516.7,24.15,1.6,2393.29,1601.13,1551.3,1501.46,37.16,45.46,20.56,2,1716.69,1376.44
2021-03-29,1538.38,1541.3,1546.14,1529.69,6.88,0.45,2727.61,1594.87,1548.72,1502.56,42.73,44.55,39.11,2,1714.95,1375.05
2021-03-30,1540.38,1548.6,1549.13,1534.3,7.29,0.47,2515.25,1592.8,1547.66,1502.52,49.82,46.3,56.85,2,1712.45,1373.05
2021-03-31,1548.79,1556.89,1557.4,1541.32,8.29,0.53,3344.43,1584.6,1545.59,1506.57,61.23,51.28,81.13,2,1711.56,1372.33
2021-04-01,1558.9,1566.19,1567.39,1555.65,9.3,0.6,2879.88,1584.88,1545.68,1506.48,73.54,58.7,103.21,2,1711.45,1372.24
2021-04-02,1566.11,1557.09,1566.18,1553.79,-9.1,-0.58,2349.04,1584.62,1545.56,1506.51,77.08,64.83,101.59,2,1713.43,1373.83
2021-04-06,1561.16,1559.25,1563.89,1553.46,2.16,0.14,2106.08,1585.94,1546.81,1507.69,80.55,70.07,101.51,2,1712.6,1373.16
2021-04-07,1563.37,1572.44,1572.44,1556.15,13.19,0.84,2428.58,1588.46,1549.2,1509.94,87.03,75.72,109.65,2,1715.68,1375.63
2021-04-08,1571.55,1568.11,1575.5,1564.21,-4.33,-0.27,2808.17,1587.75,1552.11,1516.48,87.17,79.54,102.42,2,1722.12,1380.8
2021-04-09,1569.24,1557.21,1569.53,1551.91,-10.91,-0.69,2406.88,1588.27,1552.82,1517.37,78.13,79.07,76.27,2,1727.33,1384.97
2021-04-12,1557.79,1541.01,1561.99,1535.37,-16.2,-1.04,3079.26,1587.12,1551.69,1516.25,57.52,71.89,28.78,2,1728.06,1385.56
2021-04-13,1538.9,1525.27,1542.38,1521.72,-15.74,-1.02,2375.15,1587.25,1550.1,1512.96,40.55,61.44,-1.24,2,1726.28,1384.13
2021-04-14,1525.51,1528.7,1532.76,1521.65,3.43,0.22,2098.47,1584.93,1547.98,1511.04,31.39,51.42,-8.66,2,1724.07,1382.36
2021-04-15,1527.79,1519.01,1527.79,1509.94,-9.69,-0.63,2040.0,1583.82,1545.69,1507.55,25.54,42.8,-8.97,2,1719.87,1378.99
2021-04-16,1523.46,1535.95,1537.88,1521.46,16.94,1.12,2031.8,1581.15,1544.13,1507.1,30.25,38.62,13.53,2,1716.51,1376.3
2021-04-19,1537.27,1557.75,1558.41,1530.94,21.79,1.42,2726.48,1582.47,1545.05,1507.63,44.48,40.57,52.29,2,1716.58,1376.36
2021-04-20,1553.18,1553.19,1559.85,1551.4,-4.56,-0.29,2231.48,1580.67,1544.37,1508.08,51.64,44.26,66.4,2,1715.91,1375.82
2021-04-21,1544.14,1545.41,1549.3,1536.14,-7.78,-0.5,2035.69,1580.71,1544.41,1508.11,54.27,47.6,67.61,2,1712.91,1373.41
2021-04-22,1552.0,1543.31,1553.68,1538.97,-2.1,-0.14,2047.71,1578.81,1546.07,1513.33,57.55,50.91,70.82,2,1710.16,1371.21
2021-04-23,1541.87,1545.84,1551.91,1539.01,2.53,0.16,2241.92,1576.18,1547.85,1519.51,62.34,54.72,77.58,2,1708.89,1370.19
2021-04-26,1548.98,1531.71,1558.69,1530.78,-14.13,-0.91,2513.11,1576.32,1547.71,1519.1,56.1,55.18,57.94,2,1707.86,1369.37
2021-04-27,1529.73,1529.57,1531.37,1517.33,-2.14,-0.14,2058.33,1576.7,1547.13,1517.55,50.51,53.63,44.28,2,1708.34,1369.75
2021-04-28,1528.75,1539.76,1539.76,1523.25,10.18,0.66,2157.15,1576.42,1546.68,1516.94,51.26,52.84,48.1,2,1709.57,1370.73
2021-04-29,1540.46,1552.73,1553.43,1536.09,12.97,0.84,2536.3,1575.99,1546.48,1516.96,61.92,55.87,74.04,2,1713.31,1373.73
2021-04-30,1549.79,1534.41,1549.79,1524.74,-18.32,-1.18,3238.1,1573.38,1544.89,1516.39,54.67,55.47,53.08,2,1713.14,1373.6
2021-05-06,1534.44,1539.13,1549.63,1534.42,4.73,0.31,2990.0,1572.02,1543.99,1515.96,54.02,54.98,52.08,2,1711.07,1371.94
2021-05-07,1542.28,1542.51,1562.13,1537.79,3.38,0.22,3421.6,1570.3,1543.15,1516.01,54.75,54.91,54.43,2,1709.89,1370.99
2021-05-10,1549.37,1549.47,1550.26,1536.08,6.95,0.45,3079.97,1565.83,1542.0,1518.17,60.41,56.74,67.75,2,1710.34,1371.35
2021-05-11,1540.89,1541.74,1545.77,1523.27,-7.73,-0.5,2767.67,1561.29,1540.68,1520.08,58.44,57.31,60.7,2,1710.16,1371.21
2021-05-12,1536.51,1543.06,1544.76,1530.98,1.32,0.08,2291.67,1559.19,1539.98,1520.76,58.1,57.57,59.16,2,1709.85,1370.96
2021-05-13,1529.71,1527.44,1537.01,1523.29,-15.62,-1.01,2565.42,1559.26,1539.3,1519.33,42.33,52.49,22.0,2,1709.38,1370.58
2021-05-14,1530.8,1551.86,1552.08,1524.2,24.43,1.6,2674.77,1560.22,1540.63,1521.04,52.74,52.57,53.08,2,1711.85,1372.57
2021-05-17,1553.24,1562.89,1568.37,1552.94,11.03,0.71,2693.81,1563.38,1542.34,1521.3,64.44,56.53,80.27,2,1714.42,1374.63
2021-05-18,1563.59,1563.05,1567.04,1557.41,0.16,0.01,2146.87,1564.55,1544.54,1524.53,72.36,61.81,93.48,2,1715.57,1375.54
2021-05-19,1559.37,1551.37,1559.54,1546.41,-11.69,-0.75,2429.7,1565.12,1545.31,1525.5,69.01,64.21,78.62,2,1717.45,1377.05
2021-05-20,1544.69,1543.9,1548.39,1533.66,-7.46,-0.48,2542.26,1563.59,1544.62,1525.64,61.26,63.22,57.32,2,1717.98,1377.48
2021-05-21,1545.88,1537.76,1548.69,1534.02,-6.15,-0.4,2091.34,1562.62,1543.85,1525.08,51.55,59.33,35.98,2,1717.45,1377.06
2021-05-24,1536.75,1532.88,1537.81,1523.23,-4.87,-0.32,2337.88,1562.57,1543.22,1523.87,41.49,53.38,17.7,2,1715.61,1375.58
2021-05-25,1533.74,1561.75,1562.96,1524.78,28.87,1.88,3206.67,1565.11,1544.14,1523.17,56.1,54.29,59.73,2,1717.83,1377.36
2021-05-26,1559.62,1570.3,1575.39,1559.62,8.55,0.55,2827.69,1569.24,1545.36,1521.49,67.48,58.69,85.07,2,1720.86,1379.78
2021-05-27,1565.47,1570.27,1575.8,1562.59,-0.03,0.0,2248.73,1572.63,1547.29,1521.96,74.82,64.06,96.32,2,1725.61,1383.6
2021-05-28,1572.59,1565.79,1574.83,1559.27,-4.48,-0.29,2399.98,1574.29,1549.1,1523.92,76.86,68.33,93.93,2,1727.16,1384.84
2021-05-31,1566.53,1562.21,1566.58,1552.19,-3.58,-0.23,2228.52,1575.65,1550.23,1524.81,75.96,70.87,86.13,2,1727.08,1384.78
2021-06-01,1557.81,1561.33,1562.02,1543.39,-0.88,-0.06,2422.84,1576.52,1550.66,1524.79,74.8,72.18,80.03,2,1726.89,1384.62
2021-06-02,1561.29,1550.61,1561.29,1547.2,-10.72,-0.69,2271.36,1576.23,1551.47,1526.7,67.23,70.53,60.62,2,1726.8,1384.56
2021-06-03,1549.57,1541.34,1555.69,1541.34,-9.27,-0.6,2325.27,1576.14,1551.58,1527.01,56.3,65.79,37.33,2,1726.52,1384.33
2021-06-04,1534.3,1542.97,1554.19,1530.53,1.63,0.1,2347.08,1576.13,1551.6,1527.07,49.42,60.33,27.59,2,1727.1,1384.79
2021-06-07,1545.12,1546.55,1549.68,1541.18,3.58,0.23,2026.25,1576.07,1551.45,1526.84,44.74,55.13,23.96,2,1728.62,1386.01
2021-06-08,1547.79,1547.81,1558.25,1541.76,1.26,0.08,2109.15,1576.03,1551.76,1527.48,42.55,50.94,25.77,2,1727.07,1384.77
2021-06-09,1547.99,1547.17,1548.88,1541.17,-0.64,-0.04,1920.58,1576.01,1551.96,1527.92,40.89,47.59,27.49,2,1724.5,1382.71
2021-06-10,1550.4,1557.25,1564.13,1549.28,10.08,0.65,2533.15,1574.78,1553.45,1532.13,51.97,49.05,57.8,2,1723.06,1381.55
2021-06-11,1560.53,1552.73,1560.53,1549.5,-4.52,-0.29,3413.09,1574.81,1553.5,1532.18,56.67,51.59,66.83,2,1721.61,1380.39
2021-06-15,1547.61,1531.43,1550.26,1528.92,-21.3,-1.37,2764.35,1574.82,1551.92,1529.03,40.15,47.78,24.91,2,1718.19,1377.65
2021-06-16,1528.91,1523.11,1537.36,1521.69,-8.32,-0.54,2419.8,1575.41,1549.93,1524.44,27.88,41.15,1.36,2,1713.95,1374.25
2021-06-17,1525.55,1524.25,1529.42,1520.95,1.14,0.07,2248.86,1576.38,1548.57,1520.76,21.14,34.48,-5.54,2,1711.02,1371.9
2021-06-18,1520.4,1525.73,1529.66,1514.72,1.48,0.1,2762.93,1577.16,1547.66,1518.16,21.52,30.16,4.24,2,1709.29,1370.51
2021-06-21,1519.92,1516.75,1522.71,1511.95,-8.99,-0.59,2200.98,1578.82,1546.61,1514.4,17.41,25.91,0.42,2,1706.38,1368.18
2021-06-22,1519.86,1527.92,1530.63,1518.36,11.18,0.74,2364.56,1579.06,1546.36,1513.67,21.81,24.54,16.34,2,1704.31,1366.52
2021-06-23,1527.62,1536.75,1543.64,1525.52,8.82,0.58,2465.82,1577.27,1545.11,1512.96,30.38,26.49,38.17,2,1703.08,1365.54
2021-06-24,1536.59,1540.27,1545.58,1532.93,3.52,0.23,2185.14,1573.66,1543.61,1513.56,39.69,30.89,57.28,2,1702.32,1364.92
2021-06-25,1543.8,1562.28,1564.07,1540.2,22.02,1.43,2739.86,1572.02,1543.21,1514.41,58.65,40.14,95.66,2,1702.88,1365.37
2021-06-28,1565.22,1564.64,1569.0,1559.83,2.36,0.15,2274.79,1571.78,1543.16,1514.53,69.88,50.06,109.54,2,1704.2,1366.43
2021-06-29,1561.78,1546.19,1561.93,1544.62,-18.45,-1.18,2155.73,1569.67,1542.35,1515.04,66.59,55.57,88.65,2,1705.84,1367.74
2021-06-30,1544.84,1554.41,1555.45,1544.8,8.21,0.53,1948.3,1568.52,1542.01,1515.5,69.21,60.11,87.39,2,1709.31,1370.53
2021-07-01,1558.74,1554.5,1564.67,1549.85,0.09,0.01,2227.87,1569.02,1542.2,1515.39,71.0,63.74,85.51,2,1712.67,1373.22
2021-07-02,1548.62,1535.1,1548.87,1532.36,-19.4,-1.25,2384.6,1568.89,1541.89,1514.9,58.35,61.95,51.16,2,1713.71,1374.05
2021-07-05,1534.24,1539.83,1539.83,1527.29,4.73,0.31,2746.06,1568.74,1541.73,1514.73,49.87,57.92,33.77,2,1716.27,1376.11
2021-07-06,1539.01,1549.46,1550.81,1536.88,9.63,0.63,2818.01,1569.02,1541.88,1514.74,50.97,55.6,41.69,2,1718.66,1378.03
2021-07-07,1540.41,1556.78,1559.38,1538.6,7.32,0.47,2816.61,1570.13,1542.33,1514.52,57.54,56.25,60.13,2,1720.88,1379.81
2021-07-08,1550.33,1536.1,1552.53,1533.24,-20.68,-1.33,3193.44,1569.61,1541.77,1513.94,45.4,52.63,30.94,2,1720.42,1379.44
2021-07-09,1530.43,1534.64,1536.96,1520.76,-1.47,-0.09,3082.06,1567.7,1540.64,1513.59,40.81,48.69,25.03,2,1717.35,1376.98
2021-07-12,1545.42,1542.2,1551.44,1538.03,7.56,0.49,3485.56,1566.62,1540.12,1513.62,43.48,46.95,36.53,2,1714.86,1374.98
2021-07-13,1542.06,1549.87,1552.54,1537.04,7.67,0.5,3277.23,1567.55,1541.04,1514.53,51.08,48.33,56.59,2,1715.27,1375.31
2021-07-14,1552.85,1528.24,1552.85,1527.18,-21.63,-1.4,3123.96,1567.2,1541.3,1515.39,40.51,45.72,30.09,2,1712.37,1372.98
2021-07-15,1526.68,1541.95,1542.94,1520.82,13.71,0.9,3030.6,1566.87,1542.18,1517.49,45.3,45.58,44.73,2,1710.97,1371.86
2021-07-16,1539.27,1536.83,1546.55,1535.3,-5.12,-0.33,2971.0,1566.4,1542.74,1519.07,44.07,45.08,42.05,2,1711.16,1372.02
2021-07-19,1534.67,1537.69,1539.19,1521.55,0.86,0.06,2981.45,1564.42,1543.78,1523.15,43.99,44.72,42.54,2,1710.93,1371.82
2021-07-20,1526.49,1534.75,1536.26,1519.13,-2.94,-0.19,2771.15,1563.91,1544.12,1524.34,44.77,44.73,44.84,2,1709.29,1370.52
2021-07-21,1533.94,1538.96,1543.02,1532.57,4.21,0.27,3336.94,1563.87,1544.23,1524.59,49.45,46.3,55.73,2,1707.32,1368.93
2021-07-22,1538.25,1548.81,1554.89,1538.14,9.85,0.64,3570.48,1564.31,1544.66,1525.01,60.63,51.08,79.73,2,1708.73,1370.06
2021-07-23,1552.01,1550.03,1558.71,1548.07,1.22,0.08,4061.48,1562.17,1544.05,1525.93,66.44,56.2,86.93,2,1710.44,1371.43
2021-07-26,1551.0,1522.18,1551.0,1507.71,-27.84,-1.8,4754.08,1559.84,1541.93,1524.01,53.75,55.39,50.49,2,1708.21,1369.65
2021-07-27,1527.12,1486.13,1531.39,1484.77,-36.06,-2.37,4936.27,1568.99,1538.92,1508.86,36.45,49.07,11.2,2,1701.14,1363.98
2021-07-28,1476.67,1480.83,1487.25,1462.56,-5.29,-0.36,4000.32,1573.67,1535.24,1496.81,30.63,42.93,6.05,2,1695.88,1359.76
2021-07-29,1496.66,1487.88,1498.15,1481.72,7.05,0.47,3376.63,1574.42,1531.91,1489.4,29.2,38.35,10.9,2,1689.87,1354.94
2021-07-30,1482.35,1493.66,1495.32,1474.39,5.78,0.39,3333.02,1575.45,1529.84,1484.23,30.25,35.65,19.44,2,1685.08,1351.1
2021-08-02,1492.47,1529.46,1531.03,1485.46,35.8,2.4,4281.3,1574.7,1529.32,1483.94,43.36,38.22,53.64,2,1684.17,1350.37
2021-08-03,1523.82,1536.38,1542.51,1521.85,6.92,0.45,4625.34,1573.24,1528.67,1484.1,54.5,43.65,76.2,2,1684.35,1350.51
2021-08-04,1531.91,1540.59,1541.77,1527.78,4.2,0.27,3442.03,1570.92,1527.86,1484.8,63.38,50.22,89.7,2,1684.53,1350.66
2021-08-05,1540.53,1537.55,1546.1,1530.82,-3.04,-0.2,3493.28,1571.05,1527.93,1484.81,70.52,56.99,97.58,2,1683.28,1349.66
2021-08-06,1532.74,1531.58,1532.74,1522.53,-5.97,-0.39,3229.24,1570.83,1527.78,1484.73,74.55,62.84,97.97,2,1681.23,1348.02
2021-08-09,1528.53,1555.08,1557.82,1527.75,23.5,1.53,3968.61,1572.68,1528.42,1484.16,82.08,69.25,107.72,2,1684.88,1350.94
2021-08-10,1552.93,1561.94,1561.94,1545.71,6.86,0.44,3281.01,1574.74,1529.03,1483.31,88.05,75.52,113.11,2,1693.3,1357.69
2021-08-11,1563.64,1568.88,1576.33,1562.99,6.94,0.44,3817.61,1579.96,1531.06,1482.16,89.6,80.21,108.37,2,1703.07,1365.53
2021-08-12,1565.52,1568.88,1573.31,1562.55,0.0,0.0,3399.24,1583.85,1532.4,1480.96,90.33,83.59,103.83,0,1712.06,1372.74
2021-08-13,1562.67,1560.97,1572.53,1554.15,-7.91,-0.5,3257.56,1586.52,1533.61,1480.7,84.16,83.78,84.92,0,1719.54,1378.73
2021-08-16,1560.6,1556.3,1568.49,1553.83,-4.66,-0.3,3480.69,1588.36,1534.54,1480.73,77.03,81.53,68.03,2,1722.51,1381.12
2021-08-17,1553.4,1541.86,1575.83,1536.15,-14.45,-0.93,4159.54,1588.81,1534.9,1480.99,63.33,75.46,39.06,2,1723.12,1381.6
2021-08-18,1540.83,1570.17,1570.78,1539.29,28.31,1.84,3938.11,1592.51,1536.46,1480.41,71.74,74.22,66.77,2,1726.41,1384.24
2021-08-19,1565.71,1557.57,1566.45,1550.32,-12.6,-0.8,3863.51,1593.46,1536.9,1480.33,68.28,72.24,60.37,2,1728.63,1386.02
2021-08-20,1550.37,1545.13,1551.71,1529.16,-12.44,-0.8,3595.37,1593.03,1536.65,1480.27,56.81,67.1,36.23,2,1730.13,1387.22
2021-08-23,1550.25,1563.58,1564.42,1550.25,18.45,1.19,3145.28,1595.86,1538.72,1481.58,62.2,65.46,55.66,2,1731.08,1387.98
2021-08-24,1565.4,1577.82,1582.67,1564.74,14.24,0.91,4196.48,1597.46,1543.31,1489.15,71.78,67.57,80.19,2,1732.84,1389.39
2021-08-25,1578.22,1596.34,1596.34,1573.5,18.52,1.17,4652.45,1599.89,1549.08,1498.27,81.18,72.11,99.34,2,1735.89,1391.84
2021-08-26,1595.51,1587.86,1600.85,1586.72,-8.48,-0.53,4856.94,1599.17,1554.08,1508.99,81.42,75.21,93.83,2,1737.99,1393.53
2021-08-27,1584.52,1601.78,1603.36,1583.26,13.92,0.88,4496.51,1600.0,1559.49,1518.97,86.9,79.11,102.49,2,1742.52,1397.16
2021-08-30,1606.23,1602.07,1609.14,1594.02,0.29,0.02,4987.37,1605.2,1563.12,1521.03,88.32,82.18,100.61,2,1747.6,1401.23
2021-08-31,1602.54,1638.24,1638.24,1600.1,36.17,2.26,5864.07,1619.72,1568.21,1516.7,92.21,85.52,105.59,2,1758.3,1409.81
2021-09-01,1645.18,1675.58,1685.26,1645.08,37.34,2.28,8688.44,1642.96,1574.96,1506.96,92.74,87.93,102.37,2,1770.0,1419.19
2021-09-02,1674.69,1713.7,1714.28,1674.19,38.12,2.27,6833.79,1672.56,1583.77,1494.98,95.04,90.3,104.53,0,1787.33,1433.09
2021-09-03,1723.17,1704.02,1729.53,1698.71,-9.67,-0.56,6033.18,1692.06,1592.39,1492.72,91.54,90.71,93.18,0,1804.97,1447.23
2021-09-06,1709.25,1725.24,1734.6,1706.37,21.22,1.24,5684.84,1714.46,1600.9,1487.34,92.42,91.28,94.7,0,1822.91,1461.62
2021-09-07,1720.4,1751.37,1753.41,1715.94,26.13,1.51,5639.89,1739.83,1610.37,1480.9,94.55,92.37,98.9,0,1842.18,1477.06
2021-09-08,1749.01,1751.82,1761.38,1739.58,0.45,0.03,5534.34,1761.23,1619.52,1477.8,94.58,93.11,97.52,0,1859.44,1490.9
2021-09-09,1746.47,1768.1,1769.38,1737.41,16.28,0.93,6639.76,1783.07,1629.48,1475.88,96.14,94.12,100.19,0,1879.44,1506.94
2021-09-10,1767.45,1768.82,1798.01,1766.54,0.72,0.04,7954.66,1801.43,1639.87,1478.3,92.51,93.58,90.37,0,1897.98,1521.81
2021-09-13,1763.45,1782.12,1785.76,1762.37,13.31,0.75,6578.92,1819.22,1651.16,1483.1,91.54,92.9,88.83,0,1917.97,1537.83
2021-09-14,1776.53,1725.31,1776.53,1721.04,-56.82,-3.19,6180.67,1823.48,1660.33,1497.18,74.79,86.87,50.64,2,1927.63,1545.58
2021-09-15,1717.45,1710.75,1724.11,1700.4,-14.56,-0.84,4265.82,1826.43,1667.36,1508.29,53.9,75.88,9.95,2,1931.54,1548.71
2021-09-16,1717.12,1682.69,1722.11,1681.72,-28.07,-1.64,4503.44,1824.55,1673.62,1522.68,36.21,62.66,-16.67,2,1928.1,1545.95
2021-09-17,1680.58,1696.65,1705.41,1670.36,13.96,0.83,4395.07,1820.32,1681.19,1542.07,31.01,52.11,-11.19,2,1927.28,1545.3
2021-09-22,1668.18,1722.42,1724.7,1666.45,25.77,1.52,4679.03,1818.28,1689.14,1559.99,34.85,46.36,11.85,2,1926.97,1545.04
2021-09-23,1734.93,1733.49,1754.4,1725.43,11.08,0.64,4961.54,1816.71,1696.92,1577.12,40.22,44.31,32.04,2,1924.98,1543.45
2021-09-24,1731.96,1700.97,1732.54,1698.26,-32.52,-1.88,4304.3,1812.7,1702.15,1591.6,35.56,41.39,23.89,2,1919.34,1538.93
2021-09-27,1704.07,1659.69,1710.68,1649.93,-41.28,-2.43,4957.82,1805.33,1705.74,1606.15,26.1,36.3,5.71,2,1907.3,1529.28
2021-09-28,1659.46,1672.55,1678.52,1659.46,12.86,0.77,3742.09,1798.31,1709.28,1620.25,23.36,31.98,6.1,2,1896.62,1520.71
2021-09-29,1658.13,1634.15,1659.46,1626.77,-38.4,-2.3,4143.68,1793.02,1710.88,1628.75,17.5,27.16,-1.81,2,1880.19,1507.54
2021-09-30,1637.48,1646.64,1649.16,1626.39,12.49,0.76,3289.06,1792.02,1711.3,1630.59,16.94,23.75,3.32,2,1871.46,1500.54
2021-10-08,1664.73,1647.11,1665.96,1633.91,0.47,0.03,3581.36,1794.0,1709.88,1625.76,16.69,21.4,7.27,2,1864.4,1494.88
2021-10-11,1652.5,1642.88,1656.41,1640.42,-4.23,-0.26,3385.75,1795.34,1706.34,1617.34,15.42,19.4,7.45,2,1859.98,1491.33
2021-10-12,1636.47,1613.29,1639.55,1597.47,-29.58,-1.8,3439.97,1799.63,1701.8,1603.98,13.64,17.48,5.95,2,1850.72,1483.91
2021-10-13,1609.29,1608.59,1612.4,1589.11,-4.71,-0.29,2547.28,1801.14,1695.97,1590.8,13.62,16.2,8.47,2,1838.09,1473.78
2021-10-14,1604.61,1605.89,1615.19,1602.07,-2.69,-0.17,2478.8,1797.59,1688.7,1579.8,13.68,15.36,10.33,1,1823.93,1462.43
2021-10-15,1603.57,1606.24,1611.89,1598.79,0.35,0.02,3101.65,1791.91,1681.42,1570.92,15.51,15.41,15.71,1,1813.41,1454.0
2021-10-18,1606.7,1618.01,1618.59,1603.63,11.76,0.73,3014.63,1780.15,1673.91,1567.68,22.87,17.9,32.83,2,1808.78,1450.29
2021-10-19,1613.55,1627.08,1629.79,1613.08,9.07,0.56,2820.98,1765.43,1666.83,1568.23,31.72,22.5,50.15,2,1803.74,1446.24
2021-10-20,1626.52,1632.6,1637.5,1624.14,5.53,0.34,2759.81,1743.46,1659.35,1575.24,40.01,28.34,63.35,2,1803.56,1446.1
2021-10-21,1637.31,1631.49,1642.49,1624.09,-1.11,-0.07,2954.51,1733.85,1654.66,1575.47,47.66,34.78,73.43,2,1801.88,1444.75
2021-10-22,1630.06,1624.52,1636.01,1622.89,-6.97,-0.43,3039.55,1726.17,1650.35,1574.52,53.89,41.15,79.36,2,1799.38,1442.74
2021-10-25,1618.23,1639.62,1640.23,1613.6,15.1,0.93,2673.03,1722.66,1648.19,1573.73,67.47,49.92,102.56,2,1799.01,1442.45
2021-10-26,1637.9,1636.04,1652.85,1630.14,-3.58,-0.22,2745.57,1716.35,1645.16,1573.98,67.95,55.93,91.98,2,1801.54,1444.48
2021-10-27,1634.03,1629.79,1637.52,1623.8,-6.25,-0.38,2850.81,1702.46,1640.53,1578.6,64.41,58.76,75.72,2,1803.89,1446.36
2021-10-28,1627.97,1614.02,1630.86,1608.22,-15.77,-0.97,2984.5,1680.44,1634.56,1588.68,49.98,55.83,38.27,2,1804.79,1447.09
2021-10-29,1614.57,1626.23,1626.23,1595.18,12.21,0.76,3089.37,1665.19,1630.82,1596.46,51.27,54.31,45.18,2,1807.01,1448.87
2021-11-01,1617.98,1608.54,1617.98,1601.92,-17.68,-1.09,3477.59,1661.24,1628.26,1595.29,41.9,50.17,25.35,2,1805.96,1448.02
2021-11-02,1607.35,1582.64,1611.59,1567.86,-25.91,-1.61,4115.72,1655.87,1623.77,1591.67,33.73,44.69,11.81,2,1801.03,1444.07
2021-11-03,1580.21,1588.11,1592.57,1576.41,5.47,0.34,2655.24,1656.71,1621.47,1586.22,30.43,39.94,11.41,2,1796.09,1440.11
2021-11-04,1592.19,1592.89,1596.57,1585.73,4.78,0.3,2575.5,1654.13,1618.78,1583.43,30.1,36.66,16.99,2,1791.81,1436.67
2021-11-05,1590.41,1569.12,1590.41,1568.24,-23.78,-1.49,2938.19,1653.89,1614.88,1575.87,20.56,31.29,-0.9,2,1785.66,1431.74
2021-11-08,1570.73,1572.85,1577.14,1565.11,3.73,0.24,2499.28,1652.23,1611.38,1570.52,17.27,26.62,-1.42,1,1778.25,1425.8
2021-11-09,1577.31,1575.41,1582.85,1567.72,2.56,0.16,2262.48,1653.22,1609.48,1565.75,16.74,23.32,3.56,1,1771.52,1420.4
2021-11-10,1570.02,1562.49,1570.02,1541.48,-12.92,-0.82,2816.13,1655.48,1607.18,1558.88,19.42,22.02,14.22,1,1764.05,1414.41
2021-11-11,1559.03,1581.1,1582.66,1557.59,18.61,1.19,3291.66,1655.56,1605.94,1556.31,30.21,24.75,41.13,2,1760.39,1411.48
2021-11-12,1583.12,1582.3,1587.66,1577.84,1.2,0.08,2542.38,1655.42,1604.74,1554.06,39.55,29.68,59.28,2,1755.51,1407.58
2021-11-15,1585.03,1577.96,1589.15,1570.97,-4.33,-0.27,2363.25,1654.32,1602.74,1551.16,48.44,35.94,73.44,2,1752.12,1404.85
2021-11-16,1578.35,1563.68,1582.01,1561.6,-14.28,-0.9,2369.7,1652.55,1599.57,1546.59,45.72,39.2,58.78,2,1750.02,1403.17
2021-11-17,1564.18,1569.66,1570.9,1556.7,5.98,0.38,1937.33,1648.66,1596.42,1544.19,49.68,42.69,63.66,2,1747.97,1401.52
2021-11-18,1567.65,1565.05,1573.94,1560.7,-4.6,-0.29,1963.52,1644.44,1593.1,1541.77,49.6,45.0,58.81,2,1744.88,1399.05
2021-11-19,1564.7,1587.15,1587.58,1560.94,22.1,1.41,2519.83,1640.54,1591.23,1541.93,65.0,51.66,91.68,2,1746.88,1400.65
2021-11-22,1588.64,1584.28,1590.27,1581.27,-2.87,-0.18,2594.02,1632.53,1588.47,1544.4,72.58,58.64,100.46,2,1748.15,1401.67
2021-11-23,1583.78,1593.4,1595.73,1580.93,9.11,0.57,2864.59,1624.75,1586.33,1547.92,79.73,65.67,107.85,2,1750.14,1403.27
2021-11-24,1592.19,1589.44,1592.94,1579.38,-3.95,-0.25,2312.52,1617.23,1584.32,1551.4,81.11,70.82,101.71,2,1753.14,1405.67
2021-11-25,1589.76,1597.25,1600.91,1589.18,7.81,0.49,2384.6,1614.1,1583.48,1552.85,84.65,75.43,103.09,2,1754.93,1407.11
2021-11-26,1590.5,1579.32,1590.71,1578.72,-17.93,-1.12,2226.39,1604.66,1581.13,1557.6,73.49,74.78,70.9,2,1754.6,1406.84
2021-11-29,1558.43,1574.42,1576.71,1556.7,-4.9,-0.31,2866.74,1599.45,1579.43,1559.41,62.35,70.64,45.78,2,1754.21,1406.52
2021-11-30,1577.71,1580.43,1589.62,1571.88,6.02,0.38,3052.43,1599.29,1579.32,1559.34,59.46,66.91,44.56,2,1756.06,1408.02
2021-12-01,1578.04,1599.32,1599.32,1578.04,18.88,1.19,2653.89,1601.38,1579.88,1558.38,71.77,68.53,78.26,2,1759.36,1410.66
2021-12-02,1597.26,1609.9,1614.32,1594.58,10.59,0.66,3146.87,1605.34,1580.73,1556.11,78.63,71.9,92.08,2,1764.34,1414.65
2021-12-03,1612.94,1632.49,1632.49,1607.35,22.58,1.4,3181.94,1616.68,1583.9,1551.11,85.75,76.51,104.22,2,1769.37,1418.68
2021-12-06,1637.91,1631.76,1651.26,1629.71,-0.72,-0.04,3821.75,1625.23,1586.84,1548.45,83.63,78.89,93.11,2,1774.64,1422.91
2021-12-07,1644.15,1652.95,1654.07,1636.56,21.19,1.3,4077.42,1638.27,1590.72,1543.16,88.7,82.16,101.79,2,1781.25,1428.21
2021-12-08,1653.7,1666.99,1667.97,1645.49,14.04,0.85,3285.54,1652.12,1595.94,1539.76,92.17,85.5,105.53,2,1789.86,1435.11
2021-12-09,1667.75,1677.25,1686.24,1665.77,10.26,0.62,3430.56,1666.64,1600.75,1534.86,92.47,87.82,101.77,2,1798.74,1442.23
2021-12-10,1668.43,1658.42,1673.83,1653.51,-18.82,-1.12,3386.02,1674.42,1604.56,1534.69,86.87,87.5,85.6,2,1807.52,1449.27
2021-12-13,1670.43,1680.31,1695.74,1670.43,21.88,1.32,4229.13,1685.72,1609.67,1533.63,86.88,87.29,86.04,0,1819.27,1458.69
2021-12-14,1672.43,1661.95,1672.43,1657.95,-18.36,-1.09,3399.69,1690.81,1614.59,1538.37,80.12,84.9,70.55,2,1828.32,1465.95
2021-12-15,1658.73,1667.78,1683.22,1658.05,5.83,0.35,2806.83,1696.15,1619.49,1542.84,76.2,82.0,64.6,2,1835.92,1472.04
2021-12-16,1669.76,1686.85,1686.87,1668.56,19.08,1.14,2636.13,1703.31,1625.58,1547.85,79.65,81.22,76.5,2,1844.46,1478.89
2021-12-17,1687.07,1672.94,1699.98,1672.94,-13.91,-0.82,2933.26,1708.11,1629.87,1551.63,72.22,78.22,60.22,2,1848.95,1482.49
2021-12-20,1666.86,1655.69,1679.82,1652.37,-17.25,-1.03,2890.08,1709.52,1633.44,1557.36,54.39,70.27,22.61,2,1851.61,1484.62
2021-12-21,1654.7,1679.63,1681.69,1654.46,23.94,1.44,2676.97,1714.04,1637.75,1561.47,55.34,65.3,35.43,2,1854.57,1487.0
2021-12-22,1683.27,1674.11,1683.27,1667.45,-5.52,-0.33,2385.8,1716.46,1641.99,1567.52,52.12,60.9,34.54,2,1855.36,1487.63
2021-12-23,1674.53,1694.46,1694.61,1671.85,20.35,1.21,2305.11,1721.69,1646.85,1572.01,64.21,62.01,68.63,2,1857.27,1489.16
2021-12-24,1694.55,1685.37,1698.23,1680.81,-9.09,-0.54,2337.36,1721.96,1652.15,1582.34,65.91,63.31,71.12,2,1860.26,1491.56
2021-12-27,1683.77,1681.92,1702.3,1673.98,-3.45,-0.2,2221.96,1718.57,1657.53,1596.48,63.67,63.43,64.15,2,1860.44,1491.7
2021-12-28,1683.59,1681.4,1685.1,1669.26,-0.52,-0.03,2427.86,1713.07,1662.57,1612.08,61.83,62.89,59.69,2,1862.6,1493.43
2021-12-29,1680.78,1663.44,1681.04,1661.0,-17.96,-1.07,2207.46,1707.12,1665.78,1624.44,48.61,58.13,29.56,2,1862.11,1493.05
2021-12-30,1663.5,1674.58,1680.46,1661.08,11.14,0.67,2162.41,1701.54,1669.01,1636.49,47.23,54.5,32.7,2,1860.75,1491.96
2021-12-31,1678.91,1683.56,1687.63,1677.2,8.98,0.54,2140.34,1699.98,1671.57,1643.15,51.76,53.59,48.12,2,1861.93,1492.9
2022-01-04,1688.04,1679.51,1689.84,1670.1,-4.05,-0.24,2840.76,1695.87,1673.96,1652.04,49.45,52.21,43.93,2,1864.58,1495.02
2022-01-05,1674.74,1667.29,1683.03,1661.01,-12.22,-0.73,3418.02,1694.64,1674.67,1654.7,38.04,47.49,19.16,2,1863.21,1493.92
2022-01-06,1657.92,1667.87,1674.39,1656.72,0.57,0.03,3376.41,1694.62,1674.72,1654.81,33.52,42.83,14.89,2,1862.51,1493.37
2022-01-07,1667.36,1678.0,1689.88,1667.36,10.13,0.61,4138.07,1694.68,1674.75,1654.82,37.91,41.19,31.34,2,1860.69,1491.9
2022-01-10,1677.84,1682.53,1683.74,1665.9,4.54,0.27,3215.36,1694.67,1675.96,1657.25,51.22,44.53,64.59,2,1860.37,1491.65
2022-01-11,1681.0,1670.66,1693.39,1667.73,-11.88,-0.7,3116.51,1694.21,1675.48,1656.74,46.82,45.29,49.86,2,1859.12,1490.65
2022-01-12,1677.43,1675.19,1678.98,1661.49,4.53,0.27,2917.11,1693.82,1676.14,1658.46,48.0,46.19,51.61,2,1858.43,1490.09
2022-01-13,1675.46,1655.37,1680.24,1653.98,-19.82,-1.18,2773.71,1695.1,1675.52,1655.94,33.18,41.86,15.82,2,1857.54,1489.38
2022-01-14,1650.3,1631.95,1650.39,1630.15,-23.41,-1.41,3095.65,1699.37,1672.77,1646.18,23.07,35.59,-1.99,2,1852.8,1485.58
2022-01-17,1630.98,1635.09,1639.19,1630.11,3.14,0.19,2243.39,1702.14,1670.88,1639.63,18.0,29.73,-5.45,2,1847.42,1481.27
2022-01-18,1634.45,1668.21,1671.08,1629.28,33.12,2.03,3665.12,1702.01,1671.51,1641.0,32.24,30.57,35.59,2,1846.17,1480.26
2022-01-19,1664.65,1672.86,1680.88,1664.65,4.65,0.28,3382.71,1701.46,1671.17,1640.88,44.15,35.1,62.27,2,1846.79,1480.76
2022-01-20,1673.21,1685.27,1694.58,1667.03,12.41,0.74,3715.47,1702.62,1671.73,1640.84,58.02,42.74,88.58,2,1848.72,1482.31
2022-01-21,1687.24,1667.48,1688.44,1664.86,-17.79,-1.06,2992.09,1699.48,1670.38,1641.27,58.18,47.88,78.77,2,1847.55,1481.37
2022-01-24,1659.6,1667.52,1675.54,1654.81,0.05,0.0,2674.86,1697.78,1669.49,1641.19,58.31,51.36,72.2,2,1845.89,1480.03
2022-01-25,1657.83,1620.38,1661.17,1619.95,-47.14,-2.83,2851.8,1701.25,1666.41,1631.56,39.06,47.26,22.67,2,1840.3,1475.56
2022-01-26,1624.79,1633.73,1635.91,1615.73,13.35,0.82,2300.85,1700.9,1664.02,1627.15,33.65,42.72,15.51,2,1835.7,1471.87
2022-01-27,1628.9,1607.71,1634.56,1606.85,-26.03,-1.59,2617.41,1705.54,1661.24,1616.93,22.76,36.07,-3.86,2,1830.41,1467.63
2022-01-28,1614.96,1579.48,1619.03,1578.51,-28.23,-1.75,2832.69,1712.82,1656.48,1600.15,15.45,29.2,-12.04,2,1824.59,1462.96
2022-02-07,1602.27,1627.65,1629.26,1600.16,48.17,3.05,3177.43,1709.92,1653.69,1597.45,24.41,27.6,18.04,2,1823.76,1462.3
2022-02-08,1630.64,1657.3,1657.3,1623.43,29.65,1.82,3609.71,1707.59,1652.58,1597.56,38.9,31.37,53.97,2,1822.55,1461.32
2022-02-09,1655.12,1669.32,1672.87,1652.22,12.02,0.73,3221.53,1707.81,1652.68,1597.55,53.47,38.74,82.94,2,1822.16,1461.01
2022-02-10,1666.06,1682.2,1684.36,1660.3,12.88,0.77,3370.77,1709.66,1653.4,1597.13,68.3,48.59,107.72,2,1821.82,1460.74
2022-02-11,1677.64,1676.13,1699.07,1674.04,-6.07,-0.36,3509.2,1709.41,1653.3,1597.2,72.52,56.57,104.44,2,1822.78,1461.51
2022-02-14,1666.18,1641.61,1667.84,1634.65,-34.52,-2.06,3176.99,1705.91,1651.26,1596.6,65.8,59.64,78.1,2,1819.9,1459.2
2022-02-15,1640.32,1637.65,1643.54,1626.86,-3.96,-0.24,2393.48,1703.81,1649.61,1595.4,60.22,59.83,60.98,2,1821.82,1460.74
2022-02-16,1645.42,1651.65,1660.25,1643.47,13.99,0.85,2487.66,1701.37,1648.43,1595.49,60.37,60.01,61.07,2,1823.81,1462.33
2022-02-17,1650.29,1647.14,1652.52,1640.86,-4.5,-0.27,2240.89,1700.86,1648.02,1595.17,56.08,58.7,50.83,2,1828.18,1465.84
2022-02-18,1639.96,1666.91,1667.28,1636.23,19.77,1.2,2561.03,1702.68,1649.76,1596.85,56.55,57.98,53.67,2,1837.89,1473.62
2022-02-21,1662.93,1660.36,1662.93,1650.34,-6.56,-0.39,2327.42,1703.69,1651.03,1598.37,53.16,56.37,46.73,2,1841.52,1476.53
2022-02-22,1646.67,1639.16,1649.16,1629.47,-21.2,-1.28,2517.48,1701.86,1649.58,1597.29,41.12,51.29,20.78,2,1839.51,1474.92
2022-02-23,1639.07,1642.66,1644.44,1630.75,3.5,0.21,2577.68,1699.31,1648.07,1596.82,34.71,45.76,12.59,2,1836.55,1472.55
2022-02-24,1633.88,1611.12,1641.08,1598.45,-31.54,-1.92,3490.16,1695.02,1644.36,1593.69,29.22,40.25,7.17,2,1828.66,1466.22
2022-02-25,1619.82,1618.61,1633.05,1610.77,7.49,0.46,2900.15,1692.6,1641.91,1591.23,29.25,36.58,14.57,2,1822.27,1461.1
2022-02-28,1615.7,1625.09,1625.27,1604.7,6.48,0.4,2952.31,1689.56,1639.79,1590.03,32.4,35.19,26.82,2,1820.44,1459.63
2022-03-01,1630.48,1641.48,1642.54,1627.61,16.4,1.01,2548.15,1689.81,1640.85,1591.89,42.44,37.6,52.11,2,1820.86,1459.97
2022-03-02,1633.9,1642.34,1644.32,1632.76,0.85,0.05,2323.52,1690.13,1641.28,1592.43,49.55,41.58,65.47,2,1819.83,1459.14
2022-03-03,1649.54,1658.24,1666.99,1649.54,15.91,0.97,3619.65,1690.64,1643.81,1596.97,62.11,48.43,89.48,2,1821.06,1460.13
2022-03-04,1648.88,1644.1,1656.01,1636.63,-14.15,-0.85,2863.32,1683.42,1647.04,1610.65,63.61,53.49,83.85,2,1818.53,1458.1
2022-03-07,1641.39,1614.39,1642.5,1608.69,-29.7,-1.81,3926.88,1684.59,1646.37,1608.16,50.16,52.38,45.72,2,1813.43,1454.01
2022-03-08,1613.08,1573.09,1618.86,1569.47,-41.3,-2.56,4312.95,1691.55,1642.16,1592.77,34.68,46.48,11.07,2,1806.09,1448.13
2022-03-09,1574.55,1550.11,1582.87,1495.52,-22.98,-1.46,4528.3,1698.21,1636.2,1574.2,33.73,42.23,16.73,2,1795.82,1439.89
2022-03-10,1572.69,1562.46,1578.58,1556.03,12.35,0.8,3285.67,1696.29,1630.22,1564.14,35.5,39.98,26.53,2,1790.42,1435.56
2022-03-11,1542.86,1566.72,1570.81,1523.62,4.26,0.27,3368.95,1692.79,1624.74,1556.7,37.51,39.16,34.2,2,1784.66,1430.94
2022-03-14,1545.29,1531.67,1569.85,1531.67,-35.05,-2.24,2763.88,1697.9,1619.25,1540.6,32.03,36.78,22.53,2,1774.29,1422.63
2022-03-15,1518.34,1441.75,1518.34,1441.75,-89.92,-5.87,4351.22,1719.16,1609.45,1499.75,21.35,31.64,0.78,2,1752.12,1404.85
2022-03-16,1465.67,1500.5,1506.54,1432.44,58.75,4.07,4176.8,1719.47,1601.9,1484.32,24.38,29.22,14.71,2,1736.38,1392.23
2022-03-17,1521.95,1512.55,1532.79,1503.0,12.05,0.8,3789.55,1716.95,1595.17,1473.38,28.97,29.14,28.63,1,1720.2,1379.26
2022-03-18,1507.68,1538.83,1544.1,1502.29,26.28,1.74,3444.34,1708.23,1588.76,1469.3,38.34,32.2,50.6,2,1708.52,1369.89
2022-03-21,1537.15,1534.43,1537.15,1516.02,-4.4,-0.29,2678.15,1699.42,1582.47,1465.51,48.16,37.52,69.43,2,1699.64,1362.78
2022-03-22,1529.24,1546.29,1553.42,1526.64,11.86,0.77,2654.59,1692.76,1577.82,1462.88,58.07,44.37,85.47,2,1696.67,1360.39
2022-03-23,1545.97,1540.01,1545.97,1529.09,-6.28,-0.4,2778.53,1684.72,1572.69,1460.66,64.63,51.12,91.64,2,1695.55,1359.49
2022-03-24,1532.55,1537.79,1545.39,1530.06,-2.22,-0.14,2401.88,1680.58,1569.02,1457.46,68.64,56.96,92.0,2,1692.81,1357.3
2022-03-25,1534.56,1515.73,1537.31,1513.99,-22.06,-1.43,2427.48,1675.3,1563.88,1452.45,68.71,60.88,84.37,2,1687.15,1352.76
2022-03-28,1502.15,1528.16,1530.15,1489.14,12.43,0.82,2599.72,1667.79,1559.03,1450.28,72.18,64.65,87.25,2,1686.76,1352.45
2022-03-29,1528.54,1526.84,1534.7,1519.63,-1.32,-0.09,2120.0,1655.98,1553.3,1450.62,67.67,65.65,71.7,2,1696.21,1360.02
2022-03-30,1531.07,1551.7,1552.96,1529.3,24.86,1.63,2810.71,1642.98,1548.77,1454.55,77.55,69.62,93.42,2,1701.89,1364.58
2022-03-31,1547.11,1544.87,1557.91,1541.67,-6.83,-0.44,2776.78,1622.81,1543.1,1463.39,78.72,72.65,90.84,2,1705.48,1367.45
2022-04-01,1536.09,1567.44,1567.55,1533.52,22.57,1.46,3125.01,1605.4,1539.27,1473.13,85.76,77.02,103.25,2,1708.65,1370.0
2022-04-06,1559.84,1579.46,1581.29,1554.61,12.02,0.77,4206.7,1597.15,1537.52,1477.89,89.85,81.3,106.95,2,1713.65,1374.01
2022-04-07,1571.16,1556.95,1580.38,1556.95,-22.52,-1.43,3122.04,1594.81,1536.71,1478.61,84.43,82.34,88.6,2,1714.83,1374.96
2022-04-08,1560.42,1579.06,1579.46,1549.79,22.12,1.42,3629.0,1598.91,1538.16,1477.42,88.81,84.5,97.44,2,1719.17,1378.43
2022-04-11,1575.76,1543.3,1575.76,1538.6,-35.77,-2.26,3435.35,1596.98,1537.2,1477.42,78.8,82.6,71.2,2,1719.78,1378.92
2022-04-12,1539.33,1560.73,1565.93,1531.24,17.43,1.13,3072.33,1596.14,1536.9,1477.66,74.75,79.98,64.29,2,1724.77,1382.93
2022-04-13,1553.32,1555.36,1576.69,1546.26,-5.37,-0.34,2786.33,1597.81,1538.09,1478.37,66.54,75.5,48.62,2,1727.79,1385.35
2022-04-14,1563.34,1577.94,1586.18,1562.68,22.58,1.45,2961.96,1587.82,1544.9,1501.97,72.7,74.57,68.95,2,1733.47,1389.9
2022-04-15,1570.26,1571.78,1583.45,1567.38,-6.16,-0.39,2779.09,1587.73,1548.46,1509.19,73.06,74.06,71.05,2,1735.69,1391.68
2022-04-18,1556.76,1549.02,1556.76,1543.13,-22.76,-1.45,2588.52,1585.93,1550.28,1514.63,59.49,69.21,40.07,2,1736.16,1392.05
2022-04-19,1548.38,1558.58,1562.59,1546.76,9.56,0.62,2487.38,1586.69,1551.27,1515.85,56.25,64.89,38.97,2,1735.17,1391.26
2022-04-20,1557.63,1527.34,1558.26,1523.09,-31.24,-2.0,2674.41,1587.14,1550.92,1514.7,39.75,56.51,6.22,2,1729.39,1386.63
2022-04-21,1522.26,1496.62,1528.89,1491.09,-30.72,-2.01,2593.58,1591.71,1548.43,1505.16,28.44,47.15,-8.99,2,1722.69,1381.26
2022-04-22,1486.58,1513.9,1518.84,1482.0,17.28,1.15,2405.63,1592.85,1547.13,1501.41,29.16,41.15,5.18,2,1715.46,1375.46
2022-04-25,1486.79,1448.17,1498.25,1448.17,-65.73,-4.34,3406.36,1605.5,1542.65,1479.79,19.44,33.92,-9.51,2,1704.9,1366.99
2022-04-26,1450.56,1436.1,1465.51,1432.24,-12.07,-0.83,3220.05,1616.21,1538.67,1461.12,13.8,27.21,-13.03,2,1691.06,1355.9
2022-04-27,1428.2,1462.85,1463.12,1427.91,26.75,1.86,3587.25,1619.65,1535.4,1451.15,16.69,23.7,2.65,2,1680.8,1347.66
2022-04-28,1458.24,1483.19,1483.19,1455.58,20.34,1.39,3276.01,1620.45,1533.22,1445.99,24.81,24.07,26.28,2,1670.28,1339.23
2022-04-29,1486.59,1510.71,1512.43,1474.07,27.52,1.86,3825.39,1618.49,1531.17,1443.84,37.03,28.39,54.31,2,1663.5,1333.8
2022-05-05,1511.13,1511.13,1519.51,1500.32,0.42,0.03,3188.27,1616.99,1529.48,1441.98,45.97,34.25,69.4,2,1659.29,1330.42
2022-05-06,1481.2,1468.57,1487.49,1464.05,-42.57,-2.82,2523.21,1614.05,1524.54,1435.02,44.07,37.52,57.16,2,1649.3,1322.41
2022-05-09,1458.07,1465.03,1472.42,1455.18,-3.53,-0.24,1769.03,1608.19,1518.82,1429.45,42.89,39.31,50.04,2,1642.39,1316.87
2022-05-10,1446.7,1476.98,1480.14,1436.34,11.94,0.81,2821.88,1604.16,1514.82,1425.47,46.45,41.69,55.96,2,1640.21,1315.12
2022-05-11,1476.12,1481.5,1498.95,1475.27,4.52,0.31,3130.5,1595.29,1509.94,1424.59,50.47,44.61,62.17,2,1636.61,1312.24
2022-05-12,1474.55,1476.41,1486.88,1464.3,-5.09,-0.34,2189.82,1591.69,1506.6,1421.5,51.29,46.84,60.2,2,1639.74,1314.75
2022-05-13,1481.67,1497.41,1497.41,1480.14,21.0,1.42,2403.12,1584.87,1503.43,1421.99,58.67,50.78,74.45,2,1646.55,1320.21
2022-05-16,1507.33,1491.72,1508.85,1485.04,-5.69,-0.38,2285.97,1578.22,1500.25,1422.28,61.31,54.29,75.34,2,1649.75,1322.78
2022-05-17,1490.31,1495.09,1495.09,1477.64,3.37,0.22,2074.66,1565.45,1496.11,1426.76,64.42,57.67,77.92,2,1651.08,1323.83
2022-05-18,1496.56,1489.89,1498.27,1481.31,-5.2,-0.35,2057.9,1552.05,1492.01,1431.97,67.56,60.97,80.76,2,1648.76,1321.98
2022-05-19,1470.9,1492.22,1492.22,1468.08,2.32,0.16,2262.03,1543.23,1489.17,1435.11,70.73,64.22,83.75,2,1646.67,1320.3
2022-05-20,1496.31,1521.64,1521.64,1496.31,29.42,1.97,2890.33,1533.75,1487.32,1440.89,80.49,69.64,102.17,2,1652.56,1325.02
2022-05-23,1522.33,1513.81,1523.12,1506.15,-7.83,-0.51,2475.85,1531.08,1486.65,1442.22,81.72,73.67,97.81,2,1657.97,1329.36
2022-05-24,1514.03,1482.56,1521.72,1482.56,-31.25,-2.06,2525.21,1530.16,1485.94,1441.72,64.82,70.72,53.03,2,1658.59,1329.86
2022-05-25,1482.47,1502.44,1502.82,1481.28,19.88,1.34,2087.8,1528.41,1485.37,1442.33,64.03,68.49,55.1,2,1660.91,1331.72
2022-05-26,1504.14,1515.5,1520.57,1491.66,13.07,0.87,2443.93,1530.11,1488.74,1447.36,71.4,69.46,75.29,2,1665.25,1335.2
2022-05-27,1519.49,1516.84,1526.18,1508.15,1.34,0.09,2261.35,1528.13,1492.77,1457.41,75.58,71.5,83.73,2,1667.41,1336.93
2022-05-30,1523.01,1515.68,1525.94,1508.33,-1.16,-0.08,2094.22,1529.3,1495.42,1461.53,77.69,73.56,85.95,2,1670.07,1339.06
2022-05-31,1517.43,1520.52,1522.78,1511.87,4.85,0.32,2634.68,1532.36,1497.28,1462.2,81.88,76.34,92.97,2,1672.89,1341.33
2022-06-01,1518.24,1521.37,1525.08,1511.12,0.85,0.06,2231.19,1534.0,1497.82,1461.63,84.35,79.01,95.04,2,1676.39,1344.13
2022-06-02,1517.19,1516.01,1518.5,1509.95,-5.36,-0.35,2082.42,1534.66,1498.06,1461.46,82.02,80.01,86.03,2,1679.03,1346.25
2022-06-06,1514.61,1522.05,1522.08,1502.73,6.04,0.4,3474.18,1536.12,1500.73,1465.34,84.95,81.66,91.52,2,1679.07,1346.28
2022-06-07,1520.16,1526.39,1531.05,1516.1,4.33,0.28,3245.32,1536.84,1503.8,1470.76,86.84,83.38,93.76,2,1680.47,1347.4
2022-06-08,1531.06,1540.71,1540.79,1515.12,14.33,0.94,3319.7,1541.33,1506.99,1472.65,91.17,85.98,101.56,2,1686.92,1352.58
2022-06-09,1537.32,1536.32,1552.0,1529.7,-4.4,-0.29,3841.06,1544.25,1509.73,1475.21,83.51,85.16,80.21,2,1690.68,1355.59
2022-06-10,1525.41,1549.2,1552.07,1521.63,12.88,0.84,3843.8,1548.41,1513.37,1478.32,87.07,85.79,89.61,2,1694.42,1358.59
2022-06-13,1536.54,1527.89,1541.1,1516.59,-21.31,-1.38,3872.28,1549.68,1514.89,1480.11,75.04,82.21,60.71,2,1695.65,1359.58
2022-06-14,1513.51,1551.38,1552.25,1506.43,23.49,1.54,3393.14,1554.39,1517.88,1481.36,82.78,82.4,83.53,2,1699.61,1362.75
2022-06-15,1550.75,1571.12,1596.39,1550.32,19.74,1.27,5323.44,1563.37,1521.68,1479.98,79.52,81.44,75.69,2,1705.23,1367.26
2022-06-16,1569.6,1543.88,1577.6,1542.01,-27.24,-1.73,3371.09,1564.45,1524.38,1484.3,67.66,76.85,49.29,2,1707.73,1369.26
2022-06-17,1534.25,1554.84,1557.45,1531.45,10.96,0.71,3104.65,1566.82,1527.51,1488.19,63.04,72.25,44.64,2,1712.04,1372.72
2022-06-20,1554.08,1547.1,1556.57,1540.42,-7.74,-0.5,3519.35,1568.89,1528.78,1488.67,57.1,67.2,36.9,2,1714.82,1374.95
2022-06-21,1545.54,1548.08,1556.12,1534.84,0.98,0.06,3005.9,1570.83,1530.49,1490.16,53.5,62.63,35.23,2,1717.23,1376.88
2022-06-22,1549.81,1534.19,1552.84,1533.51,-13.89,-0.9,3280.03,1566.89,1533.08,1499.26,45.95,57.07,23.71,2,1716.5,1376.3
2022-06-23,1532.56,1552.26,1552.37,1528.43,18.08,1.18,3431.7,1567.26,1535.57,1503.87,47.62,53.92,35.01,2,1718.27,1377.71
2022-06-24,1551.61,1553.29,1557.14,1543.08,1.03,0.07,3106.58,1568.64,1537.46,1506.27,49.11,52.32,42.69,2,1718.73,1378.08
2022-06-27,1556.61,1564.8,1571.74,1555.95,11.51,0.74,3259.55,1571.7,1539.85,1508.01,50.58,51.74,48.26,2,1722.82,1381.36
2022-06-28,1564.43,1578.5,1580.91,1557.76,13.7,0.88,3111.31,1577.0,1543.0,1508.99,65.52,56.33,83.9,2,1725.83,1383.78
2022-06-29,1572.57,1566.81,1585.22,1565.37,-11.69,-0.74,3579.17,1579.18,1545.31,1511.44,66.21,59.62,79.38,2,1725.36,1383.39
2022-06-30,1564.65,1576.7,1586.29,1564.16,9.88,0.63,2862.99,1582.71,1548.08,1513.45,71.95,63.73,88.38,2,1729.0,1386.31
2022-07-01,1579.72,1580.81,1588.61,1574.87,4.12,0.26,2923.75,1585.46,1551.32,1517.17,76.98,68.15,94.64,2,1731.88,1388.63
2022-07-04,1579.73,1583.67,1583.67,1572.28,2.85,0.18,2703.95,1588.54,1554.4,1520.25,81.92,72.74,100.27,2,1735.94,1391.88
2022-07-05,1585.02,1589.08,1592.61,1574.93,5.41,0.34,3231.23,1592.32,1557.53,1522.74,86.11,77.19,103.94,2,1740.49,1395.53
2022-07-06,1581.56,1552.3,1581.56,1541.56,-36.78,-2.31,3246.64,1592.14,1558.11,1524.08,64.42,72.94,47.39,2,1742.5,1397.14
2022-07-07,1550.65,1556.68,1561.14,1543.47,4.38,0.28,2684.29,1591.68,1559.13,1526.58,52.82,66.23,26.0,2,1742.99,1397.53
2022-07-08,1563.59,1556.96,1568.11,1555.79,0.28,0.02,2652.46,1591.76,1559.52,1527.27,45.27,59.24,17.32,2,1743.4,1397.86
2022-07-11,1555.41,1541.54,1555.41,1536.91,-15.42,-0.99,3230.47,1590.24,1560.2,1530.16,32.95,50.48,-2.11,2,1740.82,1395.79
2022-07-12,1539.23,1541.1,1554.41,1538.0,-0.44,-0.03,3174.92,1590.65,1559.69,1528.72,24.47,41.81,-10.2,2,1736.67,1392.46
2022-07-13,1543.98,1542.72,1549.19,1537.11,1.62,0.1,3321.4,1589.61,1558.27,1526.92,19.79,34.47,-9.56,2,1733.99,1390.32
2022-07-14,1537.76,1526.72,1537.98,1522.76,-16.0,-1.04,3823.52,1591.13,1557.41,1523.69,15.09,28.01,-10.76,2,1728.45,1385.87
2022-07-15,1520.01,1491.86,1525.64,1491.81,-34.85,-2.28,3605.97,1598.48,1554.26,1510.04,10.07,22.03,-13.84,2,1718.57,1377.95
2022-07-18,1493.85,1526.2,1526.2,1493.85,34.34,2.3,2637.8,1599.02,1553.21,1507.41,19.49,21.18,16.1,1,1712.19,1372.84
2022-07-19,1525.23,1525.31,1528.38,1513.8,-0.89,-0.06,2284.74,1599.44,1552.08,1504.71,27.63,23.33,36.22,1,1705.11,1367.16
2022-07-20,1529.51,1527.32,1532.15,1523.1,2.0,0.13,2017.87,1599.71,1551.73,1503.76,33.93,26.86,48.07,2,1702.34,1364.94
2022-07-21,1522.43,1506.56,1522.43,1506.48,-20.76,-1.36,2998.78,1601.3,1549.45,1497.59,30.35,28.03,35.0,2,1696.78,1360.48
2022-07-22,1506.41,1501.53,1512.01,1492.35,-5.03,-0.33,2647.14,1602.7,1546.86,1491.02,25.41,27.15,21.92,2,1690.63,1355.55
2022-07-25,1501.04,1495.47,1502.54,1493.34,-6.05,-0.4,1881.88,1602.84,1543.39,1483.95,19.07,24.46,8.28,2,1685.51,1351.45
2022-07-26,1499.03,1505.45,1509.73,1495.88,9.98,0.67,2003.52,1599.09,1539.74,1480.39,22.56,23.83,20.03,2,1681.55,1348.27
2022-07-27,1503.95,1501.71,1505.03,1495.94,-3.75,-0.25,1800.47,1596.67,1536.48,1476.3,23.22,23.62,22.41,2,1677.0,1344.62
2022-07-28,1507.2,1503.07,1513.58,1501.91,1.36,0.09,2097.74,1591.69,1532.8,1473.91,24.46,23.9,25.57,2,1674.38,1342.52
2022-07-29,1502.72,1487.8,1508.88,1484.99,-15.26,-1.01,2522.04,1585.82,1528.15,1470.49,18.29,22.03,10.81,2,1673.93,1342.16
2022-08-01,1485.96,1484.07,1487.86,1471.31,-3.73,-0.25,2267.3,1577.93,1523.17,1468.41,19.19,21.08,15.39,2,1669.25,1338.41
2022-08-02,1471.14,1447.45,1471.14,1432.68,-36.62,-2.47,2987.56,1571.55,1516.09,1460.63,18.28,20.15,14.53,2,1660.61,1331.48
2022-08-03,1447.83,1433.66,1460.2,1433.36,-13.79,-0.95,2244.04,1573.66,1510.16,1446.66,12.59,17.63,2.51,2,1650.21,1323.14
2022-08-04,1442.23,1446.6,1446.83,1434.61,12.93,0.9,1994.74,1570.12,1504.66,1439.19,14.13,16.46,9.46,2,1643.56,1317.81
2022-08-05,1450.8,1465.07,1465.86,1444.33,18.47,1.28,1943.45,1563.05,1500.06,1437.07,22.76,18.56,31.17,2,1639.51,1314.56
2022-08-08,1460.83,1465.86,1467.65,1459.08,0.79,0.05,1838.42,1557.92,1496.28,1434.63,28.85,21.99,42.56,2,1636.22,1311.93
2022-08-09,1466.05,1470.31,1471.28,1462.43,4.45,0.3,1763.8,1551.75,1492.74,1433.72,34.74,26.24,51.73,2,1632.32,1308.8
2022-08-10,1467.94,1459.13,1471.95,1453.35,-11.17,-0.76,1736.52,1544.59,1488.56,1432.53,34.73,29.07,46.05,2,1627.6,1305.01
2022-08-11,1466.11,1486.76,1487.19,1463.14,27.62,1.89,2132.14,1539.78,1486.56,1433.34,55.82,37.99,91.49,2,1625.78,1303.56
2022-08-12,1484.77,1493.94,1497.34,1482.75,7.18,0.48,2133.07,1539.94,1486.66,1433.39,68.79,48.26,109.87,2,1626.47,1304.1
2022-08-15,1489.36,1493.06,1498.46,1485.42,-0.88,-0.06,2166.71,1535.23,1485.01,1434.78,76.43,57.65,114.0,2,1627.46,1304.9
2022-08-16,1493.86,1489.58,1498.25,1487.72,-3.49,-0.23,1826.62,1530.01,1483.22,1436.43,79.65,64.98,108.99,2,1632.14,1308.65
2022-08-17,1492.4,1499.99,1501.23,1483.8,10.42,0.7,2155.38,1524.85,1481.85,1438.85,85.71,71.89,113.34,2,1639.5,1314.56
2022-08-18,1496.55,1485.57,1499.37,1485.24,-14.43,-0.96,1642.0,1522.34,1480.8,1439.27,79.57,74.45,89.81,2,1643.83,1318.03
2022-08-19,1483.18,1492.38,1499.57,1483.07,6.81,0.46,2044.59,1521.15,1480.35,1439.54,80.22,76.37,87.91,2,1646.86,1320.46
2022-08-22,1490.77,1505.23,1507.14,1490.38,12.85,0.86,2107.87,1522.58,1480.83,1439.09,85.63,79.46,97.97,2,1651.23,1323.96
2022-08-23,1501.97,1502.43,1508.38,1494.42,-2.79,-0.19,1842.7,1522.09,1480.68,1439.28,86.04,81.65,94.8,2,1654.8,1326.82
2022-08-24,1503.14,1477.46,1508.67,1476.21,-24.97,-1.66,2218.16,1519.75,1479.47,1439.19,58.64,73.98,27.96,2,1656.83,1328.45
2022-08-25,1482.96,1503.45,1504.4,1479.96,25.99,1.76,2275.79,1519.81,1479.49,1439.17,67.07,71.68,57.85,2,1658.68,1329.94
2022-08-26,1504.82,1496.66,1507.36,1494.13,-6.79,-0.45,1917.1,1520.8,1479.93,1439.06,65.71,69.69,57.76,2,1658.98,1330.18
2022-08-29,1481.87,1498.39,1498.39,1477.15,1.73,0.11,2230.08,1522.28,1480.65,1439.02,66.58,68.65,62.45,2,1659.58,1330.65
2022-08-30,1497.33,1496.89,1504.41,1487.23,-1.5,-0.1,2221.07,1522.37,1483.12,1443.87,65.63,67.64,61.59,2,1660.39,1331.3
2022-08-31,1495.34,1494.87,1508.36,1486.21,-2.02,-0.14,3029.49,1518.46,1486.18,1453.91,62.91,66.07,56.6,2,1659.82,1330.85
2022-09-01,1491.84,1488.83,1503.56,1487.08,-6.03,-0.4,2166.34,1514.97,1488.29,1461.61,54.9,62.35,40.01,2,1660.18,1331.14
2022-09-02,1489.68,1477.6,1490.71,1473.17,-11.24,-0.75,1944.09,1513.92,1488.92,1463.91,40.76,55.15,11.98,2,1658.54,1329.82
2022-09-05,1475.78,1490.93,1490.93,1470.13,13.33,0.9,1888.45,1512.83,1490.17,1467.51,45.16,51.82,31.85,2,1656.95,1328.55
2022-09-06,1494.38,1510.37,1511.18,1492.29,19.44,1.3,2348.63,1514.54,1492.18,1469.81,62.78,55.48,77.4,2,1657.83,1329.26
2022-09-07,1506.22,1510.21,1510.98,1500.32,-0.16,-0.01,1859.14,1512.64,1494.73,1476.82,74.4,61.78,99.64,2,1661.47,1332.17
2022-09-08,1509.71,1507.65,1515.16,1504.97,-2.56,-0.17,1849.31,1514.13,1495.77,1477.42,77.38,66.98,98.16,2,1661.94,1332.54
2022-09-09,1509.51,1526.29,1531.09,1508.0,18.64,1.24,2569.27,1520.02,1497.39,1474.76,82.29,72.09,102.71,2,1665.23,1335.18
2022-09-13,1528.11,1521.59,1533.44,1519.98,-4.71,-0.31,2234.22,1523.66,1498.82,1473.97,81.96,75.38,95.12,2,1667.8,1337.25
2022-09-14,1504.6,1503.22,1513.6,1499.07,-18.36,-1.21,1890.18,1524.04,1499.5,1474.96,72.06,74.27,67.64,2,1668.5,1337.81
2022-09-15,1509.08,1500.38,1516.22,1487.39,-2.84,-0.19,2867.11,1524.06,1499.52,1474.98,63.97,70.84,50.23,2,1669.11,1338.3
2022-09-16,1495.44,1455.27,1496.68,1455.27,-45.11,-3.01,2978.43,1528.76,1498.01,1467.25,42.64,61.44,5.06,2,1665.39,1335.31
2022-09-19,1452.32,1453.07,1461.06,1444.18,-2.2,-0.15,2117.42,1532.48,1496.04,1459.6,31.75,51.54,-7.84,2,1662.67,1333.13
2022-09-20,1457.77,1448.88,1459.6,1445.36,-4.19,-0.29,1897.82,1534.74,1493.22,1451.7,22.92,42.0,-15.24,2,1658.0,1329.39
2022-09-21,1446.24,1453.48,1459.24,1438.56,4.6,0.32,1755.95,1535.48,1490.77,1446.06,20.52,34.84,-8.12,2,1651.68,1324.32
2022-09-22,1444.76,1446.18,1451.97,1440.76,-7.3,-0.5,1602.0,1537.7,1489.21,1440.72,16.36,28.68,-8.29,2,1644.58,1318.62
2022-09-23,1445.63,1441.68,1457.82,1434.05,-4.5,-0.31,2032.29,1538.32,1486.12,1433.92,13.46,23.61,-6.82,2,1637.25,1312.75
2022-09-26,1433.09,1416.91,1443.95,1415.85,-24.78,-1.72,2270.95,1542.11,1482.13,1422.16,9.33,18.85,-9.71,1,1625.11,1303.02
2022-09-27,1418.27,1430.97,1431.58,1410.09,14.06,0.99,1807.04,1542.18,1478.76,1415.34,12.78,16.82,4.68,1,1615.05,1294.95
2022-09-28,1428.53,1410.29,1429.13,1410.29,-20.68,-1.44,1803.32,1543.85,1474.43,1405.01,8.6,14.08,-2.38,1,1604.74,1286.68
2022-09-29,1420.35,1403.99,1424.6,1397.26,-6.3,-0.45,1892.8,1545.03,1469.89,1394.75,9.25,12.47,2.8,1,1594.04,1278.1
2022-09-30,1405.69,1409.69,1419.45,1405.69,5.7,0.4,1776.19,1544.9,1465.93,1386.96,12.81,12.58,13.26,1,1588.98,1274.05
2022-10-10,1413.59,1400.34,1421.65,1398.66,-9.35,-0.66,2481.53,1545.79,1462.07,1378.35,10.2,11.79,7.01,1,1583.13,1269.35
2022-10-11,1403.44,1407.52,1411.68,1394.62,7.18,0.51,1968.77,1543.74,1457.9,1372.06,13.6,12.39,16.02,1,1578.54,1265.67
2022-10-12,1406.3,1423.83,1423.83,1388.39,16.31,1.16,2232.52,1537.09,1453.57,1370.06,26.08,16.96,44.34,2,1575.25,1263.03
2022-10-13,1415.55,1413.84,1420.75,1406.45,-9.99,-0.7,1862.79,1529.72,1448.75,1367.78,32.66,22.19,53.59,2,1571.66,1260.16
2022-10-14,1421.18,1428.91,1436.7,1419.99,15.07,1.06,2366.34,1521.49,1444.82,1368.14,49.73,31.37,86.45,2,1570.24,1259.02
2022-10-17,1424.29,1430.24,1432.59,1414.94,1.32,0.09,1832.06,1507.11,1440.01,1372.92,62.03,41.59,102.91,2,1571.72,1260.21
2022-10-18,1435.0,1428.56,1439.54,1425.28,-1.68,-0.12,1718.45,1491.14,1435.36,1379.59,67.53,50.24,102.12,2,1571.45,1259.99
2022-10-19,1428.64,1412.29,1434.01,1412.27,-16.27,-1.14,1700.77,1477.86,1430.82,1383.77,60.6,53.69,74.41,2,1571.67,1260.17
2022-10-20,1407.42,1408.49,1422.88,1403.27,-3.8,-0.27,1760.12,1461.73,1426.22,1390.71,53.5,53.62,53.24,2,1572.17,1260.57
2022-10-21,1412.69,1415.82,1426.55,1410.3,7.33,0.52,2056.81,1457.39,1424.25,1391.11,53.54,53.6,53.43,2,1572.85,1261.12
2022-10-24,1415.32,1383.64,1423.33,1380.97,-32.19,-2.27,2778.88,1455.62,1420.78,1385.94,37.21,48.14,15.37,2,1571.0,1259.63
2022-10-25,1382.59,1387.37,1398.4,1374.39,3.73,0.27,2161.92,1452.93,1417.7,1382.47,31.45,42.57,9.2,2,1568.76,1257.84
2022-10-26,1386.25,1391.74,1404.68,1386.25,4.37,0.32,2425.37,1447.51,1414.62,1381.72,29.84,38.33,12.87,2,1565.2,1254.98
2022-10-27,1394.0,1387.14,1401.97,1386.44,-4.6,-0.33,2503.32,1443.27,1411.66,1380.06,26.42,34.36,10.54,2,1562.24,1252.6
2022-10-28,1382.79,1358.26,1384.48,1355.02,-28.88,-2.08,2346.68,1443.81,1407.49,1371.17,18.89,29.2,-1.74,2,1554.39,1246.32
2022-10-31,1350.51,1337.36,1353.6,1333.78,-20.91,-1.54,2898.14,1450.65,1403.51,1356.38,13.78,24.06,-6.77,1,1544.08,1238.05
2022-11-01,1338.66,1372.21,1372.21,1336.78,34.86,2.61,3528.53,1447.83,1400.58,1353.33,23.0,23.71,21.58,1,1537.83,1233.03
2022-11-02,1365.5,1387.28,1389.41,1363.44,15.07,1.1,3191.17,1446.8,1399.43,1352.06,34.56,27.32,49.02,2,1535.05,1230.81
2022-11-03,1378.29,1378.45,1382.94,1371.57,-8.83,-0.64,2835.04,1446.33,1398.15,1349.97,39.66,31.44,56.12,2,1531.72,1228.14
2022-11-04,1376.18,1408.28,1413.98,1376.18,29.83,2.16,3338.14,1446.19,1398.08,1349.96,57.41,40.09,92.03,2,1530.88,1227.46
2022-11-07,1406.12,1415.26,1419.09,1403.14,6.98,0.5,2680.55,1447.52,1398.82,1350.13,70.11,50.1,110.13,2,1534.39,1230.28
2022-11-08,1414.6,1414.55,1416.19,1407.01,-0.71,-0.05,2176.07,1448.21,1399.18,1350.14,78.3,59.5,115.9,2,1537.41,1232.7
2022-11-09,1413.15,1408.51,1420.27,1408.2,-6.03,-0.43,1770.64,1446.35,1398.41,1350.47,81.0,66.67,109.67,2,1539.27,1234.19
2022-11-10,1402.08,1405.09,1409.8,1394.41,-3.43,-0.24,1875.07,1445.5,1397.97,1350.45,81.48,71.6,101.24,2,1541.26,1235.79
2022-11-11,1431.42,1441.1,1452.12,1420.36,36.02,2.56,4050.19,1447.96,1398.58,1349.21,84.47,75.89,101.62,2,1550.46,1243.16
2022-11-14,1449.68,1435.34,1458.62,1432.2,-5.77,-0.4,3517.4,1448.91,1398.84,1348.76,81.49,77.76,88.96,2,1561.33,1251.88
2022-11-15,1432.82,1450.16,1451.17,1430.26,14.82,1.03,2732.07,1453.33,1399.92,1346.51,84.42,79.98,93.31,2,1569.99,1258.82
2022-11-16,1449.43,1445.38,1454.21,1443.24,-4.79,-0.33,2271.78,1458.36,1401.57,1344.79,84.26,81.41,89.97,2,1576.44,1263.99
2022-11-17,1440.04,1444.06,1444.48,1430.54,-1.32,-0.09,1944.36,1463.04,1403.35,1343.66,81.95,81.59,82.67,2,1583.72,1269.83
2022-11-18,1444.18,1439.84,1451.66,1439.73,-4.21,-0.29,2348.55,1466.14,1404.55,1342.96,78.22,80.46,73.72,2,1587.22,1272.64
2022-11-21,1432.5,1429.92,1432.5,1420.81,-9.92,-0.69,1910.27,1468.61,1406.87,1345.12,70.58,77.17,57.4,2,1588.85,1273.94
2022-11-22,1428.86,1451.62,1463.79,1427.49,21.7,1.52,3942.71,1474.08,1410.08,1346.08,74.54,76.29,71.03,2,1592.96,1277.24
2022-11-23,1451.17,1464.27,1475.33,1450.45,12.65,0.87,4715.16,1481.26,1413.7,1346.15,76.32,76.3,76.35,2,1599.15,1282.2
2022-11-24,1466.52,1454.43,1469.91,1453.07,-9.84,-0.67,2832.83,1485.69,1417.07,1348.45,71.43,74.68,64.95,2,1604.63,1286.59
2022-11-25,1453.17,1478.46,1483.43,1451.85,24.03,1.65,4531.35,1491.1,1423.08,1355.06,78.31,75.89,83.15,2,1608.78,1289.92
2022-11-28,1457.34,1465.96,1468.94,1445.34,-12.5,-0.84,3555.53,1487.47,1429.51,1371.55,76.24,76.01,76.71,2,1612.18,1292.64
2022-11-29,1472.33,1499.64,1502.94,1471.42,33.68,2.3,4862.52,1495.24,1435.88,1376.52,82.82,78.28,91.91,2,1617.67,1297.05
2022-11-30,1493.12,1498.09,1506.21,1492.22,-1.55,-0.1,3850.36,1502.27,1441.42,1380.57,85.38,80.64,94.84,2,1623.52,1301.74
2022-12-01,1511.39,1497.59,1515.14,1497.22,-0.5,-0.03,4112.23,1505.68,1447.38,1389.08,84.05,81.78,88.59,2,1629.46,1306.5
2022-12-02,1492.98,1488.73,1496.02,1485.31,-8.86,-0.59,2911.39,1509.46,1451.4,1393.34,79.32,80.96,76.05,0,1634.89,1310.86
2022-12-05,1503.21,1536.97,1539.67,1503.21,48.24,3.24,5612.87,1524.01,1457.49,1390.96,85.26,82.39,91.0,0,1646.77,1320.38
2022-12-06,1528.21,1530.0,1539.21,1522.24,-6.97,-0.45,4165.58,1533.79,1463.26,1392.72,86.76,83.85,92.57,0,1655.47,1327.36
2022-12-07,1526.95,1517.12,1532.11,1510.26,-12.88,-0.84,3876.99,1538.24,1468.69,1399.13,83.2,83.63,82.34,0,1661.34,1332.06
2022-12-08,1515.21,1520.67,1524.2,1510.23,3.55,0.23,2882.77,1541.07,1474.47,1407.87,82.09,83.12,80.03,0,1668.69,1337.96
2022-12-09,1520.03,1526.45,1530.89,1511.37,5.78,0.38,3584.18,1547.15,1478.74,1410.32,81.6,82.61,79.58,2,1674.02,1342.23
2022-12-12,1518.28,1507.18,1522.07,1505.68,-19.27,-1.26,3360.01,1548.77,1482.33,1415.89,67.81,77.68,48.08,2,1678.59,1345.9
2022-12-13,1507.41,1508.63,1515.7,1505.19,1.45,0.1,2508.26,1550.91,1485.25,1419.59,59.51,71.62,35.28,2,1679.59,1346.7
2022-12-14,1506.5,1501.57,1509.49,1498.36,-7.06,-0.47,2703.69,1551.43,1488.06,1424.69,49.64,64.3,20.34,2,1679.98,1347.01
2022-12-15,1498.87,1489.6,1500.4,1486.32,-11.97,-0.8,2277.08,1550.4,1490.34,1430.27,35.14,54.58,-3.72,2,1679.09,1346.3
2022-12-16,1483.79,1504.63,1506.39,1483.79,15.03,1.01,2699.37,1549.23,1493.58,1437.93,35.96,48.37,11.15,2,1680.85,1347.71
2022-12-19,1501.06,1465.35,1502.37,1459.05,-39.28,-2.61,2885.98,1544.68,1495.35,1446.02,26.85,41.2,-1.85,2,1672.9,1341.34
2022-12-20,1461.15,1447.89,1467.03,1442.07,-17.46,-1.19,2113.77,1545.17,1495.16,1445.15,20.08,34.16,-8.07,2,1663.79,1334.03
2022-12-21,1450.82,1449.46,1457.09,1444.95,1.57,0.11,1476.91,1546.63,1494.42,1442.21,16.16,28.16,-7.83,1,1656.28,1328.01
2022-12-22,1459.37,1443.26,1463.64,1438.19,-6.2,-0.43,2011.97,1547.97,1493.86,1439.75,12.79,23.04,-7.71,1,1647.69,1321.12
2022-12-23,1436.11,1446.75,1452.49,1435.7,3.49,0.24,1830.59,1549.85,1492.28,1434.71,13.13,19.74,-0.08,1,1638.84,1314.02
2022-12-26,1445.96,1445.8,1448.53,1439.32,-0.95,-0.06,1856.38,1551.3,1491.27,1431.24,13.32,17.6,4.76,1,1632.03,1308.56
2022-12-27,1455.19,1458.53,1461.43,1450.69,12.73,0.88,2043.03,1550.76,1489.21,1427.67,19.64,18.28,22.37,2,1626.47,1304.1
2022-12-28,1455.03,1454.96,1462.62,1451.8,-3.56,-0.24,2302.78,1550.21,1487.06,1423.91,22.18,19.58,27.38,2,1621.29,1299.95
2022-12-29,1449.51,1445.48,1450.0,1438.55,-9.49,-0.65,1962.01,1549.9,1484.45,1419.0,19.67,19.61,19.8,2,1616.39,1296.03
2022-12-30,1450.67,1454.99,1459.52,1450.02,9.51,0.66,2025.97,1549.42,1482.76,1416.11,33.64,24.29,52.35,2,1610.88,1291.61
2023-01-03,1454.23,1470.0,1471.59,1444.73,15.02,1.03,2893.42,1541.41,1479.42,1417.43,54.28,34.29,94.28,2,1611.4,1292.02
2023-01-04,1471.34,1475.94,1480.13,1468.73,5.93,0.4,2926.7,1534.2,1476.71,1419.23,66.38,44.98,109.17,2,1614.51,1294.52
2023-01-05,1480.57,1487.04,1490.01,1479.97,11.11,0.75,2733.27,1529.89,1475.21,1420.53,75.76,55.24,116.8,2,1618.69,1297.86
2023-01-06,1485.66,1483.89,1490.41,1481.77,-3.15,-0.21,2384.39,1524.15,1473.37,1422.59,79.65,63.38,112.2,2,1623.2,1301.48
2023-01-09,1489.29,1491.25,1495.01,1485.8,7.36,0.5,2534.48,1517.07,1471.61,1426.15,84.21,70.32,111.99,2,1628.13,1305.44
2023-01-10,1490.21,1482.26,1491.84,1481.24,-8.99,-0.6,2293.08,1513.14,1470.36,1427.59,81.95,74.2,97.45,2,1632.18,1308.69
2023-01-11,1484.19,1485.24,1494.15,1482.0,2.99,0.2,2278.99,1508.89,1469.19,1429.5,82.2,76.87,92.86,2,1635.15,1311.06
2023-01-12,1486.95,1486.31,1488.78,1479.29,1.06,0.07,2182.14,1506.14,1468.43,1430.72,82.36,78.7,89.7,2,1638.63,1313.85
2023-01-13,1488.92,1499.36,1499.36,1486.43,13.05,0.88,2268.65,1507.94,1468.92,1429.9,88.24,81.88,100.97,2,1644.61,1318.65
2023-01-16,1499.65,1509.8,1522.59,1497.23,10.45,0.7,3433.68,1509.2,1469.18,1429.16,84.25,82.67,87.4,2,1650.69,1323.53
2023-01-17,1509.58,1507.63,1511.23,1500.82,-2.18,-0.14,2055.21,1514.61,1471.29,1427.97,77.98,81.11,71.73,2,1654.87,1326.88
2023-01-18,1507.7,1509.58,1513.65,1506.77,1.96,0.13,2111.48,1519.35,1474.38,1429.41,75.31,79.17,67.57,2,1658.6,1329.87
2023-01-19,1507.37,1514.91,1514.91,1500.06,5.33,0.35,2169.3,1524.38,1477.65,1430.92,77.62,78.66,75.56,2,1661.7,1332.35
2023-01-20,1516.68,1533.62,1534.6,1516.11,18.71,1.23,3334.36,1532.09,1482.17,1432.24,84.49,80.6,92.27,2,1667.22,1336.78
2023-01-30,1548.69,1524.5,1549.39,1523.51,-9.13,-0.6,3929.74,1536.45,1486.05,1435.66,77.83,79.68,74.13,2,1670.91,1339.74
2023-01-31,1523.63,1523.69,1531.98,1521.19,-0.8,-0.05,2825.57,1539.32,1489.95,1440.57,73.0,77.45,64.09,0,1675.51,1343.42
2023-02-01,1525.84,1539.84,1540.21,1521.15,16.14,1.06,3416.19,1545.71,1494.01,1442.32,76.94,77.28,76.26,0,1681.57,1348.28
2023-02-02,1541.08,1540.53,1542.96,1530.95,0.7,0.04,3033.61,1550.51,1498.29,1446.08,78.97,77.84,81.21,0,1687.58,1353.11
2023-02-03,1534.93,1525.54,1535.01,1514.88,-14.99,-0.97,2817.72,1549.76,1502.3,1454.83,69.86,75.18,59.22,0,1690.49,1355.44
2023-02-06,1516.23,1511.55,1519.92,1507.49,-13.99,-0.92,2592.74,1547.44,1505.12,1462.81,54.34,68.23,26.55,2,1690.68,1355.59
2023-02-07,1514.34,1523.28,1523.98,1511.56,11.73,0.77,2171.43,1547.56,1507.79,1468.02,51.92,62.79,30.16,2,1692.42,1356.99
2023-02-08,1523.8,1514.84,1526.28,1513.28,-8.44,-0.55,2157.97,1546.79,1509.73,1472.67,40.46,55.35,10.68,2,1693.01,1357.45
2023-02-09,1512.28,1525.02,1525.48,1511.13,10.18,0.67,2052.23,1547.73,1511.63,1475.54,40.92,50.54,21.68,2,1694.13,1358.35
2023-02-10,1523.57,1524.46,1528.07,1518.85,-0.56,-0.04,1954.44,1547.8,1513.66,1479.52,43.23,48.1,33.48,2,1693.11,1357.54
2023-02-13,1524.18,1537.2,1538.55,1521.82,12.74,0.83,3106.79,1549.94,1515.96,1481.98,56.74,50.98,68.25,2,1694.52,1358.67
2023-02-14,1538.22,1543.72,1544.69,1536.21,6.52,0.42,2299.67,1551.34,1519.03,1486.72,70.29,57.42,96.04,2,1696.74,1360.45
2023-02-15,1543.05,1537.41,1544.09,1534.21,-6.31,-0.41,2407.48,1550.9,1521.64,1492.38,73.67,62.83,95.34,2,1696.47,1360.24
2023-02-16,1537.03,1527.15,1554.23,1518.3,-10.26,-0.67,3481.32,1548.09,1523.68,1499.28,63.13,62.93,63.53,2,1694.99,1359.05
2023-02-17,1525.27,1514.59,1532.6,1514.45,-12.56,-0.82,2611.82,1546.61,1524.44,1502.27,44.77,56.88,20.54,2,1693.77,1358.07
2023-02-20,1518.53,1557.82,1558.31,1518.53,43.22,2.85,4147.19,1552.31,1526.84,1501.38,62.83,58.86,70.77,2,1698.91,1362.19
2023-02-21,1557.93,1568.82,1572.18,1555.81,11.0,0.71,3528.13,1559.73,1529.9,1500.08,73.39,63.7,92.75,2,1703.96,1366.24
2023-02-22,1562.38,1560.7,1568.98,1558.69,-8.12,-0.52,2277.64,1563.61,1532.46,1501.31,75.63,67.68,91.53,2,1709.05,1370.32
2023-02-23,1562.06,1556.51,1566.11,1550.65,-4.19,-0.27,2167.69,1566.28,1534.54,1502.8,74.7,70.02,84.07,2,1712.55,1373.13
2023-02-24,1555.61,1544.97,1556.47,1538.6,-11.53,-0.74,2292.66,1567.16,1535.11,1503.05,67.43,69.16,63.97,2,1714.83,1374.95
2023-02-27,1539.59,1544.26,1551.47,1538.38,-0.71,-0.05,2110.51,1568.0,1536.1,1504.19,62.16,66.82,52.84,2,1715.61,1375.58
2023-02-28,1548.37,1559.21,1561.15,1542.14,14.95,0.97,2668.28,1570.76,1537.87,1504.99,67.29,66.98,67.9,2,1717.33,1376.96
2023-03-01,1559.6,1586.72,1586.9,1557.47,27.5,1.76,4629.31,1579.41,1540.22,1501.02,78.11,70.69,92.95,2,1722.8,1381.35
2023-03-02,1586.51,1599.37,1606.45,1584.97,12.65,0.8,4725.46,1590.07,1543.16,1496.24,82.72,74.7,98.76,2,1730.82,1387.77
2023-03-03,1600.36,1617.16,1620.22,1595.92,17.79,1.11,5292.68,1603.87,1547.74,1491.61,87.23,78.88,103.95,2,1742.2,1396.9
2023-03-06,1618.66,1606.9,1621.33,1603.67,-10.26,-0.63,4668.71,1611.65,1552.51,1493.37,85.69,81.15,94.78,2,1747.65,1401.27
2023-03-07,1605.98,1597.16,1630.96,1595.84,-9.74,-0.6,5801.8,1616.79,1556.2,1495.61,78.29,80.2,74.48,2,1750.8,1403.79
2023-03-08,1588.01,1595.08,1595.29,1582.46,-2.08,-0.13,3282.96,1619.93,1560.21,1500.49,72.61,77.67,62.49,2,1754.61,1406.85
2023-03-09,1595.73,1587.57,1596.08,1579.15,-7.51,-0.47,3493.79,1621.9,1563.34,1504.78,66.12,73.82,50.72,2,1758.06,1409.62
2023-03-10,1577.2,1559.79,1580.42,1559.51,-27.78,-1.75,3409.48,1620.94,1565.11,1509.27,50.7,66.11,19.88,2,1759.71,1410.94
2023-03-13,1564.51,1588.99,1589.71,1564.51,29.19,1.87,4231.75,1622.91,1567.7,1512.48,48.1,60.11,24.08,2,1764.67,1414.92
2023-03-14,1587.28,1580.13,1594.67,1570.74,-8.85,-0.56,4365.06,1623.84,1569.52,1515.19,41.68,53.97,17.12,2,1766.99,1416.78
2023-03-15,1587.78,1599.65,1604.95,1577.7,19.52,1.23,4298.94,1626.37,1572.63,1518.88,46.52,51.48,36.58,2,1768.43,1417.93
2023-03-16,1590.14,1579.84,1599.2,1577.91,-19.81,-1.24,4274.18,1624.83,1575.26,1525.69,40.5,47.82,25.85,2,1766.26,1416.19
2023-03-17,1588.44,1599.29,1615.68,1588.36,19.45,1.23,4998.38,1621.51,1579.5,1537.49,45.56,47.07,42.54,2,1764.28,1414.6
2023-03-20,1600.14,1580.16,1616.76,1577.89,-19.13,-1.2,5647.88,1621.43,1580.61,1539.8,42.39,45.51,36.16,2,1761.31,1412.22
2023-03-21,1582.86,1579.38,1588.87,1573.09,-0.78,-0.05,3951.49,1621.61,1581.14,1540.68,39.83,43.62,32.26,2,1759.34,1410.64
2023-03-22,1582.24,1580.89,1590.85,1574.92,1.51,0.09,3091.63,1621.52,1582.15,1542.78,39.0,42.08,32.85,2,1757.76,1409.38
2023-03-23,1577.04,1597.19,1597.32,1572.68,16.3,1.03,3556.3,1622.22,1584.19,1546.15,46.85,43.67,53.21,2,1758.83,1410.23
2023-03-24,1594.83,1580.53,1594.83,1578.69,-16.66,-1.04,3838.87,1619.57,1585.96,1552.36,38.32,41.89,31.2,2,1761.13,1412.08
2023-03-27,1581.3,1569.9,1581.3,1559.77,-10.63,-0.67,3712.79,1616.0,1587.25,1558.5,31.47,38.42,17.59,2,1759.01,1410.38
2023-03-28,1574.02,1571.29,1580.1,1568.8,1.38,0.09,2811.53,1614.66,1587.85,1561.04,27.72,34.85,13.46,2,1758.03,1409.59
2023-03-29,1573.61,1560.76,1574.41,1557.22,-10.52,-0.67,3106.95,1615.85,1586.55,1557.25,20.46,30.06,1.28,2,1753.71,1406.13
2023-03-30,1560.72,1574.72,1575.7,1550.41,13.96,0.89,3148.54,1614.43,1585.32,1556.2,25.85,28.66,20.25,2,1753.15,1405.68
2023-03-31,1574.45,1573.93,1578.35,1570.19,-0.79,-0.05,3090.88,1608.69,1583.16,1557.62,33.95,30.42,41.01,2,1750.33,1403.42
2023-04-03,1574.42,1585.84,1588.13,1572.27,11.91,0.76,3726.06,1605.26,1582.1,1558.94,47.81,36.22,70.99,2,1750.96,1403.92
2023-04-04,1585.03,1610.55,1610.55,1583.13,24.71,1.56,4794.92,1608.29,1582.77,1557.26,65.21,45.88,103.86,2,1754.42,1406.7
2023-04-06,1606.61,1606.61,1608.87,1598.81,-3.94,-0.24,3178.09,1610.43,1583.35,1556.27,74.62,55.46,112.94,2,1757.28,1408.99
2023-04-07,1606.2,1608.18,1611.96,1602.38,1.57,0.1,2550.75,1613.51,1584.38,1555.25,81.03,63.98,115.13,2,1758.5,1409.97
2023-04-10,1610.59,1615.09,1623.34,1606.42,6.91,0.43,3257.31,1616.91,1587.15,1557.39,83.58,70.52,109.72,2,1762.33,1413.04
2023-04-11,1614.14,1618.13,1618.13,1606.38,3.04,0.19,3299.38,1621.29,1588.6,1555.91,86.68,75.9,108.22,2,1767.69,1417.33
2023-04-12,1619.36,1629.5,1631.73,1614.18,11.37,0.7,4044.08,1628.01,1591.07,1554.14,90.2,80.67,109.27,2,1774.15,1422.51
2023-04-13,1624.66,1623.73,1630.72,1617.64,-5.77,-0.35,3222.58,1631.74,1592.28,1552.82,89.14,83.49,100.42,0,1781.14,1428.12
2023-04-14,1627.21,1634.96,1639.12,1623.46,11.23,0.69,3427.22,1638.16,1595.03,1551.9,90.68,85.89,100.27,0,1787.82,1433.48
2023-04-17,1634.85,1664.27,1665.63,1634.1,29.32,1.79,4771.78,1650.94,1598.28,1545.62,93.24,88.34,103.04,0,1797.85,1441.52
2023-04-18,1661.2,1668.13,1671.19,1655.27,3.86,0.23,4088.86,1662.73,1602.68,1542.63,94.08,90.25,101.74,0,1806.99,1448.84
2023-04-19,1668.18,1658.66,1673.26,1654.66,-9.47,-0.57,4457.71,1670.37,1606.64,1542.92,89.19,89.9,87.77,0,1812.33,1453.13
2023-04-20,1657.2,1665.44,1665.44,1645.97,6.77,0.41,4056.13,1678.31,1610.87,1543.43,88.9,89.56,87.56,0,1818.86,1458.36
2023-04-21,1662.54,1629.27,1669.61,1629.27,-36.16,-2.17,4095.21,1680.07,1612.47,1544.88,70.67,83.27,45.48,2,1821.2,1460.24
